query_id,strategy,estimated_selectivity,bucket,latency_ms,recall_at_10
2,SQL_FIRST,0.51166,"[0.50,1.00)",9832.926375,1.0
2,VECTOR_FIRST_HNSW,0.51166,"[0.50,1.00)",13084.716041,1.0
2,HNSW_HYBRID,0.51166,"[0.50,1.00)",1201.477083,1.0
2,IVFFLAT_HYBRID,0.51166,"[0.50,1.00)",2012.402625,1.0
4,SQL_FIRST,0.832175,"[0.50,1.00)",2117.512334,1.0
4,VECTOR_FIRST_HNSW,0.832175,"[0.50,1.00)",1523.752375,1.0
4,HNSW_HYBRID,0.832175,"[0.50,1.00)",1431.726,1.0
4,IVFFLAT_HYBRID,0.832175,"[0.50,1.00)",1227.722792,1.0
5,SQL_FIRST,0.520545,"[0.50,1.00)",384.612833,1.0
5,VECTOR_FIRST_HNSW,0.520545,"[0.50,1.00)",368.03625,1.0
5,HNSW_HYBRID,0.520545,"[0.50,1.00)",321.594709,1.0
5,IVFFLAT_HYBRID,0.520545,"[0.50,1.00)",314.552709,1.0
11,SQL_FIRST,0.936644,"[0.50,1.00)",349.13175,1.0
11,VECTOR_FIRST_HNSW,0.936644,"[0.50,1.00)",325.495916,1.0
11,HNSW_HYBRID,0.936644,"[0.50,1.00)",331.227584,1.0
11,IVFFLAT_HYBRID,0.936644,"[0.50,1.00)",338.460625,1.0
14,SQL_FIRST,0.524567,"[0.50,1.00)",305.756375,1.0
14,VECTOR_FIRST_HNSW,0.524567,"[0.50,1.00)",318.0435,1.0
14,HNSW_HYBRID,0.524567,"[0.50,1.00)",310.62475,1.0
14,IVFFLAT_HYBRID,0.524567,"[0.50,1.00)",288.931584,1.0
15,SQL_FIRST,0.929442,"[0.50,1.00)",358.172167,1.0
15,VECTOR_FIRST_HNSW,0.929442,"[0.50,1.00)",349.7405,1.0
15,HNSW_HYBRID,0.929442,"[0.50,1.00)",320.775042,1.0
15,IVFFLAT_HYBRID,0.929442,"[0.50,1.00)",319.277542,1.0
17,SQL_FIRST,0.823294,"[0.50,1.00)",336.999417,1.0
17,VECTOR_FIRST_HNSW,0.823294,"[0.50,1.00)",304.60325,1.0
17,HNSW_HYBRID,0.823294,"[0.50,1.00)",312.999,1.0
17,IVFFLAT_HYBRID,0.823294,"[0.50,1.00)",369.60175,1.0
19,SQL_FIRST,0.525678,"[0.50,1.00)",357.481167,1.0
19,VECTOR_FIRST_HNSW,0.525678,"[0.50,1.00)",301.230417,1.0
19,HNSW_HYBRID,0.525678,"[0.50,1.00)",284.555667,1.0
19,IVFFLAT_HYBRID,0.525678,"[0.50,1.00)",311.522083,1.0
22,SQL_FIRST,0.847637,"[0.50,1.00)",402.5495,1.0
22,VECTOR_FIRST_HNSW,0.847637,"[0.50,1.00)",332.056666,1.0
22,HNSW_HYBRID,0.847637,"[0.50,1.00)",346.502167,1.0
22,IVFFLAT_HYBRID,0.847637,"[0.50,1.00)",324.934167,1.0
23,SQL_FIRST,0.001237,"[0.00,0.05)",336.287875,1.0
23,VECTOR_FIRST_HNSW,0.001237,"[0.00,0.05)",376.222416,0.0
23,HNSW_HYBRID,0.001237,"[0.00,0.05)",9.749459,1.0
23,IVFFLAT_HYBRID,0.001237,"[0.00,0.05)",9.974833,1.0
25,SQL_FIRST,0.514917,"[0.50,1.00)",332.767083,1.0
25,VECTOR_FIRST_HNSW,0.514917,"[0.50,1.00)",336.965208,1.0
25,HNSW_HYBRID,0.514917,"[0.50,1.00)",327.24425,1.0
25,IVFFLAT_HYBRID,0.514917,"[0.50,1.00)",304.824917,1.0
26,SQL_FIRST,0.975599,"[0.50,1.00)",327.650833,1.0
26,VECTOR_FIRST_HNSW,0.975599,"[0.50,1.00)",341.651917,1.0
26,HNSW_HYBRID,0.975599,"[0.50,1.00)",363.547292,1.0
26,IVFFLAT_HYBRID,0.975599,"[0.50,1.00)",331.465875,1.0
27,SQL_FIRST,0.512162,"[0.50,1.00)",299.515583,1.0
27,VECTOR_FIRST_HNSW,0.512162,"[0.50,1.00)",339.324458,1.0
27,HNSW_HYBRID,0.512162,"[0.50,1.00)",309.458708,1.0
27,IVFFLAT_HYBRID,0.512162,"[0.50,1.00)",299.74675,1.0
28,SQL_FIRST,0.833346,"[0.50,1.00)",324.29275,1.0
28,VECTOR_FIRST_HNSW,0.833346,"[0.50,1.00)",324.394125,1.0
28,HNSW_HYBRID,0.833346,"[0.50,1.00)",317.99625,1.0
28,IVFFLAT_HYBRID,0.833346,"[0.50,1.00)",314.342708,1.0
30,SQL_FIRST,0.880089,"[0.50,1.00)",344.387583,1.0
30,VECTOR_FIRST_HNSW,0.880089,"[0.50,1.00)",310.626541,1.0
30,HNSW_HYBRID,0.880089,"[0.50,1.00)",318.410041,1.0
30,IVFFLAT_HYBRID,0.880089,"[0.50,1.00)",326.20575,1.0
31,SQL_FIRST,0.999389,"[0.50,1.00)",325.157584,1.0
31,VECTOR_FIRST_HNSW,0.999389,"[0.50,1.00)",360.696667,1.0
31,HNSW_HYBRID,0.999389,"[0.50,1.00)",452.471083,1.0
31,IVFFLAT_HYBRID,0.999389,"[0.50,1.00)",377.40175,1.0
33,SQL_FIRST,0.010885,"[0.00,0.05)",2127.903166,1.0
33,VECTOR_FIRST_HNSW,0.010885,"[0.00,0.05)",592.3835,0.0
33,HNSW_HYBRID,0.010885,"[0.00,0.05)",1133.186625,1.0
33,IVFFLAT_HYBRID,0.010885,"[0.00,0.05)",2472.288417,1.0
34,SQL_FIRST,0.52878,"[0.50,1.00)",714.579333,1.0
34,VECTOR_FIRST_HNSW,0.52878,"[0.50,1.00)",823.781875,1.0
34,HNSW_HYBRID,0.52878,"[0.50,1.00)",613.326875,1.0
34,IVFFLAT_HYBRID,0.52878,"[0.50,1.00)",610.408,1.0
35,SQL_FIRST,0.886573,"[0.50,1.00)",712.351625,1.0
35,VECTOR_FIRST_HNSW,0.886573,"[0.50,1.00)",631.469792,1.0
35,HNSW_HYBRID,0.886573,"[0.50,1.00)",575.095375,1.0
35,IVFFLAT_HYBRID,0.886573,"[0.50,1.00)",666.978792,1.0
37,SQL_FIRST,0.516118,"[0.50,1.00)",673.7755,1.0
37,VECTOR_FIRST_HNSW,0.516118,"[0.50,1.00)",559.321416,1.0
37,HNSW_HYBRID,0.516118,"[0.50,1.00)",543.248625,1.0
37,IVFFLAT_HYBRID,0.516118,"[0.50,1.00)",537.13225,1.0
40,SQL_FIRST,0.001027,"[0.00,0.05)",375.4565,1.0
40,VECTOR_FIRST_HNSW,0.001027,"[0.00,0.05)",591.875834,0.0
40,HNSW_HYBRID,0.001027,"[0.00,0.05)",9.745042,1.0
40,IVFFLAT_HYBRID,0.001027,"[0.00,0.05)",8.847709,1.0
42,SQL_FIRST,0.859198,"[0.50,1.00)",552.38375,1.0
42,VECTOR_FIRST_HNSW,0.859198,"[0.50,1.00)",698.15375,1.0
42,HNSW_HYBRID,0.859198,"[0.50,1.00)",2154.94975,1.0
42,IVFFLAT_HYBRID,0.859198,"[0.50,1.00)",948.768667,1.0
48,SQL_FIRST,0.95472,"[0.50,1.00)",856.301458,1.0
48,VECTOR_FIRST_HNSW,0.95472,"[0.50,1.00)",739.166916,1.0
48,HNSW_HYBRID,0.95472,"[0.50,1.00)",644.269084,1.0
48,IVFFLAT_HYBRID,0.95472,"[0.50,1.00)",590.367625,1.0
49,SQL_FIRST,0.834525,"[0.50,1.00)",683.12775,1.0
49,VECTOR_FIRST_HNSW,0.834525,"[0.50,1.00)",615.938292,1.0
49,HNSW_HYBRID,0.834525,"[0.50,1.00)",624.217458,1.0
49,IVFFLAT_HYBRID,0.834525,"[0.50,1.00)",570.545583,1.0
51,SQL_FIRST,0.967903,"[0.50,1.00)",735.318375,1.0
51,VECTOR_FIRST_HNSW,0.967903,"[0.50,1.00)",676.240709,1.0
51,HNSW_HYBRID,0.967903,"[0.50,1.00)",531.3265,1.0
51,IVFFLAT_HYBRID,0.967903,"[0.50,1.00)",545.328791,1.0
53,SQL_FIRST,0.527482,"[0.50,1.00)",513.418042,1.0
53,VECTOR_FIRST_HNSW,0.527482,"[0.50,1.00)",529.735208,1.0
53,HNSW_HYBRID,0.527482,"[0.50,1.00)",488.277333,1.0
53,IVFFLAT_HYBRID,0.527482,"[0.50,1.00)",563.915416,1.0
54,SQL_FIRST,0.002166,"[0.00,0.05)",358.043125,1.0
54,VECTOR_FIRST_HNSW,0.002166,"[0.00,0.05)",538.1345,0.0
54,HNSW_HYBRID,0.002166,"[0.00,0.05)",22.011042,1.0
54,IVFFLAT_HYBRID,0.002166,"[0.00,0.05)",21.829459,1.0
57,SQL_FIRST,0.519595,"[0.50,1.00)",473.089,1.0
57,VECTOR_FIRST_HNSW,0.519595,"[0.50,1.00)",499.672667,1.0
57,HNSW_HYBRID,0.519595,"[0.50,1.00)",544.409667,1.0
57,IVFFLAT_HYBRID,0.519595,"[0.50,1.00)",451.046459,1.0
60,SQL_FIRST,0.983528,"[0.50,1.00)",575.506833,1.0
60,VECTOR_FIRST_HNSW,0.983528,"[0.50,1.00)",479.000166,1.0
60,HNSW_HYBRID,0.983528,"[0.50,1.00)",496.566459,1.0
60,IVFFLAT_HYBRID,0.983528,"[0.50,1.00)",745.008417,1.0
62,SQL_FIRST,0.005127,"[0.00,0.05)",462.540083,1.0
62,VECTOR_FIRST_HNSW,0.005127,"[0.00,0.05)",499.584375,0.0
62,HNSW_HYBRID,0.005127,"[0.00,0.05)",34.822833,1.0
62,IVFFLAT_HYBRID,0.005127,"[0.00,0.05)",29.138208,1.0
63,SQL_FIRST,0.519862,"[0.50,1.00)",637.718875,1.0
63,VECTOR_FIRST_HNSW,0.519862,"[0.50,1.00)",497.489166,1.0
63,HNSW_HYBRID,0.519862,"[0.50,1.00)",624.819166,1.0
63,IVFFLAT_HYBRID,0.519862,"[0.50,1.00)",448.400833,1.0
65,SQL_FIRST,0.975149,"[0.50,1.00)",536.547042,1.0
65,VECTOR_FIRST_HNSW,0.975149,"[0.50,1.00)",440.108959,1.0
65,HNSW_HYBRID,0.975149,"[0.50,1.00)",561.76025,1.0
65,IVFFLAT_HYBRID,0.975149,"[0.50,1.00)",754.389875,1.0
66,SQL_FIRST,0.524718,"[0.50,1.00)",551.708667,1.0
66,VECTOR_FIRST_HNSW,0.524718,"[0.50,1.00)",731.925666,1.0
66,HNSW_HYBRID,0.524718,"[0.50,1.00)",522.369916,1.0
66,IVFFLAT_HYBRID,0.524718,"[0.50,1.00)",469.266125,1.0
67,SQL_FIRST,0.00051,"[0.00,0.05)",33.180917,1.0
67,VECTOR_FIRST_HNSW,0.00051,"[0.00,0.05)",589.044875,0.0
67,HNSW_HYBRID,0.00051,"[0.00,0.05)",9.587792,1.0
67,IVFFLAT_HYBRID,0.00051,"[0.00,0.05)",6.667833,1.0
69,SQL_FIRST,0.894506,"[0.50,1.00)",463.296375,1.0
69,VECTOR_FIRST_HNSW,0.894506,"[0.50,1.00)",572.66475,1.0
69,HNSW_HYBRID,0.894506,"[0.50,1.00)",487.35625,1.0
69,IVFFLAT_HYBRID,0.894506,"[0.50,1.00)",700.313708,1.0
71,SQL_FIRST,0.005816,"[0.00,0.05)",363.657208,1.0
71,VECTOR_FIRST_HNSW,0.005816,"[0.00,0.05)",604.653958,0.0
71,HNSW_HYBRID,0.005816,"[0.00,0.05)",34.672792,1.0
71,IVFFLAT_HYBRID,0.005816,"[0.00,0.05)",31.307458,1.0
72,SQL_FIRST,0.52159,"[0.50,1.00)",513.504916,1.0
72,VECTOR_FIRST_HNSW,0.52159,"[0.50,1.00)",552.827875,1.0
72,HNSW_HYBRID,0.52159,"[0.50,1.00)",406.635542,1.0
72,IVFFLAT_HYBRID,0.52159,"[0.50,1.00)",1232.225291,1.0
73,SQL_FIRST,0.912331,"[0.50,1.00)",477.005625,1.0
73,VECTOR_FIRST_HNSW,0.912331,"[0.50,1.00)",452.691542,1.0
73,HNSW_HYBRID,0.912331,"[0.50,1.00)",557.905041,1.0
73,IVFFLAT_HYBRID,0.912331,"[0.50,1.00)",483.567583,1.0
74,SQL_FIRST,0.011627,"[0.00,0.05)",1135.946959,1.0
74,VECTOR_FIRST_HNSW,0.011627,"[0.00,0.05)",979.823958,0.1
74,HNSW_HYBRID,0.011627,"[0.00,0.05)",1657.60075,1.0
74,IVFFLAT_HYBRID,0.011627,"[0.00,0.05)",3436.428291,1.0
75,SQL_FIRST,0.008366,"[0.00,0.05)",2358.248625,1.0
75,VECTOR_FIRST_HNSW,0.008366,"[0.00,0.05)",817.20825,0.1
75,HNSW_HYBRID,0.008366,"[0.00,0.05)",1840.604459,1.0
75,IVFFLAT_HYBRID,0.008366,"[0.00,0.05)",2033.841958,1.0
77,SQL_FIRST,0.828727,"[0.50,1.00)",795.481875,1.0
77,VECTOR_FIRST_HNSW,0.828727,"[0.50,1.00)",931.696791,1.0
77,HNSW_HYBRID,0.828727,"[0.50,1.00)",631.731625,1.0
77,IVFFLAT_HYBRID,0.828727,"[0.50,1.00)",620.469917,1.0
80,SQL_FIRST,0.519894,"[0.50,1.00)",670.408917,1.0
80,VECTOR_FIRST_HNSW,0.519894,"[0.50,1.00)",1503.883625,1.0
80,HNSW_HYBRID,0.519894,"[0.50,1.00)",704.749625,1.0
80,IVFFLAT_HYBRID,0.519894,"[0.50,1.00)",740.841125,1.0
82,SQL_FIRST,0.009991,"[0.00,0.05)",1664.984583,1.0
82,VECTOR_FIRST_HNSW,0.009991,"[0.00,0.05)",617.066,0.1
82,HNSW_HYBRID,0.009991,"[0.00,0.05)",1465.051125,1.0
82,IVFFLAT_HYBRID,0.009991,"[0.00,0.05)",1738.089667,1.0
85,SQL_FIRST,0.946149,"[0.50,1.00)",1024.5235,1.0
85,VECTOR_FIRST_HNSW,0.946149,"[0.50,1.00)",635.734458,1.0
85,HNSW_HYBRID,0.946149,"[0.50,1.00)",616.499375,1.0
85,IVFFLAT_HYBRID,0.946149,"[0.50,1.00)",620.171583,1.0
87,SQL_FIRST,0.524534,"[0.50,1.00)",598.727959,1.0
87,VECTOR_FIRST_HNSW,0.524534,"[0.50,1.00)",610.510167,1.0
87,HNSW_HYBRID,0.524534,"[0.50,1.00)",553.451041,1.0
87,IVFFLAT_HYBRID,0.524534,"[0.50,1.00)",723.39025,1.0
89,SQL_FIRST,0.011644,"[0.00,0.05)",1981.323333,1.0
89,VECTOR_FIRST_HNSW,0.011644,"[0.00,0.05)",702.568166,0.1
89,HNSW_HYBRID,0.011644,"[0.00,0.05)",1803.045958,1.0
89,IVFFLAT_HYBRID,0.011644,"[0.00,0.05)",1738.193125,1.0
91,SQL_FIRST,0.846858,"[0.50,1.00)",882.887291,1.0
91,VECTOR_FIRST_HNSW,0.846858,"[0.50,1.00)",651.581042,1.0
91,HNSW_HYBRID,0.846858,"[0.50,1.00)",787.508458,1.0
91,IVFFLAT_HYBRID,0.846858,"[0.50,1.00)",640.705041,1.0
92,SQL_FIRST,0.897691,"[0.50,1.00)",952.72025,1.0
92,VECTOR_FIRST_HNSW,0.897691,"[0.50,1.00)",873.270041,1.0
92,HNSW_HYBRID,0.897691,"[0.50,1.00)",993.759375,1.0
92,IVFFLAT_HYBRID,0.897691,"[0.50,1.00)",762.452916,1.0
99,SQL_FIRST,0.513596,"[0.50,1.00)",755.709917,1.0
99,VECTOR_FIRST_HNSW,0.513596,"[0.50,1.00)",843.142083,1.0
99,HNSW_HYBRID,0.513596,"[0.50,1.00)",608.941334,1.0
99,IVFFLAT_HYBRID,0.513596,"[0.50,1.00)",666.08425,1.0
102,SQL_FIRST,0.523155,"[0.50,1.00)",605.659583,1.0
102,VECTOR_FIRST_HNSW,0.523155,"[0.50,1.00)",673.978542,1.0
102,HNSW_HYBRID,0.523155,"[0.50,1.00)",671.708084,1.0
102,IVFFLAT_HYBRID,0.523155,"[0.50,1.00)",620.5095,1.0
103,SQL_FIRST,0.001937,"[0.00,0.05)",235.435875,1.0
103,VECTOR_FIRST_HNSW,0.001937,"[0.00,0.05)",939.532208,0.0
103,HNSW_HYBRID,0.001937,"[0.00,0.05)",30.21925,1.0
103,IVFFLAT_HYBRID,0.001937,"[0.00,0.05)",22.083958,1.0
104,SQL_FIRST,0.008468,"[0.00,0.05)",1391.799208,1.0
104,VECTOR_FIRST_HNSW,0.008468,"[0.00,0.05)",1883.144167,0.0
104,HNSW_HYBRID,0.008468,"[0.00,0.05)",3601.373959,1.0
104,IVFFLAT_HYBRID,0.008468,"[0.00,0.05)",1941.911125,1.0
113,SQL_FIRST,0.007839,"[0.00,0.05)",1029.797166,1.0
113,VECTOR_FIRST_HNSW,0.007839,"[0.00,0.05)",1362.055333,0.1
113,HNSW_HYBRID,0.007839,"[0.00,0.05)",50.779583,1.0
113,IVFFLAT_HYBRID,0.007839,"[0.00,0.05)",35.034542,1.0
115,SQL_FIRST,0.87689,"[0.50,1.00)",1290.401583,1.0
115,VECTOR_FIRST_HNSW,0.87689,"[0.50,1.00)",1660.923041,1.0
115,HNSW_HYBRID,0.87689,"[0.50,1.00)",773.690875,1.0
115,IVFFLAT_HYBRID,0.87689,"[0.50,1.00)",740.131875,1.0
117,SQL_FIRST,0.858555,"[0.50,1.00)",832.255875,1.0
117,VECTOR_FIRST_HNSW,0.858555,"[0.50,1.00)",682.825458,1.0
117,HNSW_HYBRID,0.858555,"[0.50,1.00)",716.096875,1.0
117,IVFFLAT_HYBRID,0.858555,"[0.50,1.00)",724.17625,1.0
118,SQL_FIRST,0.920144,"[0.50,1.00)",729.735291,1.0
118,VECTOR_FIRST_HNSW,0.920144,"[0.50,1.00)",803.120667,1.0
118,HNSW_HYBRID,0.920144,"[0.50,1.00)",669.072041,1.0
118,IVFFLAT_HYBRID,0.920144,"[0.50,1.00)",792.58675,1.0
120,SQL_FIRST,0.821235,"[0.50,1.00)",1020.147833,1.0
120,VECTOR_FIRST_HNSW,0.821235,"[0.50,1.00)",700.262625,1.0
120,HNSW_HYBRID,0.821235,"[0.50,1.00)",593.133708,1.0
120,IVFFLAT_HYBRID,0.821235,"[0.50,1.00)",691.550375,1.0
122,SQL_FIRST,0.928624,"[0.50,1.00)",707.253541,1.0
122,VECTOR_FIRST_HNSW,0.928624,"[0.50,1.00)",1019.907,1.0
122,HNSW_HYBRID,0.928624,"[0.50,1.00)",641.853375,1.0
122,IVFFLAT_HYBRID,0.928624,"[0.50,1.00)",582.02075,1.0
123,SQL_FIRST,0.826222,"[0.50,1.00)",628.544084,1.0
123,VECTOR_FIRST_HNSW,0.826222,"[0.50,1.00)",1270.123167,1.0
123,HNSW_HYBRID,0.826222,"[0.50,1.00)",590.611041,1.0
123,IVFFLAT_HYBRID,0.826222,"[0.50,1.00)",570.643875,1.0
125,SQL_FIRST,0.921406,"[0.50,1.00)",539.375709,1.0
125,VECTOR_FIRST_HNSW,0.921406,"[0.50,1.00)",619.163958,1.0
125,HNSW_HYBRID,0.921406,"[0.50,1.00)",586.217334,1.0
125,IVFFLAT_HYBRID,0.921406,"[0.50,1.00)",594.650625,1.0
126,SQL_FIRST,0.840835,"[0.50,1.00)",897.889375,1.0
126,VECTOR_FIRST_HNSW,0.840835,"[0.50,1.00)",849.457834,1.0
126,HNSW_HYBRID,0.840835,"[0.50,1.00)",859.238042,1.0
126,IVFFLAT_HYBRID,0.840835,"[0.50,1.00)",746.981666,1.0
127,SQL_FIRST,0.010175,"[0.00,0.05)",1821.95675,1.0
127,VECTOR_FIRST_HNSW,0.010175,"[0.00,0.05)",740.985666,0.1
127,HNSW_HYBRID,0.010175,"[0.00,0.05)",1577.460125,1.0
127,IVFFLAT_HYBRID,0.010175,"[0.00,0.05)",1500.078875,1.0
132,SQL_FIRST,0.883031,"[0.50,1.00)",685.625416,1.0
132,VECTOR_FIRST_HNSW,0.883031,"[0.50,1.00)",584.496167,1.0
132,HNSW_HYBRID,0.883031,"[0.50,1.00)",1811.603625,1.0
132,IVFFLAT_HYBRID,0.883031,"[0.50,1.00)",550.3685,1.0
135,SQL_FIRST,0.521737,"[0.50,1.00)",626.158334,1.0
135,VECTOR_FIRST_HNSW,0.521737,"[0.50,1.00)",605.642375,1.0
135,HNSW_HYBRID,0.521737,"[0.50,1.00)",657.874084,1.0
135,IVFFLAT_HYBRID,0.521737,"[0.50,1.00)",592.122583,1.0
140,SQL_FIRST,0.515098,"[0.50,1.00)",539.866458,1.0
140,VECTOR_FIRST_HNSW,0.515098,"[0.50,1.00)",555.097958,1.0
140,HNSW_HYBRID,0.515098,"[0.50,1.00)",517.245541,1.0
140,IVFFLAT_HYBRID,0.515098,"[0.50,1.00)",565.46475,1.0
141,SQL_FIRST,0.885257,"[0.50,1.00)",533.185417,1.0
141,VECTOR_FIRST_HNSW,0.885257,"[0.50,1.00)",537.624958,1.0
141,HNSW_HYBRID,0.885257,"[0.50,1.00)",549.968584,1.0
141,IVFFLAT_HYBRID,0.885257,"[0.50,1.00)",794.130167,1.0
143,SQL_FIRST,0.007852,"[0.00,0.05)",723.043791,1.0
143,VECTOR_FIRST_HNSW,0.007852,"[0.00,0.05)",808.321333,0.0
143,HNSW_HYBRID,0.007852,"[0.00,0.05)",46.157041,1.0
143,IVFFLAT_HYBRID,0.007852,"[0.00,0.05)",46.111125,1.0
144,SQL_FIRST,0.001433,"[0.00,0.05)",194.158583,1.0
144,VECTOR_FIRST_HNSW,0.001433,"[0.00,0.05)",718.40175,0.0
144,HNSW_HYBRID,0.001433,"[0.00,0.05)",13.585708,1.0
144,IVFFLAT_HYBRID,0.001433,"[0.00,0.05)",11.013167,1.0
145,SQL_FIRST,0.003594,"[0.00,0.05)",308.623,1.0
145,VECTOR_FIRST_HNSW,0.003594,"[0.00,0.05)",773.726167,0.1
145,HNSW_HYBRID,0.003594,"[0.00,0.05)",31.083291,1.0
145,IVFFLAT_HYBRID,0.003594,"[0.00,0.05)",30.8045,1.0
147,SQL_FIRST,0.521731,"[0.50,1.00)",570.28275,1.0
147,VECTOR_FIRST_HNSW,0.521731,"[0.50,1.00)",575.372916,1.0
147,HNSW_HYBRID,0.521731,"[0.50,1.00)",593.8415,1.0
147,IVFFLAT_HYBRID,0.521731,"[0.50,1.00)",638.506333,1.0
148,SQL_FIRST,0.989071,"[0.50,1.00)",606.279959,1.0
148,VECTOR_FIRST_HNSW,0.989071,"[0.50,1.00)",561.545542,1.0
148,HNSW_HYBRID,0.989071,"[0.50,1.00)",1020.6695,1.0
148,IVFFLAT_HYBRID,0.989071,"[0.50,1.00)",567.531834,1.0
152,SQL_FIRST,0.517099,"[0.50,1.00)",580.267042,1.0
152,VECTOR_FIRST_HNSW,0.517099,"[0.50,1.00)",500.198958,1.0
152,HNSW_HYBRID,0.517099,"[0.50,1.00)",527.119541,1.0
152,IVFFLAT_HYBRID,0.517099,"[0.50,1.00)",674.437167,1.0
158,SQL_FIRST,0.962149,"[0.50,1.00)",776.758792,1.0
158,VECTOR_FIRST_HNSW,0.962149,"[0.50,1.00)",977.70525,1.0
158,HNSW_HYBRID,0.962149,"[0.50,1.00)",651.261959,1.0
158,IVFFLAT_HYBRID,0.962149,"[0.50,1.00)",625.509417,1.0
159,SQL_FIRST,0.948064,"[0.50,1.00)",584.391708,1.0
159,VECTOR_FIRST_HNSW,0.948064,"[0.50,1.00)",591.400125,1.0
159,HNSW_HYBRID,0.948064,"[0.50,1.00)",605.194166,1.0
159,IVFFLAT_HYBRID,0.948064,"[0.50,1.00)",611.062042,1.0
160,SQL_FIRST,0.527572,"[0.50,1.00)",585.687125,1.0
160,VECTOR_FIRST_HNSW,0.527572,"[0.50,1.00)",553.038583,1.0
160,HNSW_HYBRID,0.527572,"[0.50,1.00)",585.548459,1.0
160,IVFFLAT_HYBRID,0.527572,"[0.50,1.00)",619.4945,1.0
163,SQL_FIRST,0.848975,"[0.50,1.00)",592.074084,1.0
163,VECTOR_FIRST_HNSW,0.848975,"[0.50,1.00)",648.585375,1.0
163,HNSW_HYBRID,0.848975,"[0.50,1.00)",578.219291,1.0
163,IVFFLAT_HYBRID,0.848975,"[0.50,1.00)",858.174625,1.0
166,SQL_FIRST,0.51952,"[0.50,1.00)",514.9055,1.0
166,VECTOR_FIRST_HNSW,0.51952,"[0.50,1.00)",814.193291,1.0
166,HNSW_HYBRID,0.51952,"[0.50,1.00)",703.404291,1.0
166,IVFFLAT_HYBRID,0.51952,"[0.50,1.00)",670.416625,1.0
168,SQL_FIRST,0.52184,"[0.50,1.00)",4434.283875,1.0
168,VECTOR_FIRST_HNSW,0.52184,"[0.50,1.00)",1880.986875,1.0
168,HNSW_HYBRID,0.52184,"[0.50,1.00)",891.189083,1.0
168,IVFFLAT_HYBRID,0.52184,"[0.50,1.00)",616.832541,1.0
172,SQL_FIRST,0.008892,"[0.00,0.05)",2277.20475,1.0
172,VECTOR_FIRST_HNSW,0.008892,"[0.00,0.05)",617.256041,0.0
172,HNSW_HYBRID,0.008892,"[0.00,0.05)",125.0595,1.0
172,IVFFLAT_HYBRID,0.008892,"[0.00,0.05)",103.129209,1.0
174,SQL_FIRST,0.984608,"[0.50,1.00)",135.351,1.0
174,VECTOR_FIRST_HNSW,0.984608,"[0.50,1.00)",268.78475,1.0
174,HNSW_HYBRID,0.984608,"[0.50,1.00)",169.61175,1.0
174,IVFFLAT_HYBRID,0.984608,"[0.50,1.00)",243.457333,1.0
176,SQL_FIRST,0.51578,"[0.50,1.00)",125.265459,1.0
176,VECTOR_FIRST_HNSW,0.51578,"[0.50,1.00)",279.19075,1.0
176,HNSW_HYBRID,0.51578,"[0.50,1.00)",191.204625,1.0
176,IVFFLAT_HYBRID,0.51578,"[0.50,1.00)",159.839333,1.0
177,SQL_FIRST,0.521084,"[0.50,1.00)",2971.696167,1.0
177,VECTOR_FIRST_HNSW,0.521084,"[0.50,1.00)",1794.643875,1.0
177,HNSW_HYBRID,0.521084,"[0.50,1.00)",810.267,1.0
177,IVFFLAT_HYBRID,0.521084,"[0.50,1.00)",607.186125,1.0
180,SQL_FIRST,0.006054,"[0.00,0.05)",1020.108084,1.0
180,VECTOR_FIRST_HNSW,0.006054,"[0.00,0.05)",674.7695,0.1
180,HNSW_HYBRID,0.006054,"[0.00,0.05)",36.11125,1.0
180,IVFFLAT_HYBRID,0.006054,"[0.00,0.05)",28.729584,1.0
181,SQL_FIRST,0.007522,"[0.00,0.05)",605.091125,1.0
181,VECTOR_FIRST_HNSW,0.007522,"[0.00,0.05)",1135.148917,0.0
181,HNSW_HYBRID,0.007522,"[0.00,0.05)",5263.308708,1.0
181,IVFFLAT_HYBRID,0.007522,"[0.00,0.05)",75.886334,1.0
184,SQL_FIRST,0.948919,"[0.50,1.00)",3437.473917,1.0
184,VECTOR_FIRST_HNSW,0.948919,"[0.50,1.00)",1600.905667,1.0
184,HNSW_HYBRID,0.948919,"[0.50,1.00)",976.743541,1.0
184,IVFFLAT_HYBRID,0.948919,"[0.50,1.00)",1060.263,1.0
185,SQL_FIRST,0.971863,"[0.50,1.00)",1271.436083,1.0
185,VECTOR_FIRST_HNSW,0.971863,"[0.50,1.00)",3006.428792,1.0
185,HNSW_HYBRID,0.971863,"[0.50,1.00)",1442.253167,1.0
185,IVFFLAT_HYBRID,0.971863,"[0.50,1.00)",1350.460541,1.0
190,SQL_FIRST,0.528148,"[0.50,1.00)",1222.390667,1.0
190,VECTOR_FIRST_HNSW,0.528148,"[0.50,1.00)",1126.109041,1.0
190,HNSW_HYBRID,0.528148,"[0.50,1.00)",2700.849958,1.0
190,IVFFLAT_HYBRID,0.528148,"[0.50,1.00)",4950.443167,1.0
191,SQL_FIRST,0.012098,"[0.00,0.05)",4703.1795,1.0
191,VECTOR_FIRST_HNSW,0.012098,"[0.00,0.05)",1105.186667,0.2
191,HNSW_HYBRID,0.012098,"[0.00,0.05)",4085.486375,1.0
191,IVFFLAT_HYBRID,0.012098,"[0.00,0.05)",3154.303375,1.0
192,SQL_FIRST,0.008969,"[0.00,0.05)",2950.053625,1.0
192,VECTOR_FIRST_HNSW,0.008969,"[0.00,0.05)",864.45625,0.1
192,HNSW_HYBRID,0.008969,"[0.00,0.05)",1825.262334,1.0
192,IVFFLAT_HYBRID,0.008969,"[0.00,0.05)",1923.577875,1.0
193,SQL_FIRST,0.010265,"[0.00,0.05)",2475.995916,1.0
193,VECTOR_FIRST_HNSW,0.010265,"[0.00,0.05)",947.373875,0.1
193,HNSW_HYBRID,0.010265,"[0.00,0.05)",1549.652458,1.0
193,IVFFLAT_HYBRID,0.010265,"[0.00,0.05)",1489.84275,1.0
194,SQL_FIRST,0.832821,"[0.50,1.00)",672.5845,1.0
194,VECTOR_FIRST_HNSW,0.832821,"[0.50,1.00)",605.1695,1.0
194,HNSW_HYBRID,0.832821,"[0.50,1.00)",613.808875,1.0
194,IVFFLAT_HYBRID,0.832821,"[0.50,1.00)",586.275041,1.0
199,SQL_FIRST,0.005255,"[0.00,0.05)",391.182042,1.0
199,VECTOR_FIRST_HNSW,0.005255,"[0.00,0.05)",595.045875,0.1
199,HNSW_HYBRID,0.005255,"[0.00,0.05)",32.317916,1.0
199,IVFFLAT_HYBRID,0.005255,"[0.00,0.05)",30.914541,1.0
200,SQL_FIRST,0.520775,"[0.50,1.00)",1711.777875,1.0
200,VECTOR_FIRST_HNSW,0.520775,"[0.50,1.00)",1693.752959,1.0
200,HNSW_HYBRID,0.520775,"[0.50,1.00)",709.710958,1.0
200,IVFFLAT_HYBRID,0.520775,"[0.50,1.00)",656.698625,1.0
201,SQL_FIRST,0.003223,"[0.00,0.05)",226.342,1.0
201,VECTOR_FIRST_HNSW,0.003223,"[0.00,0.05)",620.407583,0.0
201,HNSW_HYBRID,0.003223,"[0.00,0.05)",26.559542,1.0
201,IVFFLAT_HYBRID,0.003223,"[0.00,0.05)",24.073292,1.0
202,SQL_FIRST,0.51852,"[0.50,1.00)",615.349917,1.0
202,VECTOR_FIRST_HNSW,0.51852,"[0.50,1.00)",703.170125,1.0
202,HNSW_HYBRID,0.51852,"[0.50,1.00)",3939.482542,0.9
202,IVFFLAT_HYBRID,0.51852,"[0.50,1.00)",1074.256584,1.0
203,SQL_FIRST,0.51502,"[0.50,1.00)",826.559833,1.0
203,VECTOR_FIRST_HNSW,0.51502,"[0.50,1.00)",1758.038916,1.0
203,HNSW_HYBRID,0.51502,"[0.50,1.00)",1328.626125,1.0
203,IVFFLAT_HYBRID,0.51502,"[0.50,1.00)",885.069292,1.0
204,SQL_FIRST,0.965404,"[0.50,1.00)",843.999833,1.0
204,VECTOR_FIRST_HNSW,0.965404,"[0.50,1.00)",893.926625,1.0
204,HNSW_HYBRID,0.965404,"[0.50,1.00)",791.545458,1.0
204,IVFFLAT_HYBRID,0.965404,"[0.50,1.00)",2028.919542,1.0
206,SQL_FIRST,0.009192,"[0.00,0.05)",2457.256625,1.0
206,VECTOR_FIRST_HNSW,0.009192,"[0.00,0.05)",727.977667,0.0
206,HNSW_HYBRID,0.009192,"[0.00,0.05)",1867.213834,1.0
206,IVFFLAT_HYBRID,0.009192,"[0.00,0.05)",1953.994667,1.0
208,SQL_FIRST,0.528474,"[0.50,1.00)",1010.21675,1.0
208,VECTOR_FIRST_HNSW,0.528474,"[0.50,1.00)",604.965583,1.0
208,HNSW_HYBRID,0.528474,"[0.50,1.00)",580.963,1.0
208,IVFFLAT_HYBRID,0.528474,"[0.50,1.00)",786.914833,1.0
211,SQL_FIRST,0.511783,"[0.50,1.00)",1059.36575,1.0
211,VECTOR_FIRST_HNSW,0.511783,"[0.50,1.00)",1148.7015,1.0
211,HNSW_HYBRID,0.511783,"[0.50,1.00)",655.909416,1.0
211,IVFFLAT_HYBRID,0.511783,"[0.50,1.00)",678.388959,1.0
214,SQL_FIRST,0.527619,"[0.50,1.00)",582.380583,1.0
214,VECTOR_FIRST_HNSW,0.527619,"[0.50,1.00)",606.914667,1.0
214,HNSW_HYBRID,0.527619,"[0.50,1.00)",620.256125,1.0
214,IVFFLAT_HYBRID,0.527619,"[0.50,1.00)",615.358166,1.0
215,SQL_FIRST,0.513227,"[0.50,1.00)",559.874667,1.0
215,VECTOR_FIRST_HNSW,0.513227,"[0.50,1.00)",596.471709,1.0
215,HNSW_HYBRID,0.513227,"[0.50,1.00)",601.686875,1.0
215,IVFFLAT_HYBRID,0.513227,"[0.50,1.00)",607.328167,1.0
216,SQL_FIRST,0.005553,"[0.00,0.05)",791.308208,1.0
216,VECTOR_FIRST_HNSW,0.005553,"[0.00,0.05)",624.940625,0.0
216,HNSW_HYBRID,0.005553,"[0.00,0.05)",89.206667,1.0
216,IVFFLAT_HYBRID,0.005553,"[0.00,0.05)",30.921125,1.0
217,SQL_FIRST,0.520113,"[0.50,1.00)",581.61525,1.0
217,VECTOR_FIRST_HNSW,0.520113,"[0.50,1.00)",509.072875,1.0
217,HNSW_HYBRID,0.520113,"[0.50,1.00)",498.63675,1.0
217,IVFFLAT_HYBRID,0.520113,"[0.50,1.00)",470.368292,1.0
218,SQL_FIRST,0.98025,"[0.50,1.00)",577.4075,1.0
218,VECTOR_FIRST_HNSW,0.98025,"[0.50,1.00)",1897.136417,1.0
218,HNSW_HYBRID,0.98025,"[0.50,1.00)",1171.446292,1.0
218,IVFFLAT_HYBRID,0.98025,"[0.50,1.00)",405.8895,1.0
220,SQL_FIRST,0.918862,"[0.50,1.00)",171.473708,1.0
220,VECTOR_FIRST_HNSW,0.918862,"[0.50,1.00)",142.667792,1.0
220,HNSW_HYBRID,0.918862,"[0.50,1.00)",162.487667,1.0
220,IVFFLAT_HYBRID,0.918862,"[0.50,1.00)",143.387875,1.0
222,SQL_FIRST,0.945168,"[0.50,1.00)",140.2705,1.0
222,VECTOR_FIRST_HNSW,0.945168,"[0.50,1.00)",160.522,1.0
222,HNSW_HYBRID,0.945168,"[0.50,1.00)",170.428209,1.0
222,IVFFLAT_HYBRID,0.945168,"[0.50,1.00)",144.738542,1.0
224,SQL_FIRST,0.931353,"[0.50,1.00)",144.034167,1.0
224,VECTOR_FIRST_HNSW,0.931353,"[0.50,1.00)",146.102291,1.0
224,HNSW_HYBRID,0.931353,"[0.50,1.00)",186.2205,1.0
224,IVFFLAT_HYBRID,0.931353,"[0.50,1.00)",130.05,1.0
225,SQL_FIRST,0.873597,"[0.50,1.00)",123.558083,1.0
225,VECTOR_FIRST_HNSW,0.873597,"[0.50,1.00)",197.037667,1.0
225,HNSW_HYBRID,0.873597,"[0.50,1.00)",151.4195,1.0
225,IVFFLAT_HYBRID,0.873597,"[0.50,1.00)",159.794083,1.0
226,SQL_FIRST,0.008621,"[0.00,0.05)",626.5965,1.0
226,VECTOR_FIRST_HNSW,0.008621,"[0.00,0.05)",242.296292,0.2
226,HNSW_HYBRID,0.008621,"[0.00,0.05)",115.703375,1.0
226,IVFFLAT_HYBRID,0.008621,"[0.00,0.05)",110.131791,1.0
231,SQL_FIRST,0.522431,"[0.50,1.00)",109.621416,1.0
231,VECTOR_FIRST_HNSW,0.522431,"[0.50,1.00)",131.005792,1.0
231,HNSW_HYBRID,0.522431,"[0.50,1.00)",100.474875,1.0
231,IVFFLAT_HYBRID,0.522431,"[0.50,1.00)",101.863125,1.0
235,SQL_FIRST,0.970782,"[0.50,1.00)",140.681625,1.0
235,VECTOR_FIRST_HNSW,0.970782,"[0.50,1.00)",140.808333,1.0
235,HNSW_HYBRID,0.970782,"[0.50,1.00)",127.823834,1.0
235,IVFFLAT_HYBRID,0.970782,"[0.50,1.00)",131.269916,1.0
239,SQL_FIRST,0.938526,"[0.50,1.00)",123.039833,1.0
239,VECTOR_FIRST_HNSW,0.938526,"[0.50,1.00)",107.78625,1.0
239,HNSW_HYBRID,0.938526,"[0.50,1.00)",120.911916,1.0
239,IVFFLAT_HYBRID,0.938526,"[0.50,1.00)",123.4335,1.0
241,SQL_FIRST,0.010996,"[0.00,0.05)",1405.001458,1.0
241,VECTOR_FIRST_HNSW,0.010996,"[0.00,0.05)",1247.609667,0.1
241,HNSW_HYBRID,0.010996,"[0.00,0.05)",2281.640042,1.0
241,IVFFLAT_HYBRID,0.010996,"[0.00,0.05)",2830.793791,1.0
242,SQL_FIRST,0.51491,"[0.50,1.00)",736.638542,1.0
242,VECTOR_FIRST_HNSW,0.51491,"[0.50,1.00)",1000.75475,1.0
242,HNSW_HYBRID,0.51491,"[0.50,1.00)",1988.722375,1.0
242,IVFFLAT_HYBRID,0.51491,"[0.50,1.00)",748.410416,1.0
244,SQL_FIRST,0.517073,"[0.50,1.00)",783.088334,1.0
244,VECTOR_FIRST_HNSW,0.517073,"[0.50,1.00)",701.538792,1.0
244,HNSW_HYBRID,0.517073,"[0.50,1.00)",1275.081875,1.0
244,IVFFLAT_HYBRID,0.517073,"[0.50,1.00)",806.056834,1.0
245,SQL_FIRST,0.911708,"[0.50,1.00)",820.406917,1.0
245,VECTOR_FIRST_HNSW,0.911708,"[0.50,1.00)",657.246208,1.0
245,HNSW_HYBRID,0.911708,"[0.50,1.00)",755.192625,1.0
245,IVFFLAT_HYBRID,0.911708,"[0.50,1.00)",646.085333,1.0
246,SQL_FIRST,0.902729,"[0.50,1.00)",692.701625,1.0
246,VECTOR_FIRST_HNSW,0.902729,"[0.50,1.00)",621.781916,1.0
246,HNSW_HYBRID,0.902729,"[0.50,1.00)",988.110792,1.0
246,IVFFLAT_HYBRID,0.902729,"[0.50,1.00)",1330.707,1.0
247,SQL_FIRST,0.879362,"[0.50,1.00)",692.04775,1.0
247,VECTOR_FIRST_HNSW,0.879362,"[0.50,1.00)",945.648583,1.0
247,HNSW_HYBRID,0.879362,"[0.50,1.00)",624.8515,1.0
247,IVFFLAT_HYBRID,0.879362,"[0.50,1.00)",770.572416,1.0
248,SQL_FIRST,0.526847,"[0.50,1.00)",722.83425,1.0
248,VECTOR_FIRST_HNSW,0.526847,"[0.50,1.00)",700.935583,1.0
248,HNSW_HYBRID,0.526847,"[0.50,1.00)",699.150667,1.0
248,IVFFLAT_HYBRID,0.526847,"[0.50,1.00)",779.6465,1.0
249,SQL_FIRST,0.526521,"[0.50,1.00)",527.207667,1.0
249,VECTOR_FIRST_HNSW,0.526521,"[0.50,1.00)",574.103875,1.0
249,HNSW_HYBRID,0.526521,"[0.50,1.00)",513.555459,1.0
249,IVFFLAT_HYBRID,0.526521,"[0.50,1.00)",523.396792,1.0
250,SQL_FIRST,0.961751,"[0.50,1.00)",1951.887084,1.0
250,VECTOR_FIRST_HNSW,0.961751,"[0.50,1.00)",1103.108708,1.0
250,HNSW_HYBRID,0.961751,"[0.50,1.00)",846.97825,1.0
250,IVFFLAT_HYBRID,0.961751,"[0.50,1.00)",778.056,1.0
251,SQL_FIRST,0.008624,"[0.00,0.05)",2058.7565,1.0
251,VECTOR_FIRST_HNSW,0.008624,"[0.00,0.05)",1894.110208,0.0
251,HNSW_HYBRID,0.008624,"[0.00,0.05)",2574.466708,1.0
251,IVFFLAT_HYBRID,0.008624,"[0.00,0.05)",2091.311042,1.0
252,SQL_FIRST,0.993761,"[0.50,1.00)",779.125208,1.0
252,VECTOR_FIRST_HNSW,0.993761,"[0.50,1.00)",662.526792,1.0
252,HNSW_HYBRID,0.993761,"[0.50,1.00)",648.282042,1.0
252,IVFFLAT_HYBRID,0.993761,"[0.50,1.00)",1040.577333,1.0
253,SQL_FIRST,0.517522,"[0.50,1.00)",2325.292875,1.0
253,VECTOR_FIRST_HNSW,0.517522,"[0.50,1.00)",1341.5725,1.0
253,HNSW_HYBRID,0.517522,"[0.50,1.00)",763.616209,1.0
253,IVFFLAT_HYBRID,0.517522,"[0.50,1.00)",759.974292,1.0
256,SQL_FIRST,0.521543,"[0.50,1.00)",630.924708,1.0
256,VECTOR_FIRST_HNSW,0.521543,"[0.50,1.00)",609.935292,1.0
256,HNSW_HYBRID,0.521543,"[0.50,1.00)",662.966083,1.0
256,IVFFLAT_HYBRID,0.521543,"[0.50,1.00)",594.220167,1.0
261,SQL_FIRST,0.003901,"[0.00,0.05)",401.463458,1.0
261,VECTOR_FIRST_HNSW,0.003901,"[0.00,0.05)",644.999667,0.0
261,HNSW_HYBRID,0.003901,"[0.00,0.05)",29.161125,1.0
261,IVFFLAT_HYBRID,0.003901,"[0.00,0.05)",27.294708,1.0
263,SQL_FIRST,0.96906,"[0.50,1.00)",704.404666,1.0
263,VECTOR_FIRST_HNSW,0.96906,"[0.50,1.00)",600.747417,1.0
263,HNSW_HYBRID,0.96906,"[0.50,1.00)",690.046833,1.0
263,IVFFLAT_HYBRID,0.96906,"[0.50,1.00)",608.647209,1.0
264,SQL_FIRST,0.516185,"[0.50,1.00)",476.627333,1.0
264,VECTOR_FIRST_HNSW,0.516185,"[0.50,1.00)",604.984458,1.0
264,HNSW_HYBRID,0.516185,"[0.50,1.00)",474.515916,1.0
264,IVFFLAT_HYBRID,0.516185,"[0.50,1.00)",495.255709,1.0
269,SQL_FIRST,0.004098,"[0.00,0.05)",265.136709,1.0
269,VECTOR_FIRST_HNSW,0.004098,"[0.00,0.05)",554.319167,0.0
269,HNSW_HYBRID,0.004098,"[0.00,0.05)",29.271916,1.0
269,IVFFLAT_HYBRID,0.004098,"[0.00,0.05)",26.530125,1.0
270,SQL_FIRST,0.948331,"[0.50,1.00)",486.099792,1.0
270,VECTOR_FIRST_HNSW,0.948331,"[0.50,1.00)",526.26625,1.0
270,HNSW_HYBRID,0.948331,"[0.50,1.00)",639.789042,1.0
270,IVFFLAT_HYBRID,0.948331,"[0.50,1.00)",1288.80775,1.0
271,SQL_FIRST,0.526295,"[0.50,1.00)",1831.407959,1.0
271,VECTOR_FIRST_HNSW,0.526295,"[0.50,1.00)",687.05075,1.0
271,HNSW_HYBRID,0.526295,"[0.50,1.00)",802.975292,1.0
271,IVFFLAT_HYBRID,0.526295,"[0.50,1.00)",595.9905,1.0
273,SQL_FIRST,0.911397,"[0.50,1.00)",634.60325,1.0
273,VECTOR_FIRST_HNSW,0.911397,"[0.50,1.00)",580.616834,1.0
273,HNSW_HYBRID,0.911397,"[0.50,1.00)",547.494792,1.0
273,IVFFLAT_HYBRID,0.911397,"[0.50,1.00)",517.333208,1.0
274,SQL_FIRST,0.530641,"[0.50,1.00)",502.832167,1.0
274,VECTOR_FIRST_HNSW,0.530641,"[0.50,1.00)",629.637625,1.0
274,HNSW_HYBRID,0.530641,"[0.50,1.00)",467.22425,1.0
274,IVFFLAT_HYBRID,0.530641,"[0.50,1.00)",450.429958,1.0
276,SQL_FIRST,0.991918,"[0.50,1.00)",488.728166,1.0
276,VECTOR_FIRST_HNSW,0.991918,"[0.50,1.00)",499.948667,1.0
276,HNSW_HYBRID,0.991918,"[0.50,1.00)",580.196667,1.0
276,IVFFLAT_HYBRID,0.991918,"[0.50,1.00)",490.148417,1.0
278,SQL_FIRST,0.514515,"[0.50,1.00)",1657.6205,1.0
278,VECTOR_FIRST_HNSW,0.514515,"[0.50,1.00)",646.321167,1.0
278,HNSW_HYBRID,0.514515,"[0.50,1.00)",518.597,1.0
278,IVFFLAT_HYBRID,0.514515,"[0.50,1.00)",481.997667,1.0
279,SQL_FIRST,0.511385,"[0.50,1.00)",597.769916,1.0
279,VECTOR_FIRST_HNSW,0.511385,"[0.50,1.00)",644.390916,1.0
279,HNSW_HYBRID,0.511385,"[0.50,1.00)",475.527916,1.0
279,IVFFLAT_HYBRID,0.511385,"[0.50,1.00)",597.154,1.0
280,SQL_FIRST,0.515756,"[0.50,1.00)",513.84975,1.0
280,VECTOR_FIRST_HNSW,0.515756,"[0.50,1.00)",701.854167,1.0
280,HNSW_HYBRID,0.515756,"[0.50,1.00)",919.962125,1.0
280,IVFFLAT_HYBRID,0.515756,"[0.50,1.00)",506.285375,1.0
283,SQL_FIRST,0.00316,"[0.00,0.05)",339.669625,1.0
283,VECTOR_FIRST_HNSW,0.00316,"[0.00,0.05)",783.004958,0.0
283,HNSW_HYBRID,0.00316,"[0.00,0.05)",48.804208,1.0
283,IVFFLAT_HYBRID,0.00316,"[0.00,0.05)",35.375583,1.0
285,SQL_FIRST,0.523872,"[0.50,1.00)",824.002917,1.0
285,VECTOR_FIRST_HNSW,0.523872,"[0.50,1.00)",673.987833,1.0
285,HNSW_HYBRID,0.523872,"[0.50,1.00)",492.803292,1.0
285,IVFFLAT_HYBRID,0.523872,"[0.50,1.00)",882.791792,1.0
286,SQL_FIRST,0.948291,"[0.50,1.00)",633.579875,1.0
286,VECTOR_FIRST_HNSW,0.948291,"[0.50,1.00)",940.475667,1.0
286,HNSW_HYBRID,0.948291,"[0.50,1.00)",657.160958,1.0
286,IVFFLAT_HYBRID,0.948291,"[0.50,1.00)",482.0335,1.0
288,SQL_FIRST,0.83015,"[0.50,1.00)",432.431625,1.0
288,VECTOR_FIRST_HNSW,0.83015,"[0.50,1.00)",427.667583,1.0
288,HNSW_HYBRID,0.83015,"[0.50,1.00)",451.277917,1.0
288,IVFFLAT_HYBRID,0.83015,"[0.50,1.00)",446.290375,1.0
289,SQL_FIRST,0.513189,"[0.50,1.00)",441.219792,1.0
289,VECTOR_FIRST_HNSW,0.513189,"[0.50,1.00)",474.8725,1.0
289,HNSW_HYBRID,0.513189,"[0.50,1.00)",437.985333,1.0
289,IVFFLAT_HYBRID,0.513189,"[0.50,1.00)",491.057833,1.0
290,SQL_FIRST,0.520518,"[0.50,1.00)",433.018,1.0
290,VECTOR_FIRST_HNSW,0.520518,"[0.50,1.00)",429.242291,1.0
290,HNSW_HYBRID,0.520518,"[0.50,1.00)",467.655584,1.0
290,IVFFLAT_HYBRID,0.520518,"[0.50,1.00)",401.771625,1.0
291,SQL_FIRST,0.004457,"[0.00,0.05)",247.357167,1.0
291,VECTOR_FIRST_HNSW,0.004457,"[0.00,0.05)",579.647542,0.0
291,HNSW_HYBRID,0.004457,"[0.00,0.05)",28.908416,1.0
291,IVFFLAT_HYBRID,0.004457,"[0.00,0.05)",27.392958,1.0
292,SQL_FIRST,0.010127,"[0.00,0.05)",1122.258041,1.0
292,VECTOR_FIRST_HNSW,0.010127,"[0.00,0.05)",656.421792,0.1
292,HNSW_HYBRID,0.010127,"[0.00,0.05)",1181.225125,1.0
292,IVFFLAT_HYBRID,0.010127,"[0.00,0.05)",1280.596375,1.0
293,SQL_FIRST,0.519173,"[0.50,1.00)",551.945917,1.0
293,VECTOR_FIRST_HNSW,0.519173,"[0.50,1.00)",779.994708,1.0
293,HNSW_HYBRID,0.519173,"[0.50,1.00)",522.036584,1.0
293,IVFFLAT_HYBRID,0.519173,"[0.50,1.00)",428.644167,1.0
297,SQL_FIRST,0.908441,"[0.50,1.00)",468.263292,1.0
297,VECTOR_FIRST_HNSW,0.908441,"[0.50,1.00)",452.261625,1.0
297,HNSW_HYBRID,0.908441,"[0.50,1.00)",477.979584,1.0
297,IVFFLAT_HYBRID,0.908441,"[0.50,1.00)",503.630792,1.0
299,SQL_FIRST,0.913398,"[0.50,1.00)",439.336542,1.0
299,VECTOR_FIRST_HNSW,0.913398,"[0.50,1.00)",520.562333,1.0
299,HNSW_HYBRID,0.913398,"[0.50,1.00)",430.725625,1.0
299,IVFFLAT_HYBRID,0.913398,"[0.50,1.00)",357.934708,1.0
300,SQL_FIRST,0.858838,"[0.50,1.00)",181.198833,1.0
300,VECTOR_FIRST_HNSW,0.858838,"[0.50,1.00)",132.345667,1.0
300,HNSW_HYBRID,0.858838,"[0.50,1.00)",117.373958,1.0
300,IVFFLAT_HYBRID,0.858838,"[0.50,1.00)",117.45725,1.0
305,SQL_FIRST,0.971533,"[0.50,1.00)",122.914917,1.0
305,VECTOR_FIRST_HNSW,0.971533,"[0.50,1.00)",107.3905,1.0
305,HNSW_HYBRID,0.971533,"[0.50,1.00)",125.465792,1.0
305,IVFFLAT_HYBRID,0.971533,"[0.50,1.00)",124.604583,1.0
306,SQL_FIRST,0.519534,"[0.50,1.00)",111.270792,1.0
306,VECTOR_FIRST_HNSW,0.519534,"[0.50,1.00)",110.2795,1.0
306,HNSW_HYBRID,0.519534,"[0.50,1.00)",93.336208,1.0
306,IVFFLAT_HYBRID,0.519534,"[0.50,1.00)",97.0405,1.0
307,SQL_FIRST,0.52416,"[0.50,1.00)",103.572125,1.0
307,VECTOR_FIRST_HNSW,0.52416,"[0.50,1.00)",149.1755,1.0
307,HNSW_HYBRID,0.52416,"[0.50,1.00)",97.494833,1.0
307,IVFFLAT_HYBRID,0.52416,"[0.50,1.00)",95.640417,1.0
308,SQL_FIRST,0.913361,"[0.50,1.00)",142.634625,1.0
308,VECTOR_FIRST_HNSW,0.913361,"[0.50,1.00)",111.122708,1.0
308,HNSW_HYBRID,0.913361,"[0.50,1.00)",121.926375,1.0
308,IVFFLAT_HYBRID,0.913361,"[0.50,1.00)",135.055083,1.0
309,SQL_FIRST,0.527404,"[0.50,1.00)",89.837792,1.0
309,VECTOR_FIRST_HNSW,0.527404,"[0.50,1.00)",112.606375,1.0
309,HNSW_HYBRID,0.527404,"[0.50,1.00)",92.722167,1.0
309,IVFFLAT_HYBRID,0.527404,"[0.50,1.00)",89.127125,1.0
311,SQL_FIRST,0.988825,"[0.50,1.00)",126.658042,1.0
311,VECTOR_FIRST_HNSW,0.988825,"[0.50,1.00)",106.650625,1.0
311,HNSW_HYBRID,0.988825,"[0.50,1.00)",131.640833,1.0
311,IVFFLAT_HYBRID,0.988825,"[0.50,1.00)",144.248791,1.0
317,SQL_FIRST,0.00994,"[0.00,0.05)",365.348459,1.0
317,VECTOR_FIRST_HNSW,0.00994,"[0.00,0.05)",149.935834,0.0
317,HNSW_HYBRID,0.00994,"[0.00,0.05)",106.594,1.0
317,IVFFLAT_HYBRID,0.00994,"[0.00,0.05)",108.422167,1.0
319,SQL_FIRST,0.523525,"[0.50,1.00)",100.633458,1.0
319,VECTOR_FIRST_HNSW,0.523525,"[0.50,1.00)",118.012542,1.0
319,HNSW_HYBRID,0.523525,"[0.50,1.00)",97.362708,1.0
319,IVFFLAT_HYBRID,0.523525,"[0.50,1.00)",94.622917,1.0
321,SQL_FIRST,0.012243,"[0.00,0.05)",114.59925,1.0
321,VECTOR_FIRST_HNSW,0.012243,"[0.00,0.05)",125.378916,0.0
321,HNSW_HYBRID,0.012243,"[0.00,0.05)",139.779666,1.0
321,IVFFLAT_HYBRID,0.012243,"[0.00,0.05)",290.593958,1.0
323,SQL_FIRST,0.006993,"[0.00,0.05)",172.990292,1.0
323,VECTOR_FIRST_HNSW,0.006993,"[0.00,0.05)",267.863166,0.0
323,HNSW_HYBRID,0.006993,"[0.00,0.05)",31.283625,1.0
323,IVFFLAT_HYBRID,0.006993,"[0.00,0.05)",29.753625,1.0
325,SQL_FIRST,0.518218,"[0.50,1.00)",93.90475,1.0
325,VECTOR_FIRST_HNSW,0.518218,"[0.50,1.00)",112.419875,1.0
325,HNSW_HYBRID,0.518218,"[0.50,1.00)",91.408375,1.0
325,IVFFLAT_HYBRID,0.518218,"[0.50,1.00)",90.545458,1.0
328,SQL_FIRST,0.841254,"[0.50,1.00)",121.272333,1.0
328,VECTOR_FIRST_HNSW,0.841254,"[0.50,1.00)",113.177584,1.0
328,HNSW_HYBRID,0.841254,"[0.50,1.00)",116.948459,1.0
328,IVFFLAT_HYBRID,0.841254,"[0.50,1.00)",117.638417,1.0
330,SQL_FIRST,0.95186,"[0.50,1.00)",125.673916,1.0
330,VECTOR_FIRST_HNSW,0.95186,"[0.50,1.00)",107.730458,1.0
330,HNSW_HYBRID,0.95186,"[0.50,1.00)",125.26025,1.0
330,IVFFLAT_HYBRID,0.95186,"[0.50,1.00)",131.555417,1.0
335,SQL_FIRST,0.523961,"[0.50,1.00)",95.350292,1.0
335,VECTOR_FIRST_HNSW,0.523961,"[0.50,1.00)",173.602833,1.0
335,HNSW_HYBRID,0.523961,"[0.50,1.00)",94.8505,1.0
335,IVFFLAT_HYBRID,0.523961,"[0.50,1.00)",95.627834,1.0
337,SQL_FIRST,0.868902,"[0.50,1.00)",131.911958,1.0
337,VECTOR_FIRST_HNSW,0.868902,"[0.50,1.00)",109.526333,1.0
337,HNSW_HYBRID,0.868902,"[0.50,1.00)",121.254875,1.0
337,IVFFLAT_HYBRID,0.868902,"[0.50,1.00)",124.689042,1.0
339,SQL_FIRST,0.010817,"[0.00,0.05)",227.037625,1.0
339,VECTOR_FIRST_HNSW,0.010817,"[0.00,0.05)",243.092917,0.1
339,HNSW_HYBRID,0.010817,"[0.00,0.05)",113.115875,1.0
339,IVFFLAT_HYBRID,0.010817,"[0.00,0.05)",123.275833,1.0
340,SQL_FIRST,0.004816,"[0.00,0.05)",39.908667,1.0
340,VECTOR_FIRST_HNSW,0.004816,"[0.00,0.05)",130.907542,0.0
340,HNSW_HYBRID,0.004816,"[0.00,0.05)",28.093375,1.0
340,IVFFLAT_HYBRID,0.004816,"[0.00,0.05)",26.128,1.0
341,SQL_FIRST,0.00451,"[0.00,0.05)",44.48275,1.0
341,VECTOR_FIRST_HNSW,0.00451,"[0.00,0.05)",122.473167,0.0
341,HNSW_HYBRID,0.00451,"[0.00,0.05)",25.681833,1.0
341,IVFFLAT_HYBRID,0.00451,"[0.00,0.05)",26.819458,1.0
342,SQL_FIRST,0.522892,"[0.50,1.00)",91.964125,1.0
342,VECTOR_FIRST_HNSW,0.522892,"[0.50,1.00)",111.9435,1.0
342,HNSW_HYBRID,0.522892,"[0.50,1.00)",92.23025,1.0
342,IVFFLAT_HYBRID,0.522892,"[0.50,1.00)",90.135708,1.0
346,SQL_FIRST,0.526426,"[0.50,1.00)",91.983125,1.0
346,VECTOR_FIRST_HNSW,0.526426,"[0.50,1.00)",113.389709,1.0
346,HNSW_HYBRID,0.526426,"[0.50,1.00)",97.914792,1.0
346,IVFFLAT_HYBRID,0.526426,"[0.50,1.00)",94.021291,1.0
347,SQL_FIRST,0.004767,"[0.00,0.05)",34.066166,1.0
347,VECTOR_FIRST_HNSW,0.004767,"[0.00,0.05)",121.049708,0.1
347,HNSW_HYBRID,0.004767,"[0.00,0.05)",27.892291,1.0
347,IVFFLAT_HYBRID,0.004767,"[0.00,0.05)",26.927125,1.0
350,SQL_FIRST,0.879897,"[0.50,1.00)",122.643625,1.0
350,VECTOR_FIRST_HNSW,0.879897,"[0.50,1.00)",109.714042,1.0
350,HNSW_HYBRID,0.879897,"[0.50,1.00)",124.153375,1.0
350,IVFFLAT_HYBRID,0.879897,"[0.50,1.00)",124.49325,1.0
357,SQL_FIRST,0.822186,"[0.50,1.00)",119.735459,1.0
357,VECTOR_FIRST_HNSW,0.822186,"[0.50,1.00)",109.529625,1.0
357,HNSW_HYBRID,0.822186,"[0.50,1.00)",119.833083,1.0
357,IVFFLAT_HYBRID,0.822186,"[0.50,1.00)",125.326583,1.0
358,SQL_FIRST,0.967002,"[0.50,1.00)",136.693375,1.0
358,VECTOR_FIRST_HNSW,0.967002,"[0.50,1.00)",116.399917,1.0
358,HNSW_HYBRID,0.967002,"[0.50,1.00)",132.345292,1.0
358,IVFFLAT_HYBRID,0.967002,"[0.50,1.00)",134.10225,1.0
359,SQL_FIRST,0.512335,"[0.50,1.00)",96.292959,1.0
359,VECTOR_FIRST_HNSW,0.512335,"[0.50,1.00)",118.220708,1.0
359,HNSW_HYBRID,0.512335,"[0.50,1.00)",97.419917,1.0
359,IVFFLAT_HYBRID,0.512335,"[0.50,1.00)",95.812458,1.0
361,SQL_FIRST,0.007764,"[0.00,0.05)",53.29525,1.0
361,VECTOR_FIRST_HNSW,0.007764,"[0.00,0.05)",119.785042,0.0
361,HNSW_HYBRID,0.007764,"[0.00,0.05)",32.765459,1.0
361,IVFFLAT_HYBRID,0.007764,"[0.00,0.05)",33.779625,1.0
363,SQL_FIRST,0.825086,"[0.50,1.00)",119.371958,1.0
363,VECTOR_FIRST_HNSW,0.825086,"[0.50,1.00)",111.180917,1.0
363,HNSW_HYBRID,0.825086,"[0.50,1.00)",125.07,1.0
363,IVFFLAT_HYBRID,0.825086,"[0.50,1.00)",136.823625,1.0
364,SQL_FIRST,0.522187,"[0.50,1.00)",98.268416,1.0
364,VECTOR_FIRST_HNSW,0.522187,"[0.50,1.00)",118.994792,1.0
364,HNSW_HYBRID,0.522187,"[0.50,1.00)",96.537708,1.0
364,IVFFLAT_HYBRID,0.522187,"[0.50,1.00)",96.191583,1.0
367,SQL_FIRST,0.961905,"[0.50,1.00)",135.050708,1.0
367,VECTOR_FIRST_HNSW,0.961905,"[0.50,1.00)",115.203791,1.0
367,HNSW_HYBRID,0.961905,"[0.50,1.00)",132.522458,1.0
367,IVFFLAT_HYBRID,0.961905,"[0.50,1.00)",132.590208,1.0
370,SQL_FIRST,0.51593,"[0.50,1.00)",96.104375,1.0
370,VECTOR_FIRST_HNSW,0.51593,"[0.50,1.00)",117.445958,1.0
370,HNSW_HYBRID,0.51593,"[0.50,1.00)",95.446667,1.0
370,IVFFLAT_HYBRID,0.51593,"[0.50,1.00)",95.798667,1.0
372,SQL_FIRST,0.527502,"[0.50,1.00)",96.243542,1.0
372,VECTOR_FIRST_HNSW,0.527502,"[0.50,1.00)",117.234167,1.0
372,HNSW_HYBRID,0.527502,"[0.50,1.00)",96.490459,1.0
372,IVFFLAT_HYBRID,0.527502,"[0.50,1.00)",96.280833,1.0
374,SQL_FIRST,0.90592,"[0.50,1.00)",130.117375,1.0
374,VECTOR_FIRST_HNSW,0.90592,"[0.50,1.00)",116.547959,1.0
374,HNSW_HYBRID,0.90592,"[0.50,1.00)",133.12925,1.0
374,IVFFLAT_HYBRID,0.90592,"[0.50,1.00)",129.015625,1.0
375,SQL_FIRST,0.822224,"[0.50,1.00)",123.35325,1.0
375,VECTOR_FIRST_HNSW,0.822224,"[0.50,1.00)",115.994875,1.0
375,HNSW_HYBRID,0.822224,"[0.50,1.00)",122.951459,1.0
375,IVFFLAT_HYBRID,0.822224,"[0.50,1.00)",123.843791,1.0
376,SQL_FIRST,0.96994,"[0.50,1.00)",133.034917,1.0
376,VECTOR_FIRST_HNSW,0.96994,"[0.50,1.00)",115.686375,1.0
376,HNSW_HYBRID,0.96994,"[0.50,1.00)",138.355209,1.0
376,IVFFLAT_HYBRID,0.96994,"[0.50,1.00)",133.132125,1.0
377,SQL_FIRST,0.942624,"[0.50,1.00)",130.683458,1.0
377,VECTOR_FIRST_HNSW,0.942624,"[0.50,1.00)",114.958125,1.0
377,HNSW_HYBRID,0.942624,"[0.50,1.00)",130.530083,1.0
377,IVFFLAT_HYBRID,0.942624,"[0.50,1.00)",130.619667,1.0
378,SQL_FIRST,0.526347,"[0.50,1.00)",96.722167,1.0
378,VECTOR_FIRST_HNSW,0.526347,"[0.50,1.00)",116.727042,1.0
378,HNSW_HYBRID,0.526347,"[0.50,1.00)",95.555458,1.0
378,IVFFLAT_HYBRID,0.526347,"[0.50,1.00)",104.385875,1.0
379,SQL_FIRST,0.840318,"[0.50,1.00)",125.5825,1.0
379,VECTOR_FIRST_HNSW,0.840318,"[0.50,1.00)",115.498459,1.0
379,HNSW_HYBRID,0.840318,"[0.50,1.00)",124.209417,1.0
379,IVFFLAT_HYBRID,0.840318,"[0.50,1.00)",123.786167,1.0
381,SQL_FIRST,0.528312,"[0.50,1.00)",96.131916,1.0
381,VECTOR_FIRST_HNSW,0.528312,"[0.50,1.00)",126.47675,1.0
381,HNSW_HYBRID,0.528312,"[0.50,1.00)",98.361291,1.0
381,IVFFLAT_HYBRID,0.528312,"[0.50,1.00)",105.679209,1.0
383,SQL_FIRST,0.519832,"[0.50,1.00)",94.81175,1.0
383,VECTOR_FIRST_HNSW,0.519832,"[0.50,1.00)",116.793792,1.0
383,HNSW_HYBRID,0.519832,"[0.50,1.00)",94.321458,1.0
383,IVFFLAT_HYBRID,0.519832,"[0.50,1.00)",95.061833,1.0
384,SQL_FIRST,0.523888,"[0.50,1.00)",97.488042,1.0
384,VECTOR_FIRST_HNSW,0.523888,"[0.50,1.00)",118.5395,1.0
384,HNSW_HYBRID,0.523888,"[0.50,1.00)",96.616417,1.0
384,IVFFLAT_HYBRID,0.523888,"[0.50,1.00)",95.174208,1.0
386,SQL_FIRST,0.943125,"[0.50,1.00)",129.944708,1.0
386,VECTOR_FIRST_HNSW,0.943125,"[0.50,1.00)",115.35225,1.0
386,HNSW_HYBRID,0.943125,"[0.50,1.00)",130.939625,0.9
386,IVFFLAT_HYBRID,0.943125,"[0.50,1.00)",138.749375,0.9
387,SQL_FIRST,0.517792,"[0.50,1.00)",93.980042,1.0
387,VECTOR_FIRST_HNSW,0.517792,"[0.50,1.00)",116.917875,1.0
387,HNSW_HYBRID,0.517792,"[0.50,1.00)",146.804541,1.0
387,IVFFLAT_HYBRID,0.517792,"[0.50,1.00)",96.528792,1.0
391,SQL_FIRST,0.007421,"[0.00,0.05)",58.7985,1.0
391,VECTOR_FIRST_HNSW,0.007421,"[0.00,0.05)",125.823125,0.1
391,HNSW_HYBRID,0.007421,"[0.00,0.05)",34.24175,1.0
391,IVFFLAT_HYBRID,0.007421,"[0.00,0.05)",34.399125,1.0
392,SQL_FIRST,0.989017,"[0.50,1.00)",139.633,1.0
392,VECTOR_FIRST_HNSW,0.989017,"[0.50,1.00)",116.401709,1.0
392,HNSW_HYBRID,0.989017,"[0.50,1.00)",133.238958,1.0
392,IVFFLAT_HYBRID,0.989017,"[0.50,1.00)",133.916083,1.0
394,SQL_FIRST,0.524833,"[0.50,1.00)",95.354625,1.0
394,VECTOR_FIRST_HNSW,0.524833,"[0.50,1.00)",139.271292,1.0
394,HNSW_HYBRID,0.524833,"[0.50,1.00)",95.298416,1.0
394,IVFFLAT_HYBRID,0.524833,"[0.50,1.00)",95.8245,1.0
396,SQL_FIRST,0.00917,"[0.00,0.05)",111.476417,1.0
396,VECTOR_FIRST_HNSW,0.00917,"[0.00,0.05)",125.535333,0.1
396,HNSW_HYBRID,0.00917,"[0.00,0.05)",111.382292,1.0
396,IVFFLAT_HYBRID,0.00917,"[0.00,0.05)",105.532042,1.0
397,SQL_FIRST,0.967634,"[0.50,1.00)",129.025625,1.0
397,VECTOR_FIRST_HNSW,0.967634,"[0.50,1.00)",109.7035,1.0
397,HNSW_HYBRID,0.967634,"[0.50,1.00)",129.238917,1.0
397,IVFFLAT_HYBRID,0.967634,"[0.50,1.00)",131.679666,1.0
402,SQL_FIRST,0.002986,"[0.00,0.05)",32.652584,1.0
402,VECTOR_FIRST_HNSW,0.002986,"[0.00,0.05)",124.498416,0.0
402,HNSW_HYBRID,0.002986,"[0.00,0.05)",24.492375,1.0
402,IVFFLAT_HYBRID,0.002986,"[0.00,0.05)",24.688084,1.0
405,SQL_FIRST,0.518748,"[0.50,1.00)",92.267917,1.0
405,VECTOR_FIRST_HNSW,0.518748,"[0.50,1.00)",116.538875,1.0
405,HNSW_HYBRID,0.518748,"[0.50,1.00)",95.672375,1.0
405,IVFFLAT_HYBRID,0.518748,"[0.50,1.00)",95.226084,1.0
406,SQL_FIRST,0.942184,"[0.50,1.00)",131.526459,1.0
406,VECTOR_FIRST_HNSW,0.942184,"[0.50,1.00)",116.219333,1.0
406,HNSW_HYBRID,0.942184,"[0.50,1.00)",130.44725,1.0
406,IVFFLAT_HYBRID,0.942184,"[0.50,1.00)",130.04325,1.0
407,SQL_FIRST,0.531267,"[0.50,1.00)",97.270875,1.0
407,VECTOR_FIRST_HNSW,0.531267,"[0.50,1.00)",117.436,1.0
407,HNSW_HYBRID,0.531267,"[0.50,1.00)",97.461958,1.0
407,IVFFLAT_HYBRID,0.531267,"[0.50,1.00)",99.504792,1.0
410,SQL_FIRST,0.01032,"[0.00,0.05)",111.311583,1.0
410,VECTOR_FIRST_HNSW,0.01032,"[0.00,0.05)",123.647792,0.3
410,HNSW_HYBRID,0.01032,"[0.00,0.05)",111.733958,1.0
410,IVFFLAT_HYBRID,0.01032,"[0.00,0.05)",108.058084,1.0
412,SQL_FIRST,0.522383,"[0.50,1.00)",90.336083,1.0
412,VECTOR_FIRST_HNSW,0.522383,"[0.50,1.00)",109.591292,1.0
412,HNSW_HYBRID,0.522383,"[0.50,1.00)",89.397167,1.0
412,IVFFLAT_HYBRID,0.522383,"[0.50,1.00)",94.175709,1.0
413,SQL_FIRST,0.518621,"[0.50,1.00)",94.456667,1.0
413,VECTOR_FIRST_HNSW,0.518621,"[0.50,1.00)",115.703958,1.0
413,HNSW_HYBRID,0.518621,"[0.50,1.00)",94.167208,1.0
413,IVFFLAT_HYBRID,0.518621,"[0.50,1.00)",95.22225,1.0
414,SQL_FIRST,0.518578,"[0.50,1.00)",94.908334,1.0
414,VECTOR_FIRST_HNSW,0.518578,"[0.50,1.00)",120.061917,1.0
414,HNSW_HYBRID,0.518578,"[0.50,1.00)",94.538042,1.0
414,IVFFLAT_HYBRID,0.518578,"[0.50,1.00)",94.602584,1.0
415,SQL_FIRST,0.825131,"[0.50,1.00)",122.657042,1.0
415,VECTOR_FIRST_HNSW,0.825131,"[0.50,1.00)",114.384,1.0
415,HNSW_HYBRID,0.825131,"[0.50,1.00)",122.145917,1.0
415,IVFFLAT_HYBRID,0.825131,"[0.50,1.00)",127.535458,1.0
416,SQL_FIRST,0.011614,"[0.00,0.05)",119.649167,1.0
416,VECTOR_FIRST_HNSW,0.011614,"[0.00,0.05)",123.792125,0.0
416,HNSW_HYBRID,0.011614,"[0.00,0.05)",116.482792,1.0
416,IVFFLAT_HYBRID,0.011614,"[0.00,0.05)",110.452834,1.0
417,SQL_FIRST,0.528091,"[0.50,1.00)",90.098666,1.0
417,VECTOR_FIRST_HNSW,0.528091,"[0.50,1.00)",107.903458,1.0
417,HNSW_HYBRID,0.528091,"[0.50,1.00)",92.347791,1.0
417,IVFFLAT_HYBRID,0.528091,"[0.50,1.00)",96.424334,1.0
418,SQL_FIRST,0.515603,"[0.50,1.00)",93.964209,1.0
418,VECTOR_FIRST_HNSW,0.515603,"[0.50,1.00)",114.943583,1.0
418,HNSW_HYBRID,0.515603,"[0.50,1.00)",94.909959,1.0
418,IVFFLAT_HYBRID,0.515603,"[0.50,1.00)",94.337083,1.0
419,SQL_FIRST,0.987504,"[0.50,1.00)",133.799625,1.0
419,VECTOR_FIRST_HNSW,0.987504,"[0.50,1.00)",114.907209,1.0
419,HNSW_HYBRID,0.987504,"[0.50,1.00)",132.541125,1.0
419,IVFFLAT_HYBRID,0.987504,"[0.50,1.00)",132.240375,1.0
420,SQL_FIRST,0.853224,"[0.50,1.00)",124.695042,1.0
420,VECTOR_FIRST_HNSW,0.853224,"[0.50,1.00)",112.878792,1.0
420,HNSW_HYBRID,0.853224,"[0.50,1.00)",131.828334,1.0
420,IVFFLAT_HYBRID,0.853224,"[0.50,1.00)",123.584959,1.0
421,SQL_FIRST,0.514141,"[0.50,1.00)",94.241375,1.0
421,VECTOR_FIRST_HNSW,0.514141,"[0.50,1.00)",115.1825,1.0
421,HNSW_HYBRID,0.514141,"[0.50,1.00)",93.640459,1.0
421,IVFFLAT_HYBRID,0.514141,"[0.50,1.00)",93.718834,1.0
423,SQL_FIRST,0.529698,"[0.50,1.00)",95.485208,1.0
423,VECTOR_FIRST_HNSW,0.529698,"[0.50,1.00)",115.595625,1.0
423,HNSW_HYBRID,0.529698,"[0.50,1.00)",95.600541,1.0
423,IVFFLAT_HYBRID,0.529698,"[0.50,1.00)",95.389375,1.0
424,SQL_FIRST,0.005692,"[0.00,0.05)",45.429708,1.0
424,VECTOR_FIRST_HNSW,0.005692,"[0.00,0.05)",119.737084,0.0
424,HNSW_HYBRID,0.005692,"[0.00,0.05)",30.808083,1.0
424,IVFFLAT_HYBRID,0.005692,"[0.00,0.05)",30.986125,1.0
425,SQL_FIRST,0.512469,"[0.50,1.00)",94.882958,1.0
425,VECTOR_FIRST_HNSW,0.512469,"[0.50,1.00)",116.426209,1.0
425,HNSW_HYBRID,0.512469,"[0.50,1.00)",93.366583,1.0
425,IVFFLAT_HYBRID,0.512469,"[0.50,1.00)",93.818833,1.0
429,SQL_FIRST,0.866658,"[0.50,1.00)",137.043708,1.0
429,VECTOR_FIRST_HNSW,0.866658,"[0.50,1.00)",130.497417,1.0
429,HNSW_HYBRID,0.866658,"[0.50,1.00)",125.327666,1.0
429,IVFFLAT_HYBRID,0.866658,"[0.50,1.00)",131.70975,1.0
430,SQL_FIRST,0.889386,"[0.50,1.00)",127.321792,1.0
430,VECTOR_FIRST_HNSW,0.889386,"[0.50,1.00)",116.480542,1.0
430,HNSW_HYBRID,0.889386,"[0.50,1.00)",126.40375,1.0
430,IVFFLAT_HYBRID,0.889386,"[0.50,1.00)",126.038583,1.0
432,SQL_FIRST,0.516032,"[0.50,1.00)",94.162708,1.0
432,VECTOR_FIRST_HNSW,0.516032,"[0.50,1.00)",115.645834,1.0
432,HNSW_HYBRID,0.516032,"[0.50,1.00)",94.346,1.0
432,IVFFLAT_HYBRID,0.516032,"[0.50,1.00)",97.121625,1.0
435,SQL_FIRST,0.932377,"[0.50,1.00)",135.441125,1.0
435,VECTOR_FIRST_HNSW,0.932377,"[0.50,1.00)",120.404834,1.0
435,HNSW_HYBRID,0.932377,"[0.50,1.00)",133.275917,1.0
435,IVFFLAT_HYBRID,0.932377,"[0.50,1.00)",136.163084,1.0
436,SQL_FIRST,0.525391,"[0.50,1.00)",99.926958,1.0
436,VECTOR_FIRST_HNSW,0.525391,"[0.50,1.00)",117.435666,1.0
436,HNSW_HYBRID,0.525391,"[0.50,1.00)",96.800333,1.0
436,IVFFLAT_HYBRID,0.525391,"[0.50,1.00)",102.788541,1.0
437,SQL_FIRST,0.82275,"[0.50,1.00)",129.432792,1.0
437,VECTOR_FIRST_HNSW,0.82275,"[0.50,1.00)",119.873167,1.0
437,HNSW_HYBRID,0.82275,"[0.50,1.00)",130.658,1.0
437,IVFFLAT_HYBRID,0.82275,"[0.50,1.00)",129.216958,1.0
438,SQL_FIRST,0.870226,"[0.50,1.00)",137.730792,1.0
438,VECTOR_FIRST_HNSW,0.870226,"[0.50,1.00)",119.352333,1.0
438,HNSW_HYBRID,0.870226,"[0.50,1.00)",131.141,1.0
438,IVFFLAT_HYBRID,0.870226,"[0.50,1.00)",133.848791,1.0
440,SQL_FIRST,0.520618,"[0.50,1.00)",98.202125,1.0
440,VECTOR_FIRST_HNSW,0.520618,"[0.50,1.00)",122.6625,1.0
440,HNSW_HYBRID,0.520618,"[0.50,1.00)",97.450917,1.0
440,IVFFLAT_HYBRID,0.520618,"[0.50,1.00)",99.677084,1.0
442,SQL_FIRST,0.947092,"[0.50,1.00)",138.448292,1.0
442,VECTOR_FIRST_HNSW,0.947092,"[0.50,1.00)",119.282333,1.0
442,HNSW_HYBRID,0.947092,"[0.50,1.00)",138.13,1.0
442,IVFFLAT_HYBRID,0.947092,"[0.50,1.00)",134.481666,1.0
444,SQL_FIRST,0.825552,"[0.50,1.00)",129.845292,1.0
444,VECTOR_FIRST_HNSW,0.825552,"[0.50,1.00)",120.9055,1.0
444,HNSW_HYBRID,0.825552,"[0.50,1.00)",129.407416,1.0
444,IVFFLAT_HYBRID,0.825552,"[0.50,1.00)",131.841209,1.0
445,SQL_FIRST,0.011816,"[0.00,0.05)",124.382125,1.0
445,VECTOR_FIRST_HNSW,0.011816,"[0.00,0.05)",131.210584,0.2
445,HNSW_HYBRID,0.011816,"[0.00,0.05)",148.353625,1.0
445,IVFFLAT_HYBRID,0.011816,"[0.00,0.05)",135.074375,1.0
446,SQL_FIRST,0.880957,"[0.50,1.00)",131.676416,1.0
446,VECTOR_FIRST_HNSW,0.880957,"[0.50,1.00)",116.035916,1.0
446,HNSW_HYBRID,0.880957,"[0.50,1.00)",126.137041,1.0
446,IVFFLAT_HYBRID,0.880957,"[0.50,1.00)",127.096916,1.0
447,SQL_FIRST,0.528141,"[0.50,1.00)",97.118917,1.0
447,VECTOR_FIRST_HNSW,0.528141,"[0.50,1.00)",117.355792,1.0
447,HNSW_HYBRID,0.528141,"[0.50,1.00)",95.745084,1.0
447,IVFFLAT_HYBRID,0.528141,"[0.50,1.00)",96.0265,1.0
450,SQL_FIRST,0.006041,"[0.00,0.05)",49.777833,1.0
450,VECTOR_FIRST_HNSW,0.006041,"[0.00,0.05)",124.741917,0.0
450,HNSW_HYBRID,0.006041,"[0.00,0.05)",32.074458,1.0
450,IVFFLAT_HYBRID,0.006041,"[0.00,0.05)",32.176291,1.0
452,SQL_FIRST,0.897651,"[0.50,1.00)",130.141708,1.0
452,VECTOR_FIRST_HNSW,0.897651,"[0.50,1.00)",116.591666,1.0
452,HNSW_HYBRID,0.897651,"[0.50,1.00)",130.665417,1.0
452,IVFFLAT_HYBRID,0.897651,"[0.50,1.00)",129.563541,1.0
455,SQL_FIRST,0.512578,"[0.50,1.00)",94.871,1.0
455,VECTOR_FIRST_HNSW,0.512578,"[0.50,1.00)",115.907417,1.0
455,HNSW_HYBRID,0.512578,"[0.50,1.00)",100.842666,1.0
455,IVFFLAT_HYBRID,0.512578,"[0.50,1.00)",100.1345,1.0
456,SQL_FIRST,0.975981,"[0.50,1.00)",143.409167,1.0
456,VECTOR_FIRST_HNSW,0.975981,"[0.50,1.00)",123.6365,1.0
456,HNSW_HYBRID,0.975981,"[0.50,1.00)",140.435667,1.0
456,IVFFLAT_HYBRID,0.975981,"[0.50,1.00)",141.870875,1.0
458,SQL_FIRST,0.901225,"[0.50,1.00)",136.940208,1.0
458,VECTOR_FIRST_HNSW,0.901225,"[0.50,1.00)",140.520625,1.0
458,HNSW_HYBRID,0.901225,"[0.50,1.00)",138.699583,1.0
458,IVFFLAT_HYBRID,0.901225,"[0.50,1.00)",144.061042,1.0
459,SQL_FIRST,0.520409,"[0.50,1.00)",106.551125,1.0
459,VECTOR_FIRST_HNSW,0.520409,"[0.50,1.00)",125.062125,1.0
459,HNSW_HYBRID,0.520409,"[0.50,1.00)",95.511958,1.0
459,IVFFLAT_HYBRID,0.520409,"[0.50,1.00)",94.8435,1.0
460,SQL_FIRST,0.517702,"[0.50,1.00)",102.095084,1.0
460,VECTOR_FIRST_HNSW,0.517702,"[0.50,1.00)",114.1835,1.0
460,HNSW_HYBRID,0.517702,"[0.50,1.00)",97.93525,1.0
460,IVFFLAT_HYBRID,0.517702,"[0.50,1.00)",97.795584,1.0
462,SQL_FIRST,0.960767,"[0.50,1.00)",139.835375,1.0
462,VECTOR_FIRST_HNSW,0.960767,"[0.50,1.00)",124.108666,1.0
462,HNSW_HYBRID,0.960767,"[0.50,1.00)",139.692375,1.0
462,IVFFLAT_HYBRID,0.960767,"[0.50,1.00)",141.223833,1.0
464,SQL_FIRST,0.011784,"[0.00,0.05)",123.986625,1.0
464,VECTOR_FIRST_HNSW,0.011784,"[0.00,0.05)",133.711125,0.1
464,HNSW_HYBRID,0.011784,"[0.00,0.05)",125.49325,1.0
464,IVFFLAT_HYBRID,0.011784,"[0.00,0.05)",121.440167,1.0
467,SQL_FIRST,0.518169,"[0.50,1.00)",103.876791,1.0
467,VECTOR_FIRST_HNSW,0.518169,"[0.50,1.00)",121.681417,1.0
467,HNSW_HYBRID,0.518169,"[0.50,1.00)",95.109792,1.0
467,IVFFLAT_HYBRID,0.518169,"[0.50,1.00)",101.637625,1.0
472,SQL_FIRST,0.514934,"[0.50,1.00)",101.507458,1.0
472,VECTOR_FIRST_HNSW,0.514934,"[0.50,1.00)",123.119,1.0
472,HNSW_HYBRID,0.514934,"[0.50,1.00)",102.3495,1.0
472,IVFFLAT_HYBRID,0.514934,"[0.50,1.00)",100.727417,1.0
473,SQL_FIRST,0.849992,"[0.50,1.00)",132.395,1.0
473,VECTOR_FIRST_HNSW,0.849992,"[0.50,1.00)",217.706791,1.0
473,HNSW_HYBRID,0.849992,"[0.50,1.00)",138.150958,1.0
473,IVFFLAT_HYBRID,0.849992,"[0.50,1.00)",124.745833,1.0
474,SQL_FIRST,0.988658,"[0.50,1.00)",142.762875,1.0
474,VECTOR_FIRST_HNSW,0.988658,"[0.50,1.00)",123.409792,1.0
474,HNSW_HYBRID,0.988658,"[0.50,1.00)",145.043166,1.0
474,IVFFLAT_HYBRID,0.988658,"[0.50,1.00)",175.749,1.0
475,SQL_FIRST,0.521577,"[0.50,1.00)",102.104667,1.0
475,VECTOR_FIRST_HNSW,0.521577,"[0.50,1.00)",123.958875,1.0
475,HNSW_HYBRID,0.521577,"[0.50,1.00)",98.657333,1.0
475,IVFFLAT_HYBRID,0.521577,"[0.50,1.00)",100.145083,1.0
478,SQL_FIRST,0.821209,"[0.50,1.00)",136.198583,1.0
478,VECTOR_FIRST_HNSW,0.821209,"[0.50,1.00)",122.3055,1.0
478,HNSW_HYBRID,0.821209,"[0.50,1.00)",133.27825,1.0
478,IVFFLAT_HYBRID,0.821209,"[0.50,1.00)",129.884709,1.0
479,SQL_FIRST,0.003274,"[0.00,0.05)",39.921375,1.0
479,VECTOR_FIRST_HNSW,0.003274,"[0.00,0.05)",132.0085,0.0
479,HNSW_HYBRID,0.003274,"[0.00,0.05)",28.260834,1.0
479,IVFFLAT_HYBRID,0.003274,"[0.00,0.05)",27.539333,1.0
481,SQL_FIRST,0.515514,"[0.50,1.00)",101.895125,1.0
481,VECTOR_FIRST_HNSW,0.515514,"[0.50,1.00)",122.793416,1.0
481,HNSW_HYBRID,0.515514,"[0.50,1.00)",99.084708,1.0
481,IVFFLAT_HYBRID,0.515514,"[0.50,1.00)",100.254541,1.0
483,SQL_FIRST,0.523133,"[0.50,1.00)",99.199208,1.0
483,VECTOR_FIRST_HNSW,0.523133,"[0.50,1.00)",174.493334,1.0
483,HNSW_HYBRID,0.523133,"[0.50,1.00)",101.085917,1.0
483,IVFFLAT_HYBRID,0.523133,"[0.50,1.00)",99.894084,1.0
486,SQL_FIRST,0.8729,"[0.50,1.00)",133.534375,1.0
486,VECTOR_FIRST_HNSW,0.8729,"[0.50,1.00)",123.7195,1.0
486,HNSW_HYBRID,0.8729,"[0.50,1.00)",132.517209,1.0
486,IVFFLAT_HYBRID,0.8729,"[0.50,1.00)",138.804167,1.0
487,SQL_FIRST,0.000672,"[0.00,0.05)",8.253292,1.0
487,VECTOR_FIRST_HNSW,0.000672,"[0.00,0.05)",136.814333,0.0
487,HNSW_HYBRID,0.000672,"[0.00,0.05)",9.2035,1.0
487,IVFFLAT_HYBRID,0.000672,"[0.00,0.05)",7.5895,1.0
488,SQL_FIRST,0.00766,"[0.00,0.05)",57.989833,1.0
488,VECTOR_FIRST_HNSW,0.00766,"[0.00,0.05)",134.355584,0.0
488,HNSW_HYBRID,0.00766,"[0.00,0.05)",34.654709,1.0
488,IVFFLAT_HYBRID,0.00766,"[0.00,0.05)",35.884458,1.0
494,SQL_FIRST,0.947082,"[0.50,1.00)",136.383208,1.0
494,VECTOR_FIRST_HNSW,0.947082,"[0.50,1.00)",172.478875,1.0
494,HNSW_HYBRID,0.947082,"[0.50,1.00)",137.103084,1.0
494,IVFFLAT_HYBRID,0.947082,"[0.50,1.00)",155.976166,1.0
