query,matched_rows,latency_ms,vectors_scanned,topk,recall_at_10
category == 'Speaker',124993,626.3408660888672,124993,"[708177, 701258, 565419, 236647, 565814, 36267, 886630, 957845, 453447, 923811]",0.2
category == 'Watch',124962,743.9208030700684,124962,"[932085, 561813, 562594, 600499, 619660, 2176, 454263, 722642, 480497, 225116]",0.2
category == 'TV',125467,516.2456035614014,125467,"[908244, 3752, 701919, 87578, 224263, 391655, 2837, 159953, 882946, 221339]",0.0
category == 'Camera',124977,409.72280502319336,124977,"[435345, 455537, 843384, 68299, 886222, 882, 871568, 930567, 180955, 899809]",0.2
category == 'Monitor',125095,494.2600727081299,125095,"[934876, 706771, 36538, 721706, 4009, 368702, 59844, 529986, 678385, 158759]",0.2
category == 'Phone',125051,88.2730484008789,125051,"[872728, 746931, 910119, 49874, 478814, 904911, 565484, 102903, 915482, 860056]",0.1
category == 'Tablet',124703,41.91422462463379,124703,"[695756, 562167, 568573, 779712, 619829, 541845, 171663, 956733, 931721, 403035]",0.1
category == 'Laptop',124752,50.75192451477051,124752,"[893601, 931632, 871066, 791852, 486457, 36139, 806773, 240996, 91348, 997919]",0.0
brand == 'Apple',125152,149.25384521484375,125152,"[932085, 435345, 893601, 562167, 746931, 3752, 910119, 779712, 701919, 4009]",0.2
brand == 'Asus',125072,61.283111572265625,125072,"[695756, 455537, 478814, 159953, 171663, 104122, 710644, 569837, 678385, 656997]",0.2
brand == 'Lenovo',125057,51.924943923950195,125057,"[843384, 886630, 721706, 87578, 368702, 806773, 871048, 947001, 403035, 871600]",0.0
brand == 'HP',124562,135.43391227722168,124562,"[701258, 562594, 568573, 36267, 480497, 391655, 930567, 988166, 732473, 923811]",0.1
brand == 'Sony',125233,184.86499786376953,125233,"[708177, 36538, 619660, 2176, 882, 565484, 915482, 59844, 882961, 556209]",0.1
brand == 'LG',124969,82.66401290893555,124969,"[934876, 565419, 565814, 931632, 722642, 886222, 224263, 541845, 102903, 221339]",0.1
brand == 'Samsung',125146,204.6670913696289,125146,"[600499, 68299, 871066, 619829, 791852, 899809, 465294, 237161, 398306, 931721]",0.0
brand == 'Dell',124809,125.82206726074219,124809,"[561813, 706771, 872728, 908244, 236647, 454263, 49874, 2837, 453447, 180955]",0.3
price < 200,76848,117.85078048706055,76848,"[708177, 882, 565484, 368702, 394507, 529986, 710644, 871048, 16429, 530400]",0.1
price < 500,230466,699.2759704589844,230466,"[708177, 600499, 562167, 746931, 68299, 619829, 882, 87578, 224263, 565484]",0.1
price < 800,385065,515.0938034057617,385065,"[932085, 708177, 435345, 36538, 600499, 562167, 746931, 565419, 722642, 843384]",0.3
price < 1200,589991,1843.5289859771729,589991,"[932085, 561813, 708177, 706771, 695756, 435345, 701258, 872728, 36538, 908244]",0.8
price < 1600,795149,996.6518878936768,795149,"[932085, 934876, 561813, 708177, 706771, 695756, 435345, 701258, 455537, 872728]",1.0
rating > 2.5,612283,244.14396286010742,612283,"[932085, 561813, 695756, 435345, 701258, 455537, 872728, 36538, 562594, 619660]",0.7
rating > 3.0,487262,1064.4400119781494,487262,"[932085, 561813, 695756, 435345, 701258, 455537, 872728, 36538, 562167, 746931]",0.7
rating > 3.5,362073,826.2720108032227,362073,"[932085, 561813, 695756, 701258, 455537, 872728, 562167, 746931, 565419, 2176]",0.6
rating > 4.0,236721,219.1910743713379,236721,"[932085, 561813, 701258, 455537, 746931, 565419, 2176, 454263, 3752, 722642]",0.4
rating > 4.5,112086,52.76894569396973,112086,"[455537, 746931, 565419, 2176, 480497, 237161, 871048, 385660, 933949, 561694]",0.1
stock == True,500146,915.0600433349609,500146,"[932085, 561813, 695756, 435345, 701258, 455537, 562594, 908244, 600499, 893601]",0.6
stock == False,499854,477.2021770477295,499854,"[934876, 708177, 706771, 872728, 36538, 619660, 565814, 36267, 2176, 454263]",0.4
category == 'Laptop' and price < 500,28864,30.22909164428711,28864,"[997919, 845066, 792391, 863299, 746111, 201884, 564313, 244305, 570424, 705721]",0.0
brand == 'Apple' and rating > 4,29805,132.39121437072754,29805,"[932085, 746931, 3752, 701919, 929921, 561694, 703365, 72761, 811700, 701108]",0.1
category == 'Phone' and stock == True,62437,35.18390655517578,62437,"[746931, 910119, 49874, 565484, 102903, 915482, 556209, 394507, 564914, 670103]",0.0
category == 'TV' and price < 1000,61215,23.250102996826172,61215,"[908244, 87578, 224263, 391655, 159953, 882946, 871048, 17310, 376161, 390261]",0.0
