query_id,strategy,median_latency_ms,mean_latency_ms,p95_latency_ms,recall_at_10,estimated_selectivity,bucket,adaptive_selected,is_adaptive_selection,repetitions
68,SQL_FIRST,15.839,15.839,16.08245,1.0,0.098665,"[0.05,0.10)",HNSW_HYBRID,False,2
68,VECTOR_FIRST_HNSW,35.1425,35.1425,35.3072747,1.0,0.098665,"[0.05,0.10)",HNSW_HYBRID,False,2
68,HNSW_HYBRID,14.030792,14.030792,14.1332795,1.0,0.098665,"[0.05,0.10)",HNSW_HYBRID,True,2
68,IVFFLAT_HYBRID,15.567042,15.567042,15.5959545,1.0,0.098665,"[0.05,0.10)",HNSW_HYBRID,False,2
173,SQL_FIRST,24.180354,24.180354,24.8867226,1.0,0.268215,"[0.25,0.50)",SQL_FIRST,True,2
173,VECTOR_FIRST_HNSW,33.3390625,33.3390625,33.70586875,1.0,0.268215,"[0.25,0.50)",SQL_FIRST,False,2
173,HNSW_HYBRID,23.400208499999998,23.400208499999998,23.45582085,1.0,0.268215,"[0.25,0.50)",SQL_FIRST,False,2
173,IVFFLAT_HYBRID,24.3133755,24.3133755,24.36283815,1.0,0.268215,"[0.25,0.50)",SQL_FIRST,False,2
19,SQL_FIRST,3.079396,3.079396,3.3620896,1.0,0.00502,"[0.00,0.05)",HNSW_HYBRID,False,2
19,VECTOR_FIRST_HNSW,35.7213955,35.7213955,35.852926450000005,0.2,0.00502,"[0.00,0.05)",HNSW_HYBRID,False,2
19,HNSW_HYBRID,3.3405829999999996,3.3405829999999996,3.4594955,1.0,0.00502,"[0.00,0.05)",HNSW_HYBRID,True,2
19,IVFFLAT_HYBRID,3.138979,3.138979,3.4110229000000003,1.0,0.00502,"[0.00,0.05)",HNSW_HYBRID,False,2
11,SQL_FIRST,3.7159375,3.7159375,4.01321875,1.0,0.005145,"[0.00,0.05)",HNSW_HYBRID,False,2
11,VECTOR_FIRST_HNSW,34.7248955,34.7248955,34.94050175,0.1,0.005145,"[0.00,0.05)",HNSW_HYBRID,False,2
11,HNSW_HYBRID,2.7188540000000003,2.7188540000000003,2.8843226,1.0,0.005145,"[0.00,0.05)",HNSW_HYBRID,True,2
11,IVFFLAT_HYBRID,2.9462085,2.9462085,3.15122085,1.0,0.005145,"[0.00,0.05)",HNSW_HYBRID,False,2
195,SQL_FIRST,23.226771,23.226771,24.501564300000002,1.0,0.272085,"[0.25,0.50)",SQL_FIRST,True,2
195,VECTOR_FIRST_HNSW,33.9022705,33.9022705,35.56331455,1.0,0.272085,"[0.25,0.50)",SQL_FIRST,False,2
195,HNSW_HYBRID,23.034520999999998,23.034520999999998,24.037702399999997,1.0,0.272085,"[0.25,0.50)",SQL_FIRST,False,2
195,IVFFLAT_HYBRID,21.241396,21.241396,21.341801800000002,1.0,0.272085,"[0.25,0.50)",SQL_FIRST,False,2
82,SQL_FIRST,15.280270999999999,15.280270999999999,15.6270896,1.0,0.098665,"[0.05,0.10)",HNSW_HYBRID,False,2
82,VECTOR_FIRST_HNSW,35.180875,35.180875,36.331937200000006,1.0,0.098665,"[0.05,0.10)",HNSW_HYBRID,False,2
82,HNSW_HYBRID,14.003021,14.003021,14.1468896,1.0,0.098665,"[0.05,0.10)",HNSW_HYBRID,True,2
82,IVFFLAT_HYBRID,15.780999999999999,15.780999999999999,15.88495,1.0,0.098665,"[0.05,0.10)",HNSW_HYBRID,False,2
135,SQL_FIRST,26.929542,26.929542,27.106392000000003,1.0,0.2033,"[0.10,0.25)",HNSW_HYBRID,False,2
135,VECTOR_FIRST_HNSW,34.111917,34.111917,34.1371548,1.0,0.2033,"[0.10,0.25)",HNSW_HYBRID,False,2
135,HNSW_HYBRID,24.6205625,24.6205625,26.40970625,1.0,0.2033,"[0.10,0.25)",HNSW_HYBRID,True,2
135,IVFFLAT_HYBRID,26.384646,26.384646,30.5200902,1.0,0.2033,"[0.10,0.25)",HNSW_HYBRID,False,2
84,SQL_FIRST,15.7834585,15.7834585,15.88249585,1.0,0.098665,"[0.05,0.10)",HNSW_HYBRID,False,2
84,VECTOR_FIRST_HNSW,34.0772085,34.0772085,34.17579585,1.0,0.098665,"[0.05,0.10)",HNSW_HYBRID,False,2
84,HNSW_HYBRID,14.0684795,14.0684795,14.15249855,1.0,0.098665,"[0.05,0.10)",HNSW_HYBRID,True,2
84,IVFFLAT_HYBRID,15.796958499999999,15.796958499999999,15.92115805,1.0,0.098665,"[0.05,0.10)",HNSW_HYBRID,False,2
180,SQL_FIRST,23.800354,23.800354,24.6375979,1.0,0.272595,"[0.25,0.50)",SQL_FIRST,True,2
180,VECTOR_FIRST_HNSW,32.457854,32.457854,32.6568854,1.0,0.272595,"[0.25,0.50)",SQL_FIRST,False,2
180,HNSW_HYBRID,21.168187500000002,21.168187500000002,21.489206250000002,1.0,0.272595,"[0.25,0.50)",SQL_FIRST,False,2
180,IVFFLAT_HYBRID,21.900937499999998,21.900937499999998,22.58075655,1.0,0.272595,"[0.25,0.50)",SQL_FIRST,False,2
107,SQL_FIRST,25.989250499999997,25.989250499999997,27.301075649999998,1.0,0.202665,"[0.10,0.25)",HNSW_HYBRID,False,2
107,VECTOR_FIRST_HNSW,35.6809375,35.6809375,37.027956249999995,1.0,0.202665,"[0.10,0.25)",HNSW_HYBRID,False,2
107,HNSW_HYBRID,24.4226455,24.4226455,25.39672675,1.0,0.202665,"[0.10,0.25)",HNSW_HYBRID,True,2
107,IVFFLAT_HYBRID,25.7475415,25.7475415,27.162904450000003,1.0,0.202665,"[0.10,0.25)",HNSW_HYBRID,False,2
217,SQL_FIRST,32.312833,32.312833,33.2552077,1.0,0.695705,"[0.50,1.00)",IVFFLAT_HYBRID,False,2
217,VECTOR_FIRST_HNSW,32.1886245,32.1886245,32.26324935,1.0,0.695705,"[0.50,1.00)",IVFFLAT_HYBRID,False,2
217,HNSW_HYBRID,31.776208500000003,31.776208500000003,32.085395850000005,1.0,0.695705,"[0.50,1.00)",IVFFLAT_HYBRID,False,2
217,IVFFLAT_HYBRID,32.236396,32.236396,32.7465646,1.0,0.695705,"[0.50,1.00)",IVFFLAT_HYBRID,True,2
205,SQL_FIRST,25.6682705,25.6682705,25.96236395,1.0,0.500835,"[0.50,1.00)",IVFFLAT_HYBRID,False,2
205,VECTOR_FIRST_HNSW,32.179041500000004,32.179041500000004,32.35277885,1.0,0.500835,"[0.50,1.00)",IVFFLAT_HYBRID,False,2
205,HNSW_HYBRID,25.556791500000003,25.556791500000003,25.99355385,1.0,0.500835,"[0.50,1.00)",IVFFLAT_HYBRID,False,2
205,IVFFLAT_HYBRID,24.9204795,24.9204795,25.017060750000002,1.0,0.500835,"[0.50,1.00)",IVFFLAT_HYBRID,True,2
150,SQL_FIRST,15.572603999999998,15.572603999999998,16.2256476,1.0,0.10253,"[0.10,0.25)",HNSW_HYBRID,False,2
150,VECTOR_FIRST_HNSW,34.3038125,34.3038125,34.63191875,1.0,0.10253,"[0.10,0.25)",HNSW_HYBRID,False,2
150,HNSW_HYBRID,15.2511245,15.2511245,15.321737149999999,1.0,0.10253,"[0.10,0.25)",HNSW_HYBRID,True,2
150,IVFFLAT_HYBRID,16.738021,16.738021,17.2509274,1.0,0.10253,"[0.10,0.25)",HNSW_HYBRID,False,2
183,SQL_FIRST,26.4982495,26.4982495,27.66648685,1.0,0.344765,"[0.25,0.50)",SQL_FIRST,True,2
183,VECTOR_FIRST_HNSW,31.786916500000004,31.786916500000004,32.77339165,1.0,0.344765,"[0.25,0.50)",SQL_FIRST,False,2
183,HNSW_HYBRID,24.551208000000003,24.551208000000003,24.680170800000003,1.0,0.344765,"[0.25,0.50)",SQL_FIRST,False,2
183,IVFFLAT_HYBRID,25.3930415,25.3930415,26.349591649999997,1.0,0.344765,"[0.25,0.50)",SQL_FIRST,False,2
187,SQL_FIRST,24.9286255,24.9286255,25.125238149999998,1.0,0.308735,"[0.25,0.50)",SQL_FIRST,True,2
187,VECTOR_FIRST_HNSW,32.993437,32.993437,33.262780899999996,1.0,0.308735,"[0.25,0.50)",SQL_FIRST,False,2
187,HNSW_HYBRID,23.6807705,23.6807705,23.82910175,1.0,0.308735,"[0.25,0.50)",SQL_FIRST,False,2
187,IVFFLAT_HYBRID,24.601375,24.601375,24.72175,1.0,0.308735,"[0.25,0.50)",SQL_FIRST,False,2
61,SQL_FIRST,17.327416499999998,17.327416499999998,19.682978849999998,1.0,0.098665,"[0.05,0.10)",HNSW_HYBRID,False,2
61,VECTOR_FIRST_HNSW,37.9166665,37.9166665,41.346979149999996,1.0,0.098665,"[0.05,0.10)",HNSW_HYBRID,False,2
61,HNSW_HYBRID,14.221875,14.221875,14.453624999999999,1.0,0.098665,"[0.05,0.10)",HNSW_HYBRID,True,2
61,IVFFLAT_HYBRID,15.7710625,15.7710625,15.84143125,1.0,0.098665,"[0.05,0.10)",HNSW_HYBRID,False,2
4,SQL_FIRST,3.8454375,3.8454375,3.99163125,1.0,0.00487,"[0.00,0.05)",HNSW_HYBRID,False,2
4,VECTOR_FIRST_HNSW,37.5561455,37.5561455,37.66558955,0.1,0.00487,"[0.00,0.05)",HNSW_HYBRID,False,2
4,HNSW_HYBRID,2.5325835,2.5325835,2.54724585,1.0,0.00487,"[0.00,0.05)",HNSW_HYBRID,True,2
4,IVFFLAT_HYBRID,5.587896,5.587896,7.4974899,1.0,0.00487,"[0.00,0.05)",HNSW_HYBRID,False,2
225,SQL_FIRST,34.598354,34.598354,35.1870854,1.0,0.7826,"[0.50,1.00)",IVFFLAT_HYBRID,False,2
225,VECTOR_FIRST_HNSW,32.7485415,32.7485415,32.75555385,1.0,0.7826,"[0.50,1.00)",IVFFLAT_HYBRID,False,2
225,HNSW_HYBRID,34.756667,34.756667,35.7071795,1.0,0.7826,"[0.50,1.00)",IVFFLAT_HYBRID,False,2
225,IVFFLAT_HYBRID,34.264125,34.264125,35.7087753,1.0,0.7826,"[0.50,1.00)",IVFFLAT_HYBRID,True,2
241,SQL_FIRST,25.946979,25.946979,26.7007479,1.0,0.500835,"[0.50,1.00)",IVFFLAT_HYBRID,False,2
241,VECTOR_FIRST_HNSW,32.412729,32.412729,32.6176851,1.0,0.500835,"[0.50,1.00)",IVFFLAT_HYBRID,False,2
241,HNSW_HYBRID,24.771354000000002,24.771354000000002,24.7994223,1.0,0.500835,"[0.50,1.00)",IVFFLAT_HYBRID,False,2
241,IVFFLAT_HYBRID,24.663479000000002,24.663479000000002,24.787284800000002,1.0,0.500835,"[0.50,1.00)",IVFFLAT_HYBRID,True,2
130,SQL_FIRST,15.751333,15.751333,16.2996202,1.0,0.104585,"[0.10,0.25)",HNSW_HYBRID,False,2
130,VECTOR_FIRST_HNSW,34.415375,34.415375,35.0247875,1.0,0.104585,"[0.10,0.25)",HNSW_HYBRID,False,2
130,HNSW_HYBRID,15.000604500000001,15.000604500000001,15.24726075,1.0,0.104585,"[0.10,0.25)",HNSW_HYBRID,True,2
130,IVFFLAT_HYBRID,16.693437,16.693437,16.9340556,1.0,0.104585,"[0.10,0.25)",HNSW_HYBRID,False,2
212,SQL_FIRST,33.192354,33.192354,36.4009854,1.0,0.79608,"[0.50,1.00)",IVFFLAT_HYBRID,False,2
212,VECTOR_FIRST_HNSW,29.424583499999997,29.424583499999997,32.99413335,1.0,0.79608,"[0.50,1.00)",IVFFLAT_HYBRID,False,2
212,HNSW_HYBRID,33.7062085,33.7062085,34.10678365,1.0,0.79608,"[0.50,1.00)",IVFFLAT_HYBRID,False,2
212,IVFFLAT_HYBRID,33.712375,33.712375,34.039525000000005,1.0,0.79608,"[0.50,1.00)",IVFFLAT_HYBRID,True,2
100,SQL_FIRST,15.277666499999999,15.277666499999999,15.58779165,1.0,0.099535,"[0.05,0.10)",HNSW_HYBRID,False,2
100,VECTOR_FIRST_HNSW,33.980042,33.980042,34.0126292,1.0,0.099535,"[0.05,0.10)",HNSW_HYBRID,False,2
100,HNSW_HYBRID,14.444062500000001,14.444062500000001,14.946955950000001,1.0,0.099535,"[0.05,0.10)",HNSW_HYBRID,True,2
100,IVFFLAT_HYBRID,15.956229500000001,15.956229500000001,16.010436050000003,1.0,0.099535,"[0.05,0.10)",HNSW_HYBRID,False,2
154,SQL_FIRST,22.405521,22.405521,23.212277399999998,1.0,0.27136,"[0.25,0.50)",SQL_FIRST,True,2
154,VECTOR_FIRST_HNSW,32.961749999999995,32.961749999999995,33.219788099999995,1.0,0.27136,"[0.25,0.50)",SQL_FIRST,False,2
154,HNSW_HYBRID,21.885896,21.885896,22.800539899999997,1.0,0.27136,"[0.25,0.50)",SQL_FIRST,False,2
154,IVFFLAT_HYBRID,21.0350835,21.0350835,21.12905835,1.0,0.27136,"[0.25,0.50)",SQL_FIRST,False,2
91,SQL_FIRST,14.908437,14.908437,15.8873931,1.0,0.099535,"[0.05,0.10)",HNSW_HYBRID,False,2
91,VECTOR_FIRST_HNSW,34.085167,34.085167,34.3235545,1.0,0.099535,"[0.05,0.10)",HNSW_HYBRID,False,2
91,HNSW_HYBRID,14.0887915,14.0887915,14.12764135,1.0,0.099535,"[0.05,0.10)",HNSW_HYBRID,True,2
91,IVFFLAT_HYBRID,15.798458,15.798458,15.9196952,1.0,0.099535,"[0.05,0.10)",HNSW_HYBRID,False,2
109,SQL_FIRST,15.9311245,15.9311245,15.933787149999999,1.0,0.1037,"[0.10,0.25)",HNSW_HYBRID,False,2
109,VECTOR_FIRST_HNSW,34.5090625,34.5090625,34.94933125,1.0,0.1037,"[0.10,0.25)",HNSW_HYBRID,False,2
109,HNSW_HYBRID,14.184104000000001,14.184104000000001,14.252860400000001,1.0,0.1037,"[0.10,0.25)",HNSW_HYBRID,True,2
109,IVFFLAT_HYBRID,15.869667,15.869667,16.0257423,1.0,0.1037,"[0.10,0.25)",HNSW_HYBRID,False,2
237,SQL_FIRST,36.438166499999994,36.438166499999994,36.915166049999996,1.0,0.87333,"[0.50,1.00)",IVFFLAT_HYBRID,False,2
237,VECTOR_FIRST_HNSW,32.962166499999995,32.962166499999995,33.56741695,1.0,0.87333,"[0.50,1.00)",IVFFLAT_HYBRID,False,2
237,HNSW_HYBRID,35.3501045,35.3501045,35.58206105,1.0,0.87333,"[0.50,1.00)",IVFFLAT_HYBRID,False,2
237,IVFFLAT_HYBRID,34.3095835,34.3095835,35.07822085,1.0,0.87333,"[0.50,1.00)",IVFFLAT_HYBRID,True,2
224,SQL_FIRST,34.1942085,34.1942085,34.45370865,1.0,0.81378,"[0.50,1.00)",IVFFLAT_HYBRID,False,2
224,VECTOR_FIRST_HNSW,32.7411875,32.7411875,33.365656550000004,1.0,0.81378,"[0.50,1.00)",IVFFLAT_HYBRID,False,2
224,HNSW_HYBRID,34.370854,34.370854,35.0565604,1.0,0.81378,"[0.50,1.00)",IVFFLAT_HYBRID,False,2
224,IVFFLAT_HYBRID,33.8913125,33.8913125,34.279981549999995,1.0,0.81378,"[0.50,1.00)",IVFFLAT_HYBRID,True,2
232,SQL_FIRST,27.2939795,27.2939795,29.36129795,1.0,0.500835,"[0.50,1.00)",IVFFLAT_HYBRID,False,2
232,VECTOR_FIRST_HNSW,33.794208499999996,33.794208499999996,35.32555895,1.0,0.500835,"[0.50,1.00)",IVFFLAT_HYBRID,False,2
232,HNSW_HYBRID,25.619208,25.619208,25.8602955,1.0,0.500835,"[0.50,1.00)",IVFFLAT_HYBRID,False,2
232,IVFFLAT_HYBRID,24.982396,24.982396,25.0172143,1.0,0.500835,"[0.50,1.00)",IVFFLAT_HYBRID,True,2
159,SQL_FIRST,20.554750499999997,20.554750499999997,21.04888785,1.0,0.27136,"[0.25,0.50)",SQL_FIRST,True,2
159,VECTOR_FIRST_HNSW,31.956458499999997,31.956458499999997,32.089996449999994,1.0,0.27136,"[0.25,0.50)",SQL_FIRST,False,2
159,HNSW_HYBRID,22.0443335,22.0443335,22.077895849999997,1.0,0.27136,"[0.25,0.50)",SQL_FIRST,False,2
159,IVFFLAT_HYBRID,22.4845415,22.4845415,22.98460355,1.0,0.27136,"[0.25,0.50)",SQL_FIRST,False,2
46,SQL_FIRST,3.4329164999999997,3.4329164999999997,3.9894913499999998,1.0,0.005075,"[0.00,0.05)",HNSW_HYBRID,False,2
46,VECTOR_FIRST_HNSW,35.774271,35.774271,35.8015896,0.0,0.005075,"[0.00,0.05)",HNSW_HYBRID,False,2
46,HNSW_HYBRID,3.4500830000000002,3.4500830000000002,3.9294455,1.0,0.005075,"[0.00,0.05)",HNSW_HYBRID,True,2
46,IVFFLAT_HYBRID,4.0162085,4.0162085,4.32310805,1.0,0.005075,"[0.00,0.05)",HNSW_HYBRID,False,2
242,SQL_FIRST,26.770312500000003,26.770312500000003,28.40484435,1.0,0.500835,"[0.50,1.00)",IVFFLAT_HYBRID,False,2
242,VECTOR_FIRST_HNSW,32.683708499999995,32.683708499999995,33.20158335,1.0,0.500835,"[0.50,1.00)",IVFFLAT_HYBRID,False,2
242,HNSW_HYBRID,25.293521,25.293521,25.5569402,1.0,0.500835,"[0.50,1.00)",IVFFLAT_HYBRID,False,2
242,IVFFLAT_HYBRID,24.9764795,24.9764795,25.34362325,1.0,0.500835,"[0.50,1.00)",IVFFLAT_HYBRID,True,2
161,SQL_FIRST,21.6067295,21.6067295,22.16032355,1.0,0.272595,"[0.25,0.50)",SQL_FIRST,True,2
161,VECTOR_FIRST_HNSW,32.431937500000004,32.431937500000004,32.47178095,1.0,0.272595,"[0.25,0.50)",SQL_FIRST,False,2
161,HNSW_HYBRID,21.0324585,21.0324585,21.05143365,1.0,0.272595,"[0.25,0.50)",SQL_FIRST,False,2
161,IVFFLAT_HYBRID,21.4985,21.4985,22.0514375,1.0,0.272595,"[0.25,0.50)",SQL_FIRST,False,2
167,SQL_FIRST,22.331021,22.331021,22.4139146,1.0,0.27136,"[0.25,0.50)",SQL_FIRST,True,2
167,VECTOR_FIRST_HNSW,33.8962085,33.8962085,34.83618335,1.0,0.27136,"[0.25,0.50)",SQL_FIRST,False,2
167,HNSW_HYBRID,22.5309785,22.5309785,24.12988475,1.0,0.27136,"[0.25,0.50)",SQL_FIRST,False,2
167,IVFFLAT_HYBRID,21.76,21.76,22.070725000000003,1.0,0.27136,"[0.25,0.50)",SQL_FIRST,False,2
151,SQL_FIRST,23.9259995,23.9259995,24.37243685,1.0,0.271845,"[0.25,0.50)",SQL_FIRST,True,2
151,VECTOR_FIRST_HNSW,36.769020499999996,36.769020499999996,37.51123925,1.0,0.271845,"[0.25,0.50)",SQL_FIRST,False,2
151,HNSW_HYBRID,21.9994165,21.9994165,22.905679149999997,1.0,0.271845,"[0.25,0.50)",SQL_FIRST,False,2
151,IVFFLAT_HYBRID,21.904353999999998,21.904353999999998,22.495747599999998,1.0,0.271845,"[0.25,0.50)",SQL_FIRST,False,2
55,SQL_FIRST,15.735021,15.735021,16.2420396,1.0,0.0967,"[0.05,0.10)",HNSW_HYBRID,False,2
55,VECTOR_FIRST_HNSW,36.3525625,36.3525625,37.49516875,1.0,0.0967,"[0.05,0.10)",HNSW_HYBRID,False,2
55,HNSW_HYBRID,14.213437500000001,14.213437500000001,14.337581250000001,1.0,0.0967,"[0.05,0.10)",HNSW_HYBRID,True,2
55,IVFFLAT_HYBRID,16.7250415,16.7250415,17.34169135,1.0,0.0967,"[0.05,0.10)",HNSW_HYBRID,False,2
101,SQL_FIRST,26.7552705,26.7552705,26.971214250000003,1.0,0.202665,"[0.10,0.25)",HNSW_HYBRID,False,2
101,VECTOR_FIRST_HNSW,31.4076455,31.4076455,33.92083925,1.0,0.202665,"[0.10,0.25)",HNSW_HYBRID,False,2
101,HNSW_HYBRID,24.6113125,24.6113125,25.04816845,1.0,0.202665,"[0.10,0.25)",HNSW_HYBRID,True,2
101,IVFFLAT_HYBRID,26.926625,26.926625,27.1945253,1.0,0.202665,"[0.10,0.25)",HNSW_HYBRID,False,2
118,SQL_FIRST,27.376604,27.376604,27.6521354,1.0,0.2004,"[0.10,0.25)",HNSW_HYBRID,False,2
118,VECTOR_FIRST_HNSW,33.991687,33.991687,33.9992434,1.0,0.2004,"[0.10,0.25)",HNSW_HYBRID,False,2
118,HNSW_HYBRID,24.9798745,24.9798745,25.17041215,1.0,0.2004,"[0.10,0.25)",HNSW_HYBRID,True,2
118,IVFFLAT_HYBRID,28.0753125,28.0753125,29.232656249999998,1.0,0.2004,"[0.10,0.25)",HNSW_HYBRID,False,2
2,SQL_FIRST,2.8999375,2.8999375,3.19988185,1.0,0.00319,"[0.00,0.05)",HNSW_HYBRID,False,2
2,VECTOR_FIRST_HNSW,36.0080625,36.0080625,36.72110595,0.1,0.00319,"[0.00,0.05)",HNSW_HYBRID,False,2
2,HNSW_HYBRID,2.0767295,2.0767295,2.39099825,1.0,0.00319,"[0.00,0.05)",HNSW_HYBRID,True,2
2,IVFFLAT_HYBRID,2.1750415,2.1750415,2.56567885,1.0,0.00319,"[0.00,0.05)",HNSW_HYBRID,False,2
29,SQL_FIRST,3.8364585,3.8364585,3.89207085,1.0,0.004995,"[0.00,0.05)",HNSW_HYBRID,False,2
29,VECTOR_FIRST_HNSW,35.801083500000004,35.801083500000004,35.84120865,0.2,0.004995,"[0.00,0.05)",HNSW_HYBRID,False,2
29,HNSW_HYBRID,3.0467500000000003,3.0467500000000003,3.0849253,1.0,0.004995,"[0.00,0.05)",HNSW_HYBRID,True,2
29,IVFFLAT_HYBRID,2.2900210000000003,2.2900210000000003,2.4371521,1.0,0.004995,"[0.00,0.05)",HNSW_HYBRID,False,2
51,SQL_FIRST,15.633041500000001,15.633041500000001,15.63862915,1.0,0.098665,"[0.05,0.10)",HNSW_HYBRID,False,2
51,VECTOR_FIRST_HNSW,33.9719795,33.9719795,34.031998249999994,1.0,0.098665,"[0.05,0.10)",HNSW_HYBRID,False,2
51,HNSW_HYBRID,14.2413955,14.2413955,14.46926425,1.0,0.098665,"[0.05,0.10)",HNSW_HYBRID,True,2
51,IVFFLAT_HYBRID,15.6751875,15.6751875,15.67771875,1.0,0.098665,"[0.05,0.10)",HNSW_HYBRID,False,2
5,SQL_FIRST,13.2845625,13.2845625,13.36831875,1.0,0.049865,"[0.00,0.05)",HNSW_HYBRID,False,2
5,VECTOR_FIRST_HNSW,34.088833,34.088833,34.3382077,1.0,0.049865,"[0.00,0.05)",HNSW_HYBRID,False,2
5,HNSW_HYBRID,11.116958499999999,11.116958499999999,11.201933350000001,1.0,0.049865,"[0.00,0.05)",HNSW_HYBRID,True,2
5,IVFFLAT_HYBRID,13.2772915,13.2772915,13.32990415,1.0,0.049865,"[0.00,0.05)",HNSW_HYBRID,False,2
203,SQL_FIRST,26.144374499999998,26.144374499999998,27.515674349999998,1.0,0.500835,"[0.50,1.00)",IVFFLAT_HYBRID,False,2
203,VECTOR_FIRST_HNSW,32.74225,32.74225,32.7926131,1.0,0.500835,"[0.50,1.00)",IVFFLAT_HYBRID,False,2
203,HNSW_HYBRID,25.396375,25.396375,25.997275300000002,1.0,0.500835,"[0.50,1.00)",IVFFLAT_HYBRID,False,2
203,IVFFLAT_HYBRID,24.565125000000002,24.565125000000002,24.5672625,1.0,0.500835,"[0.50,1.00)",IVFFLAT_HYBRID,True,2
30,SQL_FIRST,12.337729,12.337729,13.529010399999999,1.0,0.049865,"[0.00,0.05)",HNSW_HYBRID,False,2
30,VECTOR_FIRST_HNSW,33.9063125,33.9063125,33.92646845,1.0,0.049865,"[0.00,0.05)",HNSW_HYBRID,False,2
30,HNSW_HYBRID,10.970854,10.970854,11.046547599999998,1.0,0.049865,"[0.00,0.05)",HNSW_HYBRID,True,2
30,IVFFLAT_HYBRID,13.1812705,13.1812705,13.21867675,1.0,0.049865,"[0.00,0.05)",HNSW_HYBRID,False,2
177,SQL_FIRST,27.7325415,27.7325415,27.91992915,1.0,0.428,"[0.25,0.50)",SQL_FIRST,True,2
177,VECTOR_FIRST_HNSW,32.4772295,32.4772295,32.95859855,1.0,0.428,"[0.25,0.50)",SQL_FIRST,False,2
177,HNSW_HYBRID,26.1536875,26.1536875,26.41125625,1.0,0.428,"[0.25,0.50)",SQL_FIRST,False,2
177,IVFFLAT_HYBRID,26.7393955,26.7393955,27.55946425,1.0,0.428,"[0.25,0.50)",SQL_FIRST,False,2
153,SQL_FIRST,21.791895500000003,21.791895500000003,21.97210205,1.0,0.267975,"[0.25,0.50)",SQL_FIRST,True,2
153,VECTOR_FIRST_HNSW,32.9729375,32.9729375,33.748269050000005,1.0,0.267975,"[0.25,0.50)",SQL_FIRST,False,2
153,HNSW_HYBRID,21.285978999999998,21.285978999999998,21.4542979,1.0,0.267975,"[0.25,0.50)",SQL_FIRST,False,2
153,IVFFLAT_HYBRID,21.6936245,21.6936245,22.11523715,1.0,0.267975,"[0.25,0.50)",SQL_FIRST,False,2
185,SQL_FIRST,26.444812499999998,26.444812499999998,27.07438095,1.0,0.382635,"[0.25,0.50)",SQL_FIRST,True,2
185,VECTOR_FIRST_HNSW,33.358562500000005,33.358562500000005,34.21718185,1.0,0.382635,"[0.25,0.50)",SQL_FIRST,False,2
185,HNSW_HYBRID,25.873729,25.873729,26.3176351,1.0,0.382635,"[0.25,0.50)",SQL_FIRST,False,2
185,IVFFLAT_HYBRID,26.309833,26.309833,26.546308,1.0,0.382635,"[0.25,0.50)",SQL_FIRST,False,2
77,SQL_FIRST,15.2320005,15.2320005,15.79116285,1.0,0.098665,"[0.05,0.10)",HNSW_HYBRID,False,2
77,VECTOR_FIRST_HNSW,34.537125,34.537125,35.005575,1.0,0.098665,"[0.05,0.10)",HNSW_HYBRID,False,2
77,HNSW_HYBRID,14.1016875,14.1016875,14.14078125,1.0,0.098665,"[0.05,0.10)",HNSW_HYBRID,True,2
77,IVFFLAT_HYBRID,15.807625,15.807625,15.86185,1.0,0.098665,"[0.05,0.10)",HNSW_HYBRID,False,2
26,SQL_FIRST,13.3112085,13.3112085,13.52747085,1.0,0.04985,"[0.00,0.05)",HNSW_HYBRID,False,2
26,VECTOR_FIRST_HNSW,34.73133300000001,34.73133300000001,35.2355202,1.0,0.04985,"[0.00,0.05)",HNSW_HYBRID,False,2
26,HNSW_HYBRID,12.005229499999999,12.005229499999999,13.010210449999999,1.0,0.04985,"[0.00,0.05)",HNSW_HYBRID,True,2
26,IVFFLAT_HYBRID,13.346063000000001,13.346063000000001,13.4460566,1.0,0.04985,"[0.00,0.05)",HNSW_HYBRID,False,2
37,SQL_FIRST,2.056417,2.056417,2.214592,1.0,0.0012,"[0.00,0.05)",HNSW_HYBRID,False,2
37,VECTOR_FIRST_HNSW,34.6951045,34.6951045,34.70326075,0.2,0.0012,"[0.00,0.05)",HNSW_HYBRID,False,2
37,HNSW_HYBRID,1.2620415,1.2620415,1.27415415,1.0,0.0012,"[0.00,0.05)",HNSW_HYBRID,True,2
37,IVFFLAT_HYBRID,1.4993124999999998,1.4993124999999998,1.77596845,1.0,0.0012,"[0.00,0.05)",HNSW_HYBRID,False,2
220,SQL_FIRST,37.4110625,37.4110625,38.664856549999996,1.0,0.93802,"[0.50,1.00)",IVFFLAT_HYBRID,False,2
220,VECTOR_FIRST_HNSW,33.722207999999995,33.722207999999995,34.5847833,1.0,0.93802,"[0.50,1.00)",IVFFLAT_HYBRID,False,2
220,HNSW_HYBRID,35.897853999999995,35.897853999999995,35.998560399999995,1.0,0.93802,"[0.50,1.00)",IVFFLAT_HYBRID,False,2
220,IVFFLAT_HYBRID,37.168521,37.168521,37.224827700000006,1.0,0.93802,"[0.50,1.00)",IVFFLAT_HYBRID,True,2
129,SQL_FIRST,15.220229,15.220229,15.995335100000002,1.0,0.10135,"[0.10,0.25)",HNSW_HYBRID,False,2
129,VECTOR_FIRST_HNSW,34.017250000000004,34.017250000000004,34.0275622,1.0,0.10135,"[0.10,0.25)",HNSW_HYBRID,False,2
129,HNSW_HYBRID,14.197792,14.197792,14.6579917,1.0,0.10135,"[0.10,0.25)",HNSW_HYBRID,True,2
129,IVFFLAT_HYBRID,15.832729,15.832729,16.5315601,1.0,0.10135,"[0.10,0.25)",HNSW_HYBRID,False,2
74,SQL_FIRST,16.218125,16.218125,16.786925,1.0,0.098965,"[0.05,0.10)",HNSW_HYBRID,False,2
74,VECTOR_FIRST_HNSW,34.978958,34.978958,35.2426958,1.0,0.098965,"[0.05,0.10)",HNSW_HYBRID,False,2
74,HNSW_HYBRID,13.4872295,13.4872295,13.738536049999999,1.0,0.098965,"[0.05,0.10)",HNSW_HYBRID,True,2
74,IVFFLAT_HYBRID,15.196833,15.196833,15.575658299999999,1.0,0.098965,"[0.05,0.10)",HNSW_HYBRID,False,2
114,SQL_FIRST,24.360333500000003,24.360333500000003,26.248533950000002,1.0,0.202665,"[0.10,0.25)",HNSW_HYBRID,False,2
114,VECTOR_FIRST_HNSW,32.8920205,32.8920205,33.90671425,1.0,0.202665,"[0.10,0.25)",HNSW_HYBRID,False,2
114,HNSW_HYBRID,24.788229,24.788229,24.7929351,1.0,0.202665,"[0.10,0.25)",HNSW_HYBRID,True,2
114,IVFFLAT_HYBRID,26.7578125,26.7578125,27.01151845,1.0,0.202665,"[0.10,0.25)",HNSW_HYBRID,False,2
89,SQL_FIRST,15.7281665,15.7281665,15.747666350000001,1.0,0.0999,"[0.05,0.10)",HNSW_HYBRID,False,2
89,VECTOR_FIRST_HNSW,34.4671875,34.4671875,34.47860625,1.0,0.0999,"[0.05,0.10)",HNSW_HYBRID,False,2
89,HNSW_HYBRID,15.334167,15.334167,16.725341999999998,1.0,0.0999,"[0.05,0.10)",HNSW_HYBRID,True,2
89,IVFFLAT_HYBRID,16.326625,16.326625,16.841838099999997,1.0,0.0999,"[0.05,0.10)",HNSW_HYBRID,False,2
140,SQL_FIRST,16.8131455,16.8131455,17.03178925,1.0,0.100395,"[0.10,0.25)",HNSW_HYBRID,False,2
140,VECTOR_FIRST_HNSW,34.972896500000004,34.972896500000004,35.70454025,1.0,0.100395,"[0.10,0.25)",HNSW_HYBRID,False,2
140,HNSW_HYBRID,14.832542,14.832542,15.207992299999999,1.0,0.100395,"[0.10,0.25)",HNSW_HYBRID,True,2
140,IVFFLAT_HYBRID,16.393500000000003,16.393500000000003,16.3992375,1.0,0.100395,"[0.10,0.25)",HNSW_HYBRID,False,2
98,SQL_FIRST,15.9036045,15.9036045,15.997186050000002,1.0,0.098965,"[0.05,0.10)",HNSW_HYBRID,False,2
98,VECTOR_FIRST_HNSW,36.367354500000005,36.367354500000005,38.48252325,1.0,0.098965,"[0.05,0.10)",HNSW_HYBRID,False,2
98,HNSW_HYBRID,13.9829375,13.9829375,14.03680655,1.0,0.098965,"[0.05,0.10)",HNSW_HYBRID,True,2
98,IVFFLAT_HYBRID,15.676479,15.676479,15.7498848,1.0,0.098965,"[0.05,0.10)",HNSW_HYBRID,False,2
229,SQL_FIRST,27.788542,27.788542,28.448804499999998,1.0,0.500835,"[0.50,1.00)",IVFFLAT_HYBRID,False,2
229,VECTOR_FIRST_HNSW,33.9827705,33.9827705,34.37061425,1.0,0.500835,"[0.50,1.00)",IVFFLAT_HYBRID,False,2
229,HNSW_HYBRID,27.8996455,27.8996455,28.36575145,1.0,0.500835,"[0.50,1.00)",IVFFLAT_HYBRID,False,2
229,IVFFLAT_HYBRID,38.723979,38.723979,50.6593101,1.0,0.500835,"[0.50,1.00)",IVFFLAT_HYBRID,True,2
13,SQL_FIRST,10.0959795,10.0959795,16.46837325,1.0,0.00493,"[0.00,0.05)",HNSW_HYBRID,False,2
13,VECTOR_FIRST_HNSW,136.340375,136.340375,230.3129003,0.3,0.00493,"[0.00,0.05)",HNSW_HYBRID,False,2
13,HNSW_HYBRID,3.782541,3.782541,4.7094285,1.0,0.00493,"[0.00,0.05)",HNSW_HYBRID,True,2
13,IVFFLAT_HYBRID,2.971563,2.971563,3.1035066000000002,1.0,0.00493,"[0.00,0.05)",HNSW_HYBRID,False,2
228,SQL_FIRST,35.6651665,35.6651665,35.77597945,1.0,0.808535,"[0.50,1.00)",IVFFLAT_HYBRID,False,2
228,VECTOR_FIRST_HNSW,40.3758955,40.3758955,42.30795205,1.0,0.808535,"[0.50,1.00)",IVFFLAT_HYBRID,False,2
228,HNSW_HYBRID,39.102729,39.102729,40.1895726,1.0,0.808535,"[0.50,1.00)",IVFFLAT_HYBRID,False,2
228,IVFFLAT_HYBRID,35.400771,35.400771,35.825439599999996,1.0,0.808535,"[0.50,1.00)",IVFFLAT_HYBRID,True,2
168,SQL_FIRST,21.307917,21.307917,21.9231417,1.0,0.272595,"[0.25,0.50)",SQL_FIRST,True,2
168,VECTOR_FIRST_HNSW,33.9383755,33.9383755,34.14320065,1.0,0.272595,"[0.25,0.50)",SQL_FIRST,False,2
168,HNSW_HYBRID,21.488125500000002,21.488125500000002,21.54760065,1.0,0.272595,"[0.25,0.50)",SQL_FIRST,False,2
168,IVFFLAT_HYBRID,22.8032295,22.8032295,23.498873250000003,1.0,0.272595,"[0.25,0.50)",SQL_FIRST,False,2
8,SQL_FIRST,12.307396,12.307396,13.3618027,1.0,0.04925,"[0.00,0.05)",HNSW_HYBRID,False,2
8,VECTOR_FIRST_HNSW,35.14875,35.14875,36.05055,1.0,0.04925,"[0.00,0.05)",HNSW_HYBRID,False,2
8,HNSW_HYBRID,11.652666,11.652666,12.116615999999999,1.0,0.04925,"[0.00,0.05)",HNSW_HYBRID,True,2
8,IVFFLAT_HYBRID,13.224833,13.224833,13.3894205,1.0,0.04925,"[0.00,0.05)",HNSW_HYBRID,False,2
197,SQL_FIRST,27.053729,27.053729,27.5619104,1.0,0.3663,"[0.25,0.50)",SQL_FIRST,True,2
197,VECTOR_FIRST_HNSW,33.690167,33.690167,34.5727673,1.0,0.3663,"[0.25,0.50)",SQL_FIRST,False,2
197,HNSW_HYBRID,26.946792000000002,26.946792000000002,28.674117,1.0,0.3663,"[0.25,0.50)",SQL_FIRST,False,2
197,IVFFLAT_HYBRID,26.6646875,26.6646875,27.64638095,1.0,0.3663,"[0.25,0.50)",SQL_FIRST,False,2
199,SQL_FIRST,28.2729375,28.2729375,33.88640625,1.0,0.2705,"[0.25,0.50)",SQL_FIRST,True,2
199,VECTOR_FIRST_HNSW,33.476625,33.476625,33.7486878,1.0,0.2705,"[0.25,0.50)",SQL_FIRST,False,2
199,HNSW_HYBRID,22.682104000000002,22.682104000000002,22.7871223,1.0,0.2705,"[0.25,0.50)",SQL_FIRST,False,2
199,IVFFLAT_HYBRID,23.1709785,23.1709785,24.74637225,1.0,0.2705,"[0.25,0.50)",SQL_FIRST,False,2
174,SQL_FIRST,21.7114165,21.7114165,21.85365385,1.0,0.271845,"[0.25,0.50)",SQL_FIRST,True,2
174,VECTOR_FIRST_HNSW,33.980396,33.980396,34.0518146,1.0,0.271845,"[0.25,0.50)",SQL_FIRST,False,2
174,HNSW_HYBRID,22.671000499999998,22.671000499999998,22.93927565,1.0,0.271845,"[0.25,0.50)",SQL_FIRST,False,2
174,IVFFLAT_HYBRID,22.8033335,22.8033335,22.90754585,1.0,0.271845,"[0.25,0.50)",SQL_FIRST,False,2
125,SQL_FIRST,15.201333,15.201333,15.7517955,1.0,0.100435,"[0.10,0.25)",HNSW_HYBRID,False,2
125,VECTOR_FIRST_HNSW,34.3918545,34.3918545,34.69041105,1.0,0.100435,"[0.10,0.25)",HNSW_HYBRID,False,2
125,HNSW_HYBRID,14.6425,14.6425,15.224012499999999,1.0,0.100435,"[0.10,0.25)",HNSW_HYBRID,True,2
125,IVFFLAT_HYBRID,15.939229000000001,15.939229000000001,16.1057479,1.0,0.100435,"[0.10,0.25)",HNSW_HYBRID,False,2
172,SQL_FIRST,22.4662495,22.4662495,23.33246215,1.0,0.25821,"[0.25,0.50)",SQL_FIRST,True,2
172,VECTOR_FIRST_HNSW,32.045083,32.045083,32.3082583,1.0,0.25821,"[0.25,0.50)",SQL_FIRST,False,2
172,HNSW_HYBRID,21.027666500000002,21.027666500000002,21.54175415,1.0,0.25821,"[0.25,0.50)",SQL_FIRST,False,2
172,IVFFLAT_HYBRID,20.724728499999998,20.724728499999998,21.02954725,1.0,0.25821,"[0.25,0.50)",SQL_FIRST,False,2
71,SQL_FIRST,14.881708499999998,14.881708499999998,15.652971149999999,1.0,0.0967,"[0.05,0.10)",HNSW_HYBRID,False,2
71,VECTOR_FIRST_HNSW,34.664021,34.664021,36.4976774,1.0,0.0967,"[0.05,0.10)",HNSW_HYBRID,False,2
71,HNSW_HYBRID,14.724854,14.724854,14.8676732,1.0,0.0967,"[0.05,0.10)",HNSW_HYBRID,True,2
71,IVFFLAT_HYBRID,16.0892085,16.0892085,16.38677145,1.0,0.0967,"[0.05,0.10)",HNSW_HYBRID,False,2
134,SQL_FIRST,27.041104,27.041104,27.0499348,1.0,0.199965,"[0.10,0.25)",HNSW_HYBRID,False,2
134,VECTOR_FIRST_HNSW,35.0342915,35.0342915,35.72624165,1.0,0.199965,"[0.10,0.25)",HNSW_HYBRID,False,2
134,HNSW_HYBRID,25.7117085,25.7117085,26.54765865,1.0,0.199965,"[0.10,0.25)",HNSW_HYBRID,True,2
134,IVFFLAT_HYBRID,27.0984375,27.0984375,27.241931249999997,1.0,0.199965,"[0.10,0.25)",HNSW_HYBRID,False,2
39,SQL_FIRST,3.7255415,3.7255415,3.9796038499999997,1.0,0.005025,"[0.00,0.05)",HNSW_HYBRID,False,2
39,VECTOR_FIRST_HNSW,35.473957999999996,35.473957999999996,35.970083,0.1,0.005025,"[0.00,0.05)",HNSW_HYBRID,False,2
39,HNSW_HYBRID,2.943438,2.943438,2.9991065999999997,1.0,0.005025,"[0.00,0.05)",HNSW_HYBRID,True,2
39,IVFFLAT_HYBRID,3.318562,3.318562,3.4930684,1.0,0.005025,"[0.00,0.05)",HNSW_HYBRID,False,2
72,SQL_FIRST,15.960521,15.960521,16.0052771,1.0,0.099535,"[0.05,0.10)",HNSW_HYBRID,False,2
72,VECTOR_FIRST_HNSW,35.1425625,35.1425625,36.17934405,1.0,0.099535,"[0.05,0.10)",HNSW_HYBRID,False,2
72,HNSW_HYBRID,14.271146,14.271146,14.590777399999999,1.0,0.099535,"[0.05,0.10)",HNSW_HYBRID,True,2
72,IVFFLAT_HYBRID,16.582854,16.582854,17.2061229,1.0,0.099535,"[0.05,0.10)",HNSW_HYBRID,False,2
112,SQL_FIRST,28.6455625,28.6455625,29.732256250000002,1.0,0.1991,"[0.10,0.25)",HNSW_HYBRID,False,2
112,VECTOR_FIRST_HNSW,34.919666,34.919666,35.782428499999995,1.0,0.1991,"[0.10,0.25)",HNSW_HYBRID,False,2
112,HNSW_HYBRID,24.432667000000002,24.432667000000002,26.0911042,1.0,0.1991,"[0.10,0.25)",HNSW_HYBRID,True,2
112,IVFFLAT_HYBRID,26.2292085,26.2292085,28.07432145,1.0,0.1991,"[0.10,0.25)",HNSW_HYBRID,False,2
79,SQL_FIRST,14.1183545,14.1183545,14.16082325,1.0,0.098665,"[0.05,0.10)",HNSW_HYBRID,False,2
79,VECTOR_FIRST_HNSW,30.5193335,30.5193335,30.534445849999997,1.0,0.098665,"[0.05,0.10)",HNSW_HYBRID,False,2
79,HNSW_HYBRID,13.323021,13.323021,13.4442402,1.0,0.098665,"[0.05,0.10)",HNSW_HYBRID,True,2
79,IVFFLAT_HYBRID,14.3054375,14.3054375,14.43115625,1.0,0.098665,"[0.05,0.10)",HNSW_HYBRID,False,2
190,SQL_FIRST,21.101354,21.101354,21.118210100000002,1.0,0.2705,"[0.25,0.50)",SQL_FIRST,True,2
190,VECTOR_FIRST_HNSW,29.7725,29.7725,30.103025,1.0,0.2705,"[0.25,0.50)",SQL_FIRST,False,2
190,HNSW_HYBRID,20.258353999999997,20.258353999999997,20.911622599999998,1.0,0.2705,"[0.25,0.50)",SQL_FIRST,False,2
190,IVFFLAT_HYBRID,20.3450625,20.3450625,20.71250595,1.0,0.2705,"[0.25,0.50)",SQL_FIRST,False,2
97,SQL_FIRST,14.2771455,14.2771455,15.18275205,1.0,0.0967,"[0.05,0.10)",HNSW_HYBRID,False,2
97,VECTOR_FIRST_HNSW,30.6819585,30.6819585,30.71848365,1.0,0.0967,"[0.05,0.10)",HNSW_HYBRID,False,2
97,HNSW_HYBRID,29.8863335,29.8863335,44.72264585,1.0,0.0967,"[0.05,0.10)",HNSW_HYBRID,True,2
97,IVFFLAT_HYBRID,17.0644375,17.0644375,19.34111845,1.0,0.0967,"[0.05,0.10)",HNSW_HYBRID,False,2
157,SQL_FIRST,23.6794375,23.6794375,25.56634375,1.0,0.272595,"[0.25,0.50)",SQL_FIRST,True,2
157,VECTOR_FIRST_HNSW,30.0202915,30.0202915,30.25672915,1.0,0.272595,"[0.25,0.50)",SQL_FIRST,False,2
157,HNSW_HYBRID,22.216333,22.216333,23.994807700000003,1.0,0.272595,"[0.25,0.50)",SQL_FIRST,False,2
157,IVFFLAT_HYBRID,22.9684165,22.9684165,24.45019135,1.0,0.272595,"[0.25,0.50)",SQL_FIRST,False,2
45,SQL_FIRST,3.1493539999999998,3.1493539999999998,3.1828601,1.0,0.005055,"[0.00,0.05)",HNSW_HYBRID,False,2
45,VECTOR_FIRST_HNSW,32.3406045,32.3406045,32.673960449999996,0.3,0.005055,"[0.00,0.05)",HNSW_HYBRID,False,2
45,HNSW_HYBRID,3.0703335,3.0703335,3.47192115,1.0,0.005055,"[0.00,0.05)",HNSW_HYBRID,True,2
45,IVFFLAT_HYBRID,3.0500629999999997,3.0500629999999997,3.4685818999999998,1.0,0.005055,"[0.00,0.05)",HNSW_HYBRID,False,2
133,SQL_FIRST,24.419562499999998,24.419562499999998,24.88694375,1.0,0.202665,"[0.10,0.25)",HNSW_HYBRID,False,2
133,VECTOR_FIRST_HNSW,31.3042085,31.3042085,31.86742085,1.0,0.202665,"[0.10,0.25)",HNSW_HYBRID,False,2
133,HNSW_HYBRID,23.269041,23.269041,23.374340999999998,1.0,0.202665,"[0.10,0.25)",HNSW_HYBRID,True,2
133,IVFFLAT_HYBRID,24.291687500000002,24.291687500000002,24.35676875,1.0,0.202665,"[0.10,0.25)",HNSW_HYBRID,False,2
235,SQL_FIRST,35.733604,35.733604,37.6230604,1.0,0.99667,"[0.50,1.00)",IVFFLAT_HYBRID,False,2
235,VECTOR_FIRST_HNSW,30.307083499999997,30.307083499999997,30.77924645,1.0,0.99667,"[0.50,1.00)",IVFFLAT_HYBRID,False,2
235,HNSW_HYBRID,36.2289165,36.2289165,38.576716350000005,1.0,0.99667,"[0.50,1.00)",IVFFLAT_HYBRID,False,2
235,IVFFLAT_HYBRID,37.58775,37.58775,40.5367872,1.0,0.99667,"[0.50,1.00)",IVFFLAT_HYBRID,True,2
33,SQL_FIRST,12.774999999999999,12.774999999999999,13.6624,1.0,0.049565,"[0.00,0.05)",HNSW_HYBRID,False,2
33,VECTOR_FIRST_HNSW,35.302229,35.302229,35.5265729,1.0,0.049565,"[0.00,0.05)",HNSW_HYBRID,False,2
33,HNSW_HYBRID,11.3630835,11.3630835,11.82234585,1.0,0.049565,"[0.00,0.05)",HNSW_HYBRID,True,2
33,IVFFLAT_HYBRID,13.3538125,13.3538125,13.793743749999999,1.0,0.049565,"[0.00,0.05)",HNSW_HYBRID,False,2
200,SQL_FIRST,22.2635,22.2635,23.070012499999997,1.0,0.267975,"[0.25,0.50)",SQL_FIRST,True,2
200,VECTOR_FIRST_HNSW,32.646021000000005,32.646021000000005,33.1446021,1.0,0.267975,"[0.25,0.50)",SQL_FIRST,False,2
200,HNSW_HYBRID,21.9714375,21.9714375,22.56639375,1.0,0.267975,"[0.25,0.50)",SQL_FIRST,False,2
200,IVFFLAT_HYBRID,21.9136875,21.9136875,22.53823125,1.0,0.267975,"[0.25,0.50)",SQL_FIRST,False,2
25,SQL_FIRST,12.362041999999999,12.362041999999999,13.6316045,1.0,0.049565,"[0.00,0.05)",HNSW_HYBRID,False,2
25,VECTOR_FIRST_HNSW,34.6236875,34.6236875,35.19543185,1.0,0.049565,"[0.00,0.05)",HNSW_HYBRID,False,2
25,HNSW_HYBRID,11.3036875,11.3036875,11.58893125,1.0,0.049565,"[0.00,0.05)",HNSW_HYBRID,True,2
25,IVFFLAT_HYBRID,13.4431255,13.4431255,13.64060035,1.0,0.049565,"[0.00,0.05)",HNSW_HYBRID,False,2
69,SQL_FIRST,15.594415999999999,15.594415999999999,16.9175285,1.0,0.098965,"[0.05,0.10)",HNSW_HYBRID,False,2
69,VECTOR_FIRST_HNSW,32.8822915,32.8822915,34.498916050000005,1.0,0.098965,"[0.05,0.10)",HNSW_HYBRID,False,2
69,HNSW_HYBRID,13.12125,13.12125,13.232587200000001,1.0,0.098965,"[0.05,0.10)",HNSW_HYBRID,True,2
69,IVFFLAT_HYBRID,14.563896,14.563896,14.674164900000001,1.0,0.098965,"[0.05,0.10)",HNSW_HYBRID,False,2
113,SQL_FIRST,14.652999999999999,14.652999999999999,15.2997625,1.0,0.10058,"[0.10,0.25)",HNSW_HYBRID,False,2
113,VECTOR_FIRST_HNSW,30.959521,30.959521,32.7341149,1.0,0.10058,"[0.10,0.25)",HNSW_HYBRID,False,2
113,HNSW_HYBRID,14.722667,14.722667,15.8048045,1.0,0.10058,"[0.10,0.25)",HNSW_HYBRID,True,2
113,IVFFLAT_HYBRID,14.6754165,14.6754165,14.75004135,1.0,0.10058,"[0.10,0.25)",HNSW_HYBRID,False,2
117,SQL_FIRST,24.064396,24.064396,24.1027018,1.0,0.202665,"[0.10,0.25)",HNSW_HYBRID,False,2
117,VECTOR_FIRST_HNSW,31.0160415,31.0160415,31.210854150000003,1.0,0.202665,"[0.10,0.25)",HNSW_HYBRID,False,2
117,HNSW_HYBRID,23.5317705,23.5317705,24.546164549999997,1.0,0.202665,"[0.10,0.25)",HNSW_HYBRID,True,2
117,IVFFLAT_HYBRID,24.791874999999997,24.791874999999997,25.367425,1.0,0.202665,"[0.10,0.25)",HNSW_HYBRID,False,2
47,SQL_FIRST,12.406333499999999,12.406333499999999,12.98282085,1.0,0.04843,"[0.00,0.05)",HNSW_HYBRID,False,2
47,VECTOR_FIRST_HNSW,32.552437499999996,32.552437499999996,34.32605625,1.0,0.04843,"[0.00,0.05)",HNSW_HYBRID,False,2
47,HNSW_HYBRID,11.159042,11.159042,11.858416700000001,1.0,0.04843,"[0.00,0.05)",HNSW_HYBRID,True,2
47,IVFFLAT_HYBRID,11.985354000000001,11.985354000000001,12.0777732,1.0,0.04843,"[0.00,0.05)",HNSW_HYBRID,False,2
88,SQL_FIRST,13.435832999999999,13.435832999999999,14.3349708,1.0,0.098665,"[0.05,0.10)",HNSW_HYBRID,False,2
88,VECTOR_FIRST_HNSW,29.404,29.404,32.5640872,1.0,0.098665,"[0.05,0.10)",HNSW_HYBRID,False,2
88,HNSW_HYBRID,13.5601875,13.5601875,13.96430595,1.0,0.098665,"[0.05,0.10)",HNSW_HYBRID,True,2
88,IVFFLAT_HYBRID,14.029333000000001,14.029333000000001,14.117458300000001,1.0,0.098665,"[0.05,0.10)",HNSW_HYBRID,False,2
85,SQL_FIRST,14.376042,14.376042,14.513217299999999,1.0,0.0967,"[0.05,0.10)",HNSW_HYBRID,False,2
85,VECTOR_FIRST_HNSW,30.6940625,30.6940625,30.87111905,1.0,0.0967,"[0.05,0.10)",HNSW_HYBRID,False,2
85,HNSW_HYBRID,13.0247085,13.0247085,13.040158349999999,1.0,0.0967,"[0.05,0.10)",HNSW_HYBRID,True,2
85,IVFFLAT_HYBRID,14.479917,14.479917,14.8459542,1.0,0.0967,"[0.05,0.10)",HNSW_HYBRID,False,2
99,SQL_FIRST,14.534667,14.534667,14.8038048,1.0,0.098665,"[0.05,0.10)",HNSW_HYBRID,False,2
99,VECTOR_FIRST_HNSW,34.161479,34.161479,34.6705982,1.0,0.098665,"[0.05,0.10)",HNSW_HYBRID,False,2
99,HNSW_HYBRID,13.868354,13.868354,14.1662351,1.0,0.098665,"[0.05,0.10)",HNSW_HYBRID,True,2
99,IVFFLAT_HYBRID,14.536771000000002,14.536771000000002,14.536977100000001,1.0,0.098665,"[0.05,0.10)",HNSW_HYBRID,False,2
80,SQL_FIRST,14.338625,14.338625,14.442500299999999,1.0,0.0999,"[0.05,0.10)",HNSW_HYBRID,False,2
80,VECTOR_FIRST_HNSW,30.650792000000003,30.650792000000003,30.684092000000003,1.0,0.0999,"[0.05,0.10)",HNSW_HYBRID,False,2
80,HNSW_HYBRID,13.0604165,13.0604165,13.14374165,1.0,0.0999,"[0.05,0.10)",HNSW_HYBRID,True,2
80,IVFFLAT_HYBRID,14.2064375,14.2064375,14.258693749999999,1.0,0.0999,"[0.05,0.10)",HNSW_HYBRID,False,2
221,SQL_FIRST,24.1293335,24.1293335,24.66607055,1.0,0.500835,"[0.50,1.00)",IVFFLAT_HYBRID,False,2
221,VECTOR_FIRST_HNSW,29.719250000000002,29.719250000000002,30.2109875,1.0,0.500835,"[0.50,1.00)",IVFFLAT_HYBRID,False,2
221,HNSW_HYBRID,23.117625,23.117625,23.3269128,1.0,0.500835,"[0.50,1.00)",IVFFLAT_HYBRID,False,2
221,IVFFLAT_HYBRID,23.2364585,23.2364585,23.486546450000002,1.0,0.500835,"[0.50,1.00)",IVFFLAT_HYBRID,True,2
137,SQL_FIRST,24.0962495,24.0962495,24.52033715,1.0,0.2004,"[0.10,0.25)",HNSW_HYBRID,False,2
137,VECTOR_FIRST_HNSW,32.2982495,32.2982495,32.75484965,1.0,0.2004,"[0.10,0.25)",HNSW_HYBRID,False,2
137,HNSW_HYBRID,23.8156245,23.8156245,24.65648685,1.0,0.2004,"[0.10,0.25)",HNSW_HYBRID,True,2
137,IVFFLAT_HYBRID,24.6603125,24.6603125,24.99348125,1.0,0.2004,"[0.10,0.25)",HNSW_HYBRID,False,2
67,SQL_FIRST,14.4319375,14.4319375,14.76150625,1.0,0.0967,"[0.05,0.10)",HNSW_HYBRID,False,2
67,VECTOR_FIRST_HNSW,30.6713955,30.6713955,30.78608925,1.0,0.0967,"[0.05,0.10)",HNSW_HYBRID,False,2
67,HNSW_HYBRID,13.027813,13.027813,13.063381900000001,1.0,0.0967,"[0.05,0.10)",HNSW_HYBRID,True,2
67,IVFFLAT_HYBRID,14.1156875,14.1156875,14.137006249999999,1.0,0.0967,"[0.05,0.10)",HNSW_HYBRID,False,2
116,SQL_FIRST,23.782396,23.782396,23.8088524,1.0,0.197635,"[0.10,0.25)",HNSW_HYBRID,False,2
116,VECTOR_FIRST_HNSW,32.5065625,32.5065625,33.80651845,1.0,0.197635,"[0.10,0.25)",HNSW_HYBRID,False,2
116,HNSW_HYBRID,22.924042,22.924042,23.4270673,1.0,0.197635,"[0.10,0.25)",HNSW_HYBRID,True,2
116,IVFFLAT_HYBRID,24.277396,24.277396,24.8152018,1.0,0.197635,"[0.10,0.25)",HNSW_HYBRID,False,2
239,SQL_FIRST,28.853375,28.853375,29.4623753,1.0,0.632965,"[0.50,1.00)",IVFFLAT_HYBRID,False,2
239,VECTOR_FIRST_HNSW,29.850188,29.850188,30.3993194,1.0,0.632965,"[0.50,1.00)",IVFFLAT_HYBRID,False,2
239,HNSW_HYBRID,29.704083500000003,29.704083500000003,31.546383050000003,1.0,0.632965,"[0.50,1.00)",IVFFLAT_HYBRID,False,2
239,IVFFLAT_HYBRID,28.106395499999998,28.106395499999998,28.48550205,1.0,0.632965,"[0.50,1.00)",IVFFLAT_HYBRID,True,2
7,SQL_FIRST,11.445854,11.445854,11.513447600000001,1.0,0.049935,"[0.00,0.05)",HNSW_HYBRID,False,2
7,VECTOR_FIRST_HNSW,31.5930835,31.5930835,32.43882115,1.0,0.049935,"[0.00,0.05)",HNSW_HYBRID,False,2
7,HNSW_HYBRID,10.474459,10.474459,10.666834,1.0,0.049935,"[0.00,0.05)",HNSW_HYBRID,True,2
7,IVFFLAT_HYBRID,11.882313,11.882313,11.9320191,1.0,0.049935,"[0.00,0.05)",HNSW_HYBRID,False,2
111,SQL_FIRST,25.69975,25.69975,26.7603622,1.0,0.198565,"[0.10,0.25)",HNSW_HYBRID,False,2
111,VECTOR_FIRST_HNSW,31.5240625,31.5240625,32.25405655,1.0,0.198565,"[0.10,0.25)",HNSW_HYBRID,False,2
111,HNSW_HYBRID,22.972458500000002,22.972458500000002,23.05548395,1.0,0.198565,"[0.10,0.25)",HNSW_HYBRID,True,2
111,IVFFLAT_HYBRID,24.6168125,24.6168125,25.124356249999998,1.0,0.198565,"[0.10,0.25)",HNSW_HYBRID,False,2
12,SQL_FIRST,3.7517705,3.7517705,3.91120145,1.0,0.00499,"[0.00,0.05)",HNSW_HYBRID,False,2
12,VECTOR_FIRST_HNSW,31.2434795,31.2434795,31.592285750000002,0.1,0.00499,"[0.00,0.05)",HNSW_HYBRID,False,2
12,HNSW_HYBRID,2.8695415,2.8695415,3.02250415,1.0,0.00499,"[0.00,0.05)",HNSW_HYBRID,True,2
12,IVFFLAT_HYBRID,2.5463335000000002,2.5463335000000002,2.9146958499999998,1.0,0.00499,"[0.00,0.05)",HNSW_HYBRID,False,2
76,SQL_FIRST,13.7864795,13.7864795,14.16292295,1.0,0.0999,"[0.05,0.10)",HNSW_HYBRID,False,2
76,VECTOR_FIRST_HNSW,30.3864585,30.3864585,30.624995849999998,1.0,0.0999,"[0.05,0.10)",HNSW_HYBRID,False,2
76,HNSW_HYBRID,14.3086465,14.3086465,16.12861525,1.0,0.0999,"[0.05,0.10)",HNSW_HYBRID,True,2
76,IVFFLAT_HYBRID,33.133667,33.133667,49.1918792,1.0,0.0999,"[0.05,0.10)",HNSW_HYBRID,False,2
188,SQL_FIRST,21.532604,21.532604,22.0147601,1.0,0.269895,"[0.25,0.50)",SQL_FIRST,True,2
188,VECTOR_FIRST_HNSW,30.675708,30.675708,30.7907577,1.0,0.269895,"[0.25,0.50)",SQL_FIRST,False,2
188,HNSW_HYBRID,20.7376875,20.7376875,20.866405949999997,1.0,0.269895,"[0.25,0.50)",SQL_FIRST,False,2
188,IVFFLAT_HYBRID,20.189062,20.189062,20.4575059,1.0,0.269895,"[0.25,0.50)",SQL_FIRST,False,2
215,SQL_FIRST,22.745291,22.745291,23.6175035,1.0,0.500835,"[0.50,1.00)",IVFFLAT_HYBRID,False,2
215,VECTOR_FIRST_HNSW,29.754167,29.754167,29.9785667,1.0,0.500835,"[0.50,1.00)",IVFFLAT_HYBRID,False,2
215,HNSW_HYBRID,23.621729000000002,23.621729000000002,23.9498348,1.0,0.500835,"[0.50,1.00)",IVFFLAT_HYBRID,False,2
215,IVFFLAT_HYBRID,22.2578335,22.2578335,22.65233365,1.0,0.500835,"[0.50,1.00)",IVFFLAT_HYBRID,True,2
249,SQL_FIRST,28.101,28.101,28.158375000000003,1.0,0.65516,"[0.50,1.00)",IVFFLAT_HYBRID,False,2
249,VECTOR_FIRST_HNSW,29.7043545,29.7043545,29.843386050000003,1.0,0.65516,"[0.50,1.00)",IVFFLAT_HYBRID,False,2
249,HNSW_HYBRID,28.997833,28.997833,29.6819077,1.0,0.65516,"[0.50,1.00)",IVFFLAT_HYBRID,False,2
249,IVFFLAT_HYBRID,28.5619375,28.5619375,29.164131549999997,1.0,0.65516,"[0.50,1.00)",IVFFLAT_HYBRID,True,2
58,SQL_FIRST,13.8092705,13.8092705,14.42908925,1.0,0.098965,"[0.05,0.10)",HNSW_HYBRID,False,2
58,VECTOR_FIRST_HNSW,30.9641875,30.9641875,31.160293449999998,1.0,0.098965,"[0.05,0.10)",HNSW_HYBRID,False,2
58,HNSW_HYBRID,13.566646,13.566646,13.918864600000001,1.0,0.098965,"[0.05,0.10)",HNSW_HYBRID,True,2
58,IVFFLAT_HYBRID,14.1461045,14.1461045,14.219285750000001,1.0,0.098965,"[0.05,0.10)",HNSW_HYBRID,False,2
248,SQL_FIRST,23.511687000000002,23.511687000000002,24.0713934,1.0,0.500835,"[0.50,1.00)",IVFFLAT_HYBRID,False,2
248,VECTOR_FIRST_HNSW,29.335853999999998,29.335853999999998,29.3783601,1.0,0.500835,"[0.50,1.00)",IVFFLAT_HYBRID,False,2
248,HNSW_HYBRID,22.7917705,22.7917705,23.31281425,1.0,0.500835,"[0.50,1.00)",IVFFLAT_HYBRID,False,2
248,IVFFLAT_HYBRID,23.703270500000002,23.703270500000002,24.58588925,1.0,0.500835,"[0.50,1.00)",IVFFLAT_HYBRID,True,2
143,SQL_FIRST,24.3262085,24.3262085,24.75359645,1.0,0.197635,"[0.10,0.25)",HNSW_HYBRID,False,2
143,VECTOR_FIRST_HNSW,33.8957705,33.8957705,36.802414549999995,1.0,0.197635,"[0.10,0.25)",HNSW_HYBRID,False,2
143,HNSW_HYBRID,24.317792,24.317792,25.902017,1.0,0.197635,"[0.10,0.25)",HNSW_HYBRID,True,2
143,IVFFLAT_HYBRID,25.3958955,25.3958955,25.79172675,1.0,0.197635,"[0.10,0.25)",HNSW_HYBRID,False,2
22,SQL_FIRST,11.928896,11.928896,12.3138899,1.0,0.04827,"[0.00,0.05)",HNSW_HYBRID,False,2
22,VECTOR_FIRST_HNSW,32.0001665,32.0001665,32.57624165,1.0,0.04827,"[0.00,0.05)",HNSW_HYBRID,False,2
22,HNSW_HYBRID,10.8062295,10.8062295,11.42361105,1.0,0.04827,"[0.00,0.05)",HNSW_HYBRID,True,2
22,IVFFLAT_HYBRID,11.6858955,11.6858955,11.70398955,1.0,0.04827,"[0.00,0.05)",HNSW_HYBRID,False,2
170,SQL_FIRST,21.404479000000002,21.404479000000002,22.4856607,1.0,0.2705,"[0.25,0.50)",SQL_FIRST,True,2
170,VECTOR_FIRST_HNSW,30.303041999999998,30.303041999999998,30.7045545,1.0,0.2705,"[0.25,0.50)",SQL_FIRST,False,2
170,HNSW_HYBRID,19.9553955,19.9553955,20.26880205,1.0,0.2705,"[0.25,0.50)",SQL_FIRST,False,2
170,IVFFLAT_HYBRID,19.768437499999997,19.768437499999997,19.88339405,1.0,0.2705,"[0.25,0.50)",SQL_FIRST,False,2
9,SQL_FIRST,11.064688,11.064688,11.5321066,1.0,0.0494,"[0.00,0.05)",HNSW_HYBRID,False,2
9,VECTOR_FIRST_HNSW,31.033229,31.033229,31.4498732,1.0,0.0494,"[0.00,0.05)",HNSW_HYBRID,False,2
9,HNSW_HYBRID,10.9565625,10.9565625,11.35160625,1.0,0.0494,"[0.00,0.05)",HNSW_HYBRID,True,2
9,IVFFLAT_HYBRID,11.843271000000001,11.843271000000001,12.026214900000001,1.0,0.0494,"[0.00,0.05)",HNSW_HYBRID,False,2
152,SQL_FIRST,20.2804785,20.2804785,20.850797250000003,1.0,0.269895,"[0.25,0.50)",SQL_FIRST,True,2
152,VECTOR_FIRST_HNSW,29.8176665,29.8176665,30.30929105,1.0,0.269895,"[0.25,0.50)",SQL_FIRST,False,2
152,HNSW_HYBRID,20.177812000000003,20.177812000000003,20.8504684,1.0,0.269895,"[0.25,0.50)",SQL_FIRST,False,2
152,IVFFLAT_HYBRID,19.602396,19.602396,19.6972893,1.0,0.269895,"[0.25,0.50)",SQL_FIRST,False,2
147,SQL_FIRST,14.167104,14.167104,14.6193729,1.0,0.101725,"[0.10,0.25)",HNSW_HYBRID,False,2
147,VECTOR_FIRST_HNSW,30.529271,30.529271,30.5705027,1.0,0.101725,"[0.10,0.25)",HNSW_HYBRID,False,2
147,HNSW_HYBRID,13.5359795,13.5359795,13.61441045,1.0,0.101725,"[0.10,0.25)",HNSW_HYBRID,True,2
147,IVFFLAT_HYBRID,15.1878955,15.1878955,15.73665205,1.0,0.101725,"[0.10,0.25)",HNSW_HYBRID,False,2
94,SQL_FIRST,14.4435,14.4435,14.616337799999998,1.0,0.098965,"[0.05,0.10)",HNSW_HYBRID,False,2
94,VECTOR_FIRST_HNSW,30.833979499999998,30.833979499999998,30.91563605,1.0,0.098965,"[0.05,0.10)",HNSW_HYBRID,False,2
94,HNSW_HYBRID,13.0763955,13.0763955,13.18336455,1.0,0.098965,"[0.05,0.10)",HNSW_HYBRID,True,2
94,IVFFLAT_HYBRID,14.5980205,14.5980205,15.10192645,1.0,0.098965,"[0.05,0.10)",HNSW_HYBRID,False,2
105,SQL_FIRST,14.879354,14.879354,14.8944479,1.0,0.10331,"[0.10,0.25)",HNSW_HYBRID,False,2
105,VECTOR_FIRST_HNSW,30.446854000000002,30.446854000000002,30.5313973,1.0,0.10331,"[0.10,0.25)",HNSW_HYBRID,False,2
105,HNSW_HYBRID,14.2483335,14.2483335,14.69810805,1.0,0.10331,"[0.10,0.25)",HNSW_HYBRID,True,2
105,IVFFLAT_HYBRID,15.138563000000001,15.138563000000001,15.4822316,1.0,0.10331,"[0.10,0.25)",HNSW_HYBRID,False,2
155,SQL_FIRST,20.647208,20.647208,21.210308299999998,1.0,0.271845,"[0.25,0.50)",SQL_FIRST,True,2
155,VECTOR_FIRST_HNSW,29.909896,29.909896,30.4746271,1.0,0.271845,"[0.25,0.50)",SQL_FIRST,False,2
155,HNSW_HYBRID,20.302771,20.302771,20.6499271,1.0,0.271845,"[0.25,0.50)",SQL_FIRST,False,2
155,IVFFLAT_HYBRID,20.8606875,20.8606875,22.01623125,1.0,0.271845,"[0.25,0.50)",SQL_FIRST,False,2
222,SQL_FIRST,29.076062,29.076062,29.2742681,1.0,0.685995,"[0.50,1.00)",IVFFLAT_HYBRID,False,2
222,VECTOR_FIRST_HNSW,30.125771,30.125771,30.8091896,1.0,0.685995,"[0.50,1.00)",IVFFLAT_HYBRID,False,2
222,HNSW_HYBRID,29.2486875,29.2486875,29.26910625,1.0,0.685995,"[0.50,1.00)",IVFFLAT_HYBRID,False,2
222,IVFFLAT_HYBRID,32.116521,32.116521,35.3469396,1.0,0.685995,"[0.50,1.00)",IVFFLAT_HYBRID,True,2
17,SQL_FIRST,12.2352705,12.2352705,13.054063950000002,1.0,0.049865,"[0.00,0.05)",HNSW_HYBRID,False,2
17,VECTOR_FIRST_HNSW,33.673292000000004,33.673292000000004,35.2894292,1.0,0.049865,"[0.00,0.05)",HNSW_HYBRID,False,2
17,HNSW_HYBRID,11.390791499999999,11.390791499999999,11.58894135,1.0,0.049865,"[0.00,0.05)",HNSW_HYBRID,True,2
17,IVFFLAT_HYBRID,12.390104000000001,12.390104000000001,12.8105723,1.0,0.049865,"[0.00,0.05)",HNSW_HYBRID,False,2
178,SQL_FIRST,26.180688,26.180688,27.1838316,1.0,0.38595,"[0.25,0.50)",SQL_FIRST,True,2
178,VECTOR_FIRST_HNSW,31.1038125,31.1038125,32.18716815,1.0,0.38595,"[0.25,0.50)",SQL_FIRST,False,2
178,HNSW_HYBRID,26.345771,26.345771,26.3979899,1.0,0.38595,"[0.25,0.50)",SQL_FIRST,False,2
178,IVFFLAT_HYBRID,26.734561999999997,26.734561999999997,28.055443399999998,1.0,0.38595,"[0.25,0.50)",SQL_FIRST,False,2
179,SQL_FIRST,24.375375,24.375375,27.1374372,1.0,0.272085,"[0.25,0.50)",SQL_FIRST,True,2
179,VECTOR_FIRST_HNSW,33.614688,33.614688,34.020569099999996,1.0,0.272085,"[0.25,0.50)",SQL_FIRST,False,2
179,HNSW_HYBRID,20.467333,20.467333,21.8205208,1.0,0.272085,"[0.25,0.50)",SQL_FIRST,False,2
179,IVFFLAT_HYBRID,20.8989165,20.8989165,22.18261665,1.0,0.272085,"[0.25,0.50)",SQL_FIRST,False,2
165,SQL_FIRST,20.067500000000003,20.067500000000003,21.0155375,1.0,0.272595,"[0.25,0.50)",SQL_FIRST,True,2
165,VECTOR_FIRST_HNSW,32.2022285,32.2022285,32.24413474999999,1.0,0.272595,"[0.25,0.50)",SQL_FIRST,False,2
165,HNSW_HYBRID,22.181375,22.181375,22.811449699999997,1.0,0.272595,"[0.25,0.50)",SQL_FIRST,False,2
165,IVFFLAT_HYBRID,21.4922705,21.4922705,21.49495205,1.0,0.272595,"[0.25,0.50)",SQL_FIRST,False,2
144,SQL_FIRST,26.9392705,26.9392705,27.046314250000002,1.0,0.202665,"[0.10,0.25)",HNSW_HYBRID,False,2
144,VECTOR_FIRST_HNSW,35.8950835,35.8950835,37.12384585,1.0,0.202665,"[0.10,0.25)",HNSW_HYBRID,False,2
144,HNSW_HYBRID,24.6238545,24.6238545,24.71514825,1.0,0.202665,"[0.10,0.25)",HNSW_HYBRID,True,2
144,IVFFLAT_HYBRID,26.9369375,26.9369375,27.11744375,1.0,0.202665,"[0.10,0.25)",HNSW_HYBRID,False,2
10,SQL_FIRST,3.842,3.842,4.1399,1.0,0.00503,"[0.00,0.05)",HNSW_HYBRID,False,2
10,VECTOR_FIRST_HNSW,35.10675,35.10675,35.7919875,0.1,0.00503,"[0.00,0.05)",HNSW_HYBRID,False,2
10,HNSW_HYBRID,2.7730415,2.7730415,2.83251665,1.0,0.00503,"[0.00,0.05)",HNSW_HYBRID,True,2
10,IVFFLAT_HYBRID,3.1527915,3.1527915,3.27432885,1.0,0.00503,"[0.00,0.05)",HNSW_HYBRID,False,2
216,SQL_FIRST,31.037375,31.037375,31.3520753,1.0,0.596165,"[0.50,1.00)",IVFFLAT_HYBRID,False,2
216,VECTOR_FIRST_HNSW,32.298333,32.298333,32.439670799999995,1.0,0.596165,"[0.50,1.00)",IVFFLAT_HYBRID,False,2
216,HNSW_HYBRID,29.7075205,29.7075205,29.82206395,1.0,0.596165,"[0.50,1.00)",IVFFLAT_HYBRID,False,2
216,IVFFLAT_HYBRID,30.549895499999998,30.549895499999998,31.08668925,1.0,0.596165,"[0.50,1.00)",IVFFLAT_HYBRID,True,2
231,SQL_FIRST,31.909229,31.909229,31.9252976,1.0,0.668145,"[0.50,1.00)",IVFFLAT_HYBRID,False,2
231,VECTOR_FIRST_HNSW,32.582333,32.582333,32.9302577,1.0,0.668145,"[0.50,1.00)",IVFFLAT_HYBRID,False,2
231,HNSW_HYBRID,32.0852085,32.0852085,32.46920835,1.0,0.668145,"[0.50,1.00)",IVFFLAT_HYBRID,False,2
231,IVFFLAT_HYBRID,30.9953755,30.9953755,31.22663815,1.0,0.668145,"[0.50,1.00)",IVFFLAT_HYBRID,True,2
156,SQL_FIRST,26.026104500000002,26.026104500000002,26.29451105,1.0,0.451995,"[0.25,0.50)",SQL_FIRST,True,2
156,VECTOR_FIRST_HNSW,32.662313,32.662313,33.2647694,1.0,0.451995,"[0.25,0.50)",SQL_FIRST,False,2
156,HNSW_HYBRID,26.5630625,26.5630625,26.580331249999997,1.0,0.451995,"[0.25,0.50)",SQL_FIRST,False,2
156,IVFFLAT_HYBRID,26.68275,26.68275,26.990099999999998,1.0,0.451995,"[0.25,0.50)",SQL_FIRST,False,2
206,SQL_FIRST,37.3137295,37.3137295,37.48238545,1.0,0.998575,"[0.50,1.00)",IVFFLAT_HYBRID,False,2
206,VECTOR_FIRST_HNSW,33.8819785,33.8819785,35.472559749999995,1.0,0.998575,"[0.50,1.00)",IVFFLAT_HYBRID,False,2
206,HNSW_HYBRID,38.275813,38.275813,38.3115691,1.0,0.998575,"[0.50,1.00)",IVFFLAT_HYBRID,False,2
206,IVFFLAT_HYBRID,36.152562,36.152562,37.1088309,1.0,0.998575,"[0.50,1.00)",IVFFLAT_HYBRID,True,2
48,SQL_FIRST,3.4581875,3.4581875,3.90310565,1.0,0.005035,"[0.00,0.05)",HNSW_HYBRID,False,2
48,VECTOR_FIRST_HNSW,34.9994995,34.9994995,35.595899349999996,0.1,0.005035,"[0.00,0.05)",HNSW_HYBRID,False,2
48,HNSW_HYBRID,2.7461045,2.7461045,2.95158575,1.0,0.005035,"[0.00,0.05)",HNSW_HYBRID,True,2
48,IVFFLAT_HYBRID,2.7573545,2.7573545,3.3270729500000003,1.0,0.005035,"[0.00,0.05)",HNSW_HYBRID,False,2
244,SQL_FIRST,36.814771,36.814771,37.9292149,1.0,0.92027,"[0.50,1.00)",IVFFLAT_HYBRID,False,2
244,VECTOR_FIRST_HNSW,32.707896000000005,32.707896000000005,32.7155649,1.0,0.92027,"[0.50,1.00)",IVFFLAT_HYBRID,False,2
244,HNSW_HYBRID,35.6008335,35.6008335,35.72162115,1.0,0.92027,"[0.50,1.00)",IVFFLAT_HYBRID,False,2
244,IVFFLAT_HYBRID,36.003646,36.003646,36.430639299999996,1.0,0.92027,"[0.50,1.00)",IVFFLAT_HYBRID,True,2
