query_id,predicate,selectivity,top_k,strategy,status,strategy_latency_ms,reference_latency_ms,recall,returned_ids,reference_ids,ann_parameters,index_configuration,postgres_version,pgvector_version,plan_verification_status,plan_index_names,error
0,category == 'Speaker',0.124993,10,PGVECTOR_SQL_FIRST_EXACT,completed,1195.140375,169.691625,1.0,"[708177, 701258, 565419, 236647, 565814, 36267, 886630, 957845, 453447, 923811]","[708177, 701258, 565419, 236647, 565814, 36267, 886630, 957845, 453447, 923811]","{""enable_indexscan"": ""off""}","{""index"": ""exact-l2-sequential"", ""index_name"": null, ""session_settings"": {""enable_indexscan"": ""off""}}",16.14 (Debian 16.14-1.pgdg12+1),0.8.5,,[],
0,category == 'Speaker',,10,vector_first_post_filter,failed,,,,[],[],{},{},,,,[],"UndefinedColumn: column ""category"" does not exist
LINE 1: ...:vector LIMIT $3) SELECT id FROM candidates WHERE ""category""...
                                                             ^"
0,category == 'Speaker',0.124993,10,PGVECTOR_HNSW_HYBRID,completed,2020.247291,285.39475,1.0,"[708177, 701258, 565419, 236647, 565814, 36267, 886630, 957845, 453447, 923811]","[708177, 701258, 565419, 236647, 565814, 36267, 886630, 957845, 453447, 923811]","{""hnsw.ef_search"": 100, ""ivfflat.probes"": 1000, ""hnsw.iterative_scan"": ""strict_order"", ""hnsw.max_scan_tuples"": 20000}","{""index"": ""hnsw"", ""index_name"": ""sift1m_items_embedding_hnsw_l2_idx"", ""session_settings"": {""hnsw.ef_search"": 100, ""ivfflat.probes"": 1000, ""hnsw.iterative_scan"": ""strict_order"", ""hnsw.max_scan_tuples"": 20000}}",16.14 (Debian 16.14-1.pgdg12+1),0.8.5,verified,"[""sift1m_items_embedding_hnsw_l2_idx""]",
0,category == 'Speaker',0.124993,10,PGVECTOR_IVFFLAT_HYBRID,completed,103.80125,64.263834,0.9,"[708177, 701258, 565419, 236647, 565814, 36267, 886630, 453447, 923811, 710644]","[708177, 701258, 565419, 236647, 565814, 36267, 886630, 957845, 453447, 923811]","{""ivfflat.probes"": 10, ""hnsw.ef_search"": 1000, ""ivfflat.iterative_scan"": ""off""}","{""index"": ""ivfflat"", ""index_name"": ""sift1m_items_embedding_ivfflat_l2_idx"", ""session_settings"": {""ivfflat.probes"": 10, ""hnsw.ef_search"": 1000, ""ivfflat.iterative_scan"": ""off""}}",16.14 (Debian 16.14-1.pgdg12+1),0.8.5,verified,"[""sift1m_items_embedding_ivfflat_l2_idx""]",
1,category == 'Watch',0.124962,10,PGVECTOR_SQL_FIRST_EXACT,completed,72.884958,76.361625,1.0,"[942339, 987636, 420802, 202612, 517238, 541805, 974930, 14836, 957556, 956542]","[942339, 987636, 420802, 202612, 517238, 541805, 974930, 14836, 957556, 956542]","{""enable_indexscan"": ""off""}","{""index"": ""exact-l2-sequential"", ""index_name"": null, ""session_settings"": {""enable_indexscan"": ""off""}}",16.14 (Debian 16.14-1.pgdg12+1),0.8.5,,[],
1,category == 'Watch',,10,vector_first_post_filter,failed,,,,[],[],{},{},,,,[],"UndefinedColumn: column ""category"" does not exist
LINE 1: ...:vector LIMIT $3) SELECT id FROM candidates WHERE ""category""...
                                                             ^"
1,category == 'Watch',0.124962,10,PGVECTOR_HNSW_HYBRID,completed,1074.866583,215.49625,0.9,"[942339, 987636, 202612, 517238, 541805, 974930, 14836, 957556, 956542, 214501]","[942339, 987636, 420802, 202612, 517238, 541805, 974930, 14836, 957556, 956542]","{""hnsw.ef_search"": 100, ""ivfflat.probes"": 1000, ""hnsw.iterative_scan"": ""strict_order"", ""hnsw.max_scan_tuples"": 20000}","{""index"": ""hnsw"", ""index_name"": ""sift1m_items_embedding_hnsw_l2_idx"", ""session_settings"": {""hnsw.ef_search"": 100, ""ivfflat.probes"": 1000, ""hnsw.iterative_scan"": ""strict_order"", ""hnsw.max_scan_tuples"": 20000}}",16.14 (Debian 16.14-1.pgdg12+1),0.8.5,verified,"[""sift1m_items_embedding_hnsw_l2_idx""]",
1,category == 'Watch',0.124962,10,PGVECTOR_IVFFLAT_HYBRID,completed,55.959958,65.571667,0.5,"[942339, 987636, 517238, 957556, 956542, 214501, 974481, 509041, 275502, 741996]","[942339, 987636, 420802, 202612, 517238, 541805, 974930, 14836, 957556, 956542]","{""ivfflat.probes"": 10, ""hnsw.ef_search"": 1000, ""ivfflat.iterative_scan"": ""off""}","{""index"": ""ivfflat"", ""index_name"": ""sift1m_items_embedding_ivfflat_l2_idx"", ""session_settings"": {""ivfflat.probes"": 10, ""hnsw.ef_search"": 1000, ""ivfflat.iterative_scan"": ""off""}}",16.14 (Debian 16.14-1.pgdg12+1),0.8.5,verified,"[""sift1m_items_embedding_ivfflat_l2_idx""]",
2,category == 'TV',0.125467,10,PGVECTOR_SQL_FIRST_EXACT,completed,64.536666,57.961583,1.0,"[408462, 406273, 402106, 239766, 401804, 905339, 150588, 716686, 529249, 115312]","[408462, 406273, 402106, 239766, 401804, 905339, 150588, 716686, 529249, 115312]","{""enable_indexscan"": ""off""}","{""index"": ""exact-l2-sequential"", ""index_name"": null, ""session_settings"": {""enable_indexscan"": ""off""}}",16.14 (Debian 16.14-1.pgdg12+1),0.8.5,,[],
2,category == 'TV',,10,vector_first_post_filter,failed,,,,[],[],{},{},,,,[],"UndefinedColumn: column ""category"" does not exist
LINE 1: ...:vector LIMIT $3) SELECT id FROM candidates WHERE ""category""...
                                                             ^"
2,category == 'TV',0.125467,10,PGVECTOR_HNSW_HYBRID,completed,1022.000542,297.362709,1.0,"[408462, 406273, 402106, 239766, 401804, 905339, 150588, 716686, 529249, 115312]","[408462, 406273, 402106, 239766, 401804, 905339, 150588, 716686, 529249, 115312]","{""hnsw.ef_search"": 100, ""ivfflat.probes"": 1000, ""hnsw.iterative_scan"": ""strict_order"", ""hnsw.max_scan_tuples"": 20000}","{""index"": ""hnsw"", ""index_name"": ""sift1m_items_embedding_hnsw_l2_idx"", ""session_settings"": {""hnsw.ef_search"": 100, ""ivfflat.probes"": 1000, ""hnsw.iterative_scan"": ""strict_order"", ""hnsw.max_scan_tuples"": 20000}}",16.14 (Debian 16.14-1.pgdg12+1),0.8.5,verified,"[""sift1m_items_embedding_hnsw_l2_idx""]",
2,category == 'TV',0.125467,10,PGVECTOR_IVFFLAT_HYBRID,completed,47.473916,63.967917,1.0,"[408462, 406273, 402106, 239766, 401804, 905339, 150588, 716686, 529249, 115312]","[408462, 406273, 402106, 239766, 401804, 905339, 150588, 716686, 529249, 115312]","{""ivfflat.probes"": 10, ""hnsw.ef_search"": 1000, ""ivfflat.iterative_scan"": ""off""}","{""index"": ""ivfflat"", ""index_name"": ""sift1m_items_embedding_ivfflat_l2_idx"", ""session_settings"": {""ivfflat.probes"": 10, ""hnsw.ef_search"": 1000, ""ivfflat.iterative_scan"": ""off""}}",16.14 (Debian 16.14-1.pgdg12+1),0.8.5,verified,"[""sift1m_items_embedding_ivfflat_l2_idx""]",
3,category == 'Camera',0.124977,10,PGVECTOR_SQL_FIRST_EXACT,completed,65.544,58.401833,1.0,"[889039, 190692, 722075, 546122, 190728, 889916, 886001, 996934, 867686, 855019]","[889039, 190692, 722075, 546122, 190728, 889916, 886001, 996934, 867686, 855019]","{""enable_indexscan"": ""off""}","{""index"": ""exact-l2-sequential"", ""index_name"": null, ""session_settings"": {""enable_indexscan"": ""off""}}",16.14 (Debian 16.14-1.pgdg12+1),0.8.5,,[],
3,category == 'Camera',,10,vector_first_post_filter,failed,,,,[],[],{},{},,,,[],"UndefinedColumn: column ""category"" does not exist
LINE 1: ...:vector LIMIT $3) SELECT id FROM candidates WHERE ""category""...
                                                             ^"
3,category == 'Camera',0.124977,10,PGVECTOR_HNSW_HYBRID,completed,236.820291,59.632417,1.0,"[889039, 190692, 722075, 546122, 190728, 889916, 886001, 996934, 867686, 855019]","[889039, 190692, 722075, 546122, 190728, 889916, 886001, 996934, 867686, 855019]","{""hnsw.ef_search"": 100, ""ivfflat.probes"": 1000, ""hnsw.iterative_scan"": ""strict_order"", ""hnsw.max_scan_tuples"": 20000}","{""index"": ""hnsw"", ""index_name"": ""sift1m_items_embedding_hnsw_l2_idx"", ""session_settings"": {""hnsw.ef_search"": 100, ""ivfflat.probes"": 1000, ""hnsw.iterative_scan"": ""strict_order"", ""hnsw.max_scan_tuples"": 20000}}",16.14 (Debian 16.14-1.pgdg12+1),0.8.5,verified,"[""sift1m_items_embedding_hnsw_l2_idx""]",
3,category == 'Camera',0.124977,10,PGVECTOR_IVFFLAT_HYBRID,completed,60.746083,81.661333,1.0,"[889039, 190692, 722075, 546122, 190728, 889916, 886001, 996934, 867686, 855019]","[889039, 190692, 722075, 546122, 190728, 889916, 886001, 996934, 867686, 855019]","{""ivfflat.probes"": 10, ""hnsw.ef_search"": 1000, ""ivfflat.iterative_scan"": ""off""}","{""index"": ""ivfflat"", ""index_name"": ""sift1m_items_embedding_ivfflat_l2_idx"", ""session_settings"": {""ivfflat.probes"": 10, ""hnsw.ef_search"": 1000, ""ivfflat.iterative_scan"": ""off""}}",16.14 (Debian 16.14-1.pgdg12+1),0.8.5,verified,"[""sift1m_items_embedding_ivfflat_l2_idx""]",
4,category == 'Monitor',0.125095,10,PGVECTOR_SQL_FIRST_EXACT,completed,70.852958,65.255959,1.0,"[716433, 112586, 107281, 30116, 101436, 305983, 421011, 201628, 293118, 292815]","[716433, 112586, 107281, 30116, 101436, 305983, 421011, 201628, 293118, 292815]","{""enable_indexscan"": ""off""}","{""index"": ""exact-l2-sequential"", ""index_name"": null, ""session_settings"": {""enable_indexscan"": ""off""}}",16.14 (Debian 16.14-1.pgdg12+1),0.8.5,,[],
4,category == 'Monitor',,10,vector_first_post_filter,failed,,,,[],[],{},{},,,,[],"UndefinedColumn: column ""category"" does not exist
LINE 1: ...:vector LIMIT $3) SELECT id FROM candidates WHERE ""category""...
                                                             ^"
4,category == 'Monitor',0.125095,10,PGVECTOR_HNSW_HYBRID,completed,699.513166,224.003625,1.0,"[716433, 112586, 107281, 30116, 101436, 305983, 421011, 201628, 293118, 292815]","[716433, 112586, 107281, 30116, 101436, 305983, 421011, 201628, 293118, 292815]","{""hnsw.ef_search"": 100, ""ivfflat.probes"": 1000, ""hnsw.iterative_scan"": ""strict_order"", ""hnsw.max_scan_tuples"": 20000}","{""index"": ""hnsw"", ""index_name"": ""sift1m_items_embedding_hnsw_l2_idx"", ""session_settings"": {""hnsw.ef_search"": 100, ""ivfflat.probes"": 1000, ""hnsw.iterative_scan"": ""strict_order"", ""hnsw.max_scan_tuples"": 20000}}",16.14 (Debian 16.14-1.pgdg12+1),0.8.5,verified,"[""sift1m_items_embedding_hnsw_l2_idx""]",
4,category == 'Monitor',0.125095,10,PGVECTOR_IVFFLAT_HYBRID,completed,127.07975,106.288667,0.8,"[716433, 112586, 107281, 30116, 305983, 201628, 293118, 292815, 306702, 109870]","[716433, 112586, 107281, 30116, 101436, 305983, 421011, 201628, 293118, 292815]","{""ivfflat.probes"": 10, ""hnsw.ef_search"": 1000, ""ivfflat.iterative_scan"": ""off""}","{""index"": ""ivfflat"", ""index_name"": ""sift1m_items_embedding_ivfflat_l2_idx"", ""session_settings"": {""ivfflat.probes"": 10, ""hnsw.ef_search"": 1000, ""ivfflat.iterative_scan"": ""off""}}",16.14 (Debian 16.14-1.pgdg12+1),0.8.5,verified,"[""sift1m_items_embedding_ivfflat_l2_idx""]",
5,category == 'Phone',0.125051,10,PGVECTOR_SQL_FIRST_EXACT,completed,60.928583,103.500417,1.0,"[943689, 221336, 893231, 426199, 167626, 275329, 464669, 14279, 564657, 599042]","[943689, 221336, 893231, 426199, 167626, 275329, 464669, 14279, 564657, 599042]","{""enable_indexscan"": ""off""}","{""index"": ""exact-l2-sequential"", ""index_name"": null, ""session_settings"": {""enable_indexscan"": ""off""}}",16.14 (Debian 16.14-1.pgdg12+1),0.8.5,,[],
5,category == 'Phone',,10,vector_first_post_filter,failed,,,,[],[],{},{},,,,[],"UndefinedColumn: column ""category"" does not exist
LINE 1: ...:vector LIMIT $3) SELECT id FROM candidates WHERE ""category""...
                                                             ^"
5,category == 'Phone',0.125051,10,PGVECTOR_HNSW_HYBRID,completed,441.966208,124.127417,1.0,"[943689, 221336, 893231, 426199, 167626, 275329, 464669, 14279, 564657, 599042]","[943689, 221336, 893231, 426199, 167626, 275329, 464669, 14279, 564657, 599042]","{""hnsw.ef_search"": 100, ""ivfflat.probes"": 1000, ""hnsw.iterative_scan"": ""strict_order"", ""hnsw.max_scan_tuples"": 20000}","{""index"": ""hnsw"", ""index_name"": ""sift1m_items_embedding_hnsw_l2_idx"", ""session_settings"": {""hnsw.ef_search"": 100, ""ivfflat.probes"": 1000, ""hnsw.iterative_scan"": ""strict_order"", ""hnsw.max_scan_tuples"": 20000}}",16.14 (Debian 16.14-1.pgdg12+1),0.8.5,verified,"[""sift1m_items_embedding_hnsw_l2_idx""]",
5,category == 'Phone',0.125051,10,PGVECTOR_IVFFLAT_HYBRID,completed,69.870042,68.155833,0.4,"[943689, 221336, 893231, 564657, 126433, 767710, 861573, 368116, 700494, 171311]","[943689, 221336, 893231, 426199, 167626, 275329, 464669, 14279, 564657, 599042]","{""ivfflat.probes"": 10, ""hnsw.ef_search"": 1000, ""ivfflat.iterative_scan"": ""off""}","{""index"": ""ivfflat"", ""index_name"": ""sift1m_items_embedding_ivfflat_l2_idx"", ""session_settings"": {""ivfflat.probes"": 10, ""hnsw.ef_search"": 1000, ""ivfflat.iterative_scan"": ""off""}}",16.14 (Debian 16.14-1.pgdg12+1),0.8.5,verified,"[""sift1m_items_embedding_ivfflat_l2_idx""]",
6,category == 'Tablet',0.124703,10,PGVECTOR_SQL_FIRST_EXACT,completed,67.751792,69.680709,1.0,"[598221, 842282, 415400, 877113, 839672, 565415, 565610, 170076, 891908, 912216]","[598221, 842282, 415400, 877113, 839672, 565415, 565610, 170076, 891908, 912216]","{""enable_indexscan"": ""off""}","{""index"": ""exact-l2-sequential"", ""index_name"": null, ""session_settings"": {""enable_indexscan"": ""off""}}",16.14 (Debian 16.14-1.pgdg12+1),0.8.5,,[],
6,category == 'Tablet',,10,vector_first_post_filter,failed,,,,[],[],{},{},,,,[],"UndefinedColumn: column ""category"" does not exist
LINE 1: ...:vector LIMIT $3) SELECT id FROM candidates WHERE ""category""...
                                                             ^"
6,category == 'Tablet',0.124703,10,PGVECTOR_HNSW_HYBRID,completed,285.879209,76.047583,0.9,"[598221, 842282, 415400, 877113, 839672, 565415, 565610, 170076, 891908, 223504]","[598221, 842282, 415400, 877113, 839672, 565415, 565610, 170076, 891908, 912216]","{""hnsw.ef_search"": 100, ""ivfflat.probes"": 1000, ""hnsw.iterative_scan"": ""strict_order"", ""hnsw.max_scan_tuples"": 20000}","{""index"": ""hnsw"", ""index_name"": ""sift1m_items_embedding_hnsw_l2_idx"", ""session_settings"": {""hnsw.ef_search"": 100, ""ivfflat.probes"": 1000, ""hnsw.iterative_scan"": ""strict_order"", ""hnsw.max_scan_tuples"": 20000}}",16.14 (Debian 16.14-1.pgdg12+1),0.8.5,verified,"[""sift1m_items_embedding_hnsw_l2_idx""]",
6,category == 'Tablet',0.124703,10,PGVECTOR_IVFFLAT_HYBRID,completed,49.682167,121.789417,0.7,"[598221, 415400, 877113, 565415, 565610, 170076, 912216, 223504, 881007, 918545]","[598221, 842282, 415400, 877113, 839672, 565415, 565610, 170076, 891908, 912216]","{""ivfflat.probes"": 10, ""hnsw.ef_search"": 1000, ""ivfflat.iterative_scan"": ""off""}","{""index"": ""ivfflat"", ""index_name"": ""sift1m_items_embedding_ivfflat_l2_idx"", ""session_settings"": {""ivfflat.probes"": 10, ""hnsw.ef_search"": 1000, ""ivfflat.iterative_scan"": ""off""}}",16.14 (Debian 16.14-1.pgdg12+1),0.8.5,verified,"[""sift1m_items_embedding_ivfflat_l2_idx""]",
7,category == 'Laptop',0.124752,10,PGVECTOR_SQL_FIRST_EXACT,completed,282.120875,219.185917,1.0,"[207868, 543133, 280624, 258018, 768332, 153004, 472169, 692410, 57655, 53230]","[207868, 543133, 280624, 258018, 768332, 153004, 472169, 692410, 57655, 53230]","{""enable_indexscan"": ""off""}","{""index"": ""exact-l2-sequential"", ""index_name"": null, ""session_settings"": {""enable_indexscan"": ""off""}}",16.14 (Debian 16.14-1.pgdg12+1),0.8.5,,[],
7,category == 'Laptop',,10,vector_first_post_filter,failed,,,,[],[],{},{},,,,[],"UndefinedColumn: column ""category"" does not exist
LINE 1: ...:vector LIMIT $3) SELECT id FROM candidates WHERE ""category""...
                                                             ^"
7,category == 'Laptop',0.124752,10,PGVECTOR_HNSW_HYBRID,completed,195.476958,137.466708,1.0,"[207868, 543133, 280624, 258018, 768332, 153004, 472169, 692410, 57655, 53230]","[207868, 543133, 280624, 258018, 768332, 153004, 472169, 692410, 57655, 53230]","{""hnsw.ef_search"": 100, ""ivfflat.probes"": 1000, ""hnsw.iterative_scan"": ""strict_order"", ""hnsw.max_scan_tuples"": 20000}","{""index"": ""hnsw"", ""index_name"": ""sift1m_items_embedding_hnsw_l2_idx"", ""session_settings"": {""hnsw.ef_search"": 100, ""ivfflat.probes"": 1000, ""hnsw.iterative_scan"": ""strict_order"", ""hnsw.max_scan_tuples"": 20000}}",16.14 (Debian 16.14-1.pgdg12+1),0.8.5,verified,"[""sift1m_items_embedding_hnsw_l2_idx""]",
7,category == 'Laptop',0.124752,10,PGVECTOR_IVFFLAT_HYBRID,completed,76.651708,87.1765,0.9,"[207868, 543133, 280624, 258018, 768332, 153004, 472169, 692410, 57655, 819353]","[207868, 543133, 280624, 258018, 768332, 153004, 472169, 692410, 57655, 53230]","{""ivfflat.probes"": 10, ""hnsw.ef_search"": 1000, ""ivfflat.iterative_scan"": ""off""}","{""index"": ""ivfflat"", ""index_name"": ""sift1m_items_embedding_ivfflat_l2_idx"", ""session_settings"": {""ivfflat.probes"": 10, ""hnsw.ef_search"": 1000, ""ivfflat.iterative_scan"": ""off""}}",16.14 (Debian 16.14-1.pgdg12+1),0.8.5,verified,"[""sift1m_items_embedding_ivfflat_l2_idx""]",
8,brand == 'Apple',0.125152,10,PGVECTOR_SQL_FIRST_EXACT,completed,62.412292,55.881041,1.0,"[695175, 285272, 678764, 340986, 967581, 307306, 699682, 376619, 481098, 464793]","[695175, 285272, 678764, 340986, 967581, 307306, 699682, 376619, 481098, 464793]","{""enable_indexscan"": ""off""}","{""index"": ""exact-l2-sequential"", ""index_name"": null, ""session_settings"": {""enable_indexscan"": ""off""}}",16.14 (Debian 16.14-1.pgdg12+1),0.8.5,,[],
8,brand == 'Apple',,10,vector_first_post_filter,failed,,,,[],[],{},{},,,,[],"UndefinedColumn: column ""brand"" does not exist
LINE 1: ...:vector LIMIT $3) SELECT id FROM candidates WHERE ""brand"" = ...
                                                             ^"
8,brand == 'Apple',0.125152,10,PGVECTOR_HNSW_HYBRID,completed,993.248584,191.601209,0.9,"[695175, 285272, 678764, 340986, 967581, 307306, 699682, 376619, 464793, 557601]","[695175, 285272, 678764, 340986, 967581, 307306, 699682, 376619, 481098, 464793]","{""hnsw.ef_search"": 100, ""ivfflat.probes"": 1000, ""hnsw.iterative_scan"": ""strict_order"", ""hnsw.max_scan_tuples"": 20000}","{""index"": ""hnsw"", ""index_name"": ""sift1m_items_embedding_hnsw_l2_idx"", ""session_settings"": {""hnsw.ef_search"": 100, ""ivfflat.probes"": 1000, ""hnsw.iterative_scan"": ""strict_order"", ""hnsw.max_scan_tuples"": 20000}}",16.14 (Debian 16.14-1.pgdg12+1),0.8.5,verified,"[""sift1m_items_embedding_hnsw_l2_idx""]",
8,brand == 'Apple',0.125152,10,PGVECTOR_IVFFLAT_HYBRID,completed,102.649959,56.360459,0.8,"[285272, 678764, 340986, 967581, 699682, 376619, 481098, 464793, 312430, 171641]","[695175, 285272, 678764, 340986, 967581, 307306, 699682, 376619, 481098, 464793]","{""ivfflat.probes"": 10, ""hnsw.ef_search"": 1000, ""ivfflat.iterative_scan"": ""off""}","{""index"": ""ivfflat"", ""index_name"": ""sift1m_items_embedding_ivfflat_l2_idx"", ""session_settings"": {""ivfflat.probes"": 10, ""hnsw.ef_search"": 1000, ""ivfflat.iterative_scan"": ""off""}}",16.14 (Debian 16.14-1.pgdg12+1),0.8.5,verified,"[""sift1m_items_embedding_ivfflat_l2_idx""]",
9,brand == 'Asus',0.125072,10,PGVECTOR_SQL_FIRST_EXACT,completed,57.714208,56.170916,1.0,"[177646, 292077, 322138, 261319, 151491, 182520, 732351, 521119, 314657, 771950]","[177646, 292077, 322138, 261319, 151491, 182520, 732351, 521119, 314657, 771950]","{""enable_indexscan"": ""off""}","{""index"": ""exact-l2-sequential"", ""index_name"": null, ""session_settings"": {""enable_indexscan"": ""off""}}",16.14 (Debian 16.14-1.pgdg12+1),0.8.5,,[],
9,brand == 'Asus',,10,vector_first_post_filter,failed,,,,[],[],{},{},,,,[],"UndefinedColumn: column ""brand"" does not exist
LINE 1: ...:vector LIMIT $3) SELECT id FROM candidates WHERE ""brand"" = ...
                                                             ^"
9,brand == 'Asus',0.125072,10,PGVECTOR_HNSW_HYBRID,completed,198.752334,62.984208,1.0,"[177646, 292077, 322138, 261319, 151491, 182520, 732351, 521119, 314657, 771950]","[177646, 292077, 322138, 261319, 151491, 182520, 732351, 521119, 314657, 771950]","{""hnsw.ef_search"": 100, ""ivfflat.probes"": 1000, ""hnsw.iterative_scan"": ""strict_order"", ""hnsw.max_scan_tuples"": 20000}","{""index"": ""hnsw"", ""index_name"": ""sift1m_items_embedding_hnsw_l2_idx"", ""session_settings"": {""hnsw.ef_search"": 100, ""ivfflat.probes"": 1000, ""hnsw.iterative_scan"": ""strict_order"", ""hnsw.max_scan_tuples"": 20000}}",16.14 (Debian 16.14-1.pgdg12+1),0.8.5,verified,"[""sift1m_items_embedding_hnsw_l2_idx""]",
9,brand == 'Asus',0.125072,10,PGVECTOR_IVFFLAT_HYBRID,completed,24.995375,50.906083,0.8,"[177646, 292077, 322138, 261319, 151491, 732351, 314657, 771950, 611164, 514893]","[177646, 292077, 322138, 261319, 151491, 182520, 732351, 521119, 314657, 771950]","{""ivfflat.probes"": 10, ""hnsw.ef_search"": 1000, ""ivfflat.iterative_scan"": ""off""}","{""index"": ""ivfflat"", ""index_name"": ""sift1m_items_embedding_ivfflat_l2_idx"", ""session_settings"": {""ivfflat.probes"": 10, ""hnsw.ef_search"": 1000, ""ivfflat.iterative_scan"": ""off""}}",16.14 (Debian 16.14-1.pgdg12+1),0.8.5,verified,"[""sift1m_items_embedding_ivfflat_l2_idx""]",
10,brand == 'Lenovo',0.125057,10,PGVECTOR_SQL_FIRST_EXACT,completed,53.223666,54.606916,1.0,"[297239, 433270, 689997, 930391, 169528, 366974, 941307, 827391, 947449, 291507]","[297239, 433270, 689997, 930391, 169528, 366974, 941307, 827391, 947449, 291507]","{""enable_indexscan"": ""off""}","{""index"": ""exact-l2-sequential"", ""index_name"": null, ""session_settings"": {""enable_indexscan"": ""off""}}",16.14 (Debian 16.14-1.pgdg12+1),0.8.5,,[],
10,brand == 'Lenovo',,10,vector_first_post_filter,failed,,,,[],[],{},{},,,,[],"UndefinedColumn: column ""brand"" does not exist
LINE 1: ...:vector LIMIT $3) SELECT id FROM candidates WHERE ""brand"" = ...
                                                             ^"
10,brand == 'Lenovo',0.125057,10,PGVECTOR_HNSW_HYBRID,completed,224.651083,98.3425,1.0,"[297239, 433270, 689997, 930391, 169528, 366974, 941307, 827391, 947449, 291507]","[297239, 433270, 689997, 930391, 169528, 366974, 941307, 827391, 947449, 291507]","{""hnsw.ef_search"": 100, ""ivfflat.probes"": 1000, ""hnsw.iterative_scan"": ""strict_order"", ""hnsw.max_scan_tuples"": 20000}","{""index"": ""hnsw"", ""index_name"": ""sift1m_items_embedding_hnsw_l2_idx"", ""session_settings"": {""hnsw.ef_search"": 100, ""ivfflat.probes"": 1000, ""hnsw.iterative_scan"": ""strict_order"", ""hnsw.max_scan_tuples"": 20000}}",16.14 (Debian 16.14-1.pgdg12+1),0.8.5,verified,"[""sift1m_items_embedding_hnsw_l2_idx""]",
10,brand == 'Lenovo',0.125057,10,PGVECTOR_IVFFLAT_HYBRID,completed,91.118,176.543,0.5,"[689997, 930391, 366974, 827391, 291507, 465687, 549922, 15054, 434533, 286882]","[297239, 433270, 689997, 930391, 169528, 366974, 941307, 827391, 947449, 291507]","{""ivfflat.probes"": 10, ""hnsw.ef_search"": 1000, ""ivfflat.iterative_scan"": ""off""}","{""index"": ""ivfflat"", ""index_name"": ""sift1m_items_embedding_ivfflat_l2_idx"", ""session_settings"": {""ivfflat.probes"": 10, ""hnsw.ef_search"": 1000, ""ivfflat.iterative_scan"": ""off""}}",16.14 (Debian 16.14-1.pgdg12+1),0.8.5,verified,"[""sift1m_items_embedding_ivfflat_l2_idx""]",
11,brand == 'HP',0.124562,10,PGVECTOR_SQL_FIRST_EXACT,completed,59.651833,55.833708,1.0,"[762035, 923824, 814743, 257002, 806212, 390146, 130733, 69850, 852385, 413147]","[762035, 923824, 814743, 257002, 806212, 390146, 130733, 69850, 852385, 413147]","{""enable_indexscan"": ""off""}","{""index"": ""exact-l2-sequential"", ""index_name"": null, ""session_settings"": {""enable_indexscan"": ""off""}}",16.14 (Debian 16.14-1.pgdg12+1),0.8.5,,[],
11,brand == 'HP',,10,vector_first_post_filter,failed,,,,[],[],{},{},,,,[],"UndefinedColumn: column ""brand"" does not exist
LINE 1: ...:vector LIMIT $3) SELECT id FROM candidates WHERE ""brand"" = ...
                                                             ^"
11,brand == 'HP',0.124562,10,PGVECTOR_HNSW_HYBRID,completed,179.882,66.199333,0.9,"[762035, 923824, 814743, 257002, 806212, 390146, 130733, 69850, 852385, 180816]","[762035, 923824, 814743, 257002, 806212, 390146, 130733, 69850, 852385, 413147]","{""hnsw.ef_search"": 100, ""ivfflat.probes"": 1000, ""hnsw.iterative_scan"": ""strict_order"", ""hnsw.max_scan_tuples"": 20000}","{""index"": ""hnsw"", ""index_name"": ""sift1m_items_embedding_hnsw_l2_idx"", ""session_settings"": {""hnsw.ef_search"": 100, ""ivfflat.probes"": 1000, ""hnsw.iterative_scan"": ""strict_order"", ""hnsw.max_scan_tuples"": 20000}}",16.14 (Debian 16.14-1.pgdg12+1),0.8.5,verified,"[""sift1m_items_embedding_hnsw_l2_idx""]",
11,brand == 'HP',0.124562,10,PGVECTOR_IVFFLAT_HYBRID,completed,66.050333,86.096292,0.8,"[762035, 923824, 814743, 806212, 390146, 130733, 852385, 413147, 180816, 389423]","[762035, 923824, 814743, 257002, 806212, 390146, 130733, 69850, 852385, 413147]","{""ivfflat.probes"": 10, ""hnsw.ef_search"": 1000, ""ivfflat.iterative_scan"": ""off""}","{""index"": ""ivfflat"", ""index_name"": ""sift1m_items_embedding_ivfflat_l2_idx"", ""session_settings"": {""ivfflat.probes"": 10, ""hnsw.ef_search"": 1000, ""ivfflat.iterative_scan"": ""off""}}",16.14 (Debian 16.14-1.pgdg12+1),0.8.5,verified,"[""sift1m_items_embedding_ivfflat_l2_idx""]",
12,brand == 'Sony',0.125233,10,PGVECTOR_SQL_FIRST_EXACT,completed,96.694167,130.171916,1.0,"[390776, 564042, 224306, 216184, 756088, 932968, 957511, 855040, 853890, 842692]","[390776, 564042, 224306, 216184, 756088, 932968, 957511, 855040, 853890, 842692]","{""enable_indexscan"": ""off""}","{""index"": ""exact-l2-sequential"", ""index_name"": null, ""session_settings"": {""enable_indexscan"": ""off""}}",16.14 (Debian 16.14-1.pgdg12+1),0.8.5,,[],
12,brand == 'Sony',,10,vector_first_post_filter,failed,,,,[],[],{},{},,,,[],"UndefinedColumn: column ""brand"" does not exist
LINE 1: ...:vector LIMIT $3) SELECT id FROM candidates WHERE ""brand"" = ...
                                                             ^"
12,brand == 'Sony',0.125233,10,PGVECTOR_HNSW_HYBRID,completed,405.179833,212.661792,0.9,"[390776, 564042, 224306, 216184, 756088, 932968, 957511, 853890, 842692, 215972]","[390776, 564042, 224306, 216184, 756088, 932968, 957511, 855040, 853890, 842692]","{""hnsw.ef_search"": 100, ""ivfflat.probes"": 1000, ""hnsw.iterative_scan"": ""strict_order"", ""hnsw.max_scan_tuples"": 20000}","{""index"": ""hnsw"", ""index_name"": ""sift1m_items_embedding_hnsw_l2_idx"", ""session_settings"": {""hnsw.ef_search"": 100, ""ivfflat.probes"": 1000, ""hnsw.iterative_scan"": ""strict_order"", ""hnsw.max_scan_tuples"": 20000}}",16.14 (Debian 16.14-1.pgdg12+1),0.8.5,verified,"[""sift1m_items_embedding_hnsw_l2_idx""]",
12,brand == 'Sony',0.125233,10,PGVECTOR_IVFFLAT_HYBRID,completed,52.323542,61.660292,0.8,"[390776, 564042, 224306, 216184, 932968, 957511, 853890, 842692, 215972, 2113]","[390776, 564042, 224306, 216184, 756088, 932968, 957511, 855040, 853890, 842692]","{""ivfflat.probes"": 10, ""hnsw.ef_search"": 1000, ""ivfflat.iterative_scan"": ""off""}","{""index"": ""ivfflat"", ""index_name"": ""sift1m_items_embedding_ivfflat_l2_idx"", ""session_settings"": {""ivfflat.probes"": 10, ""hnsw.ef_search"": 1000, ""ivfflat.iterative_scan"": ""off""}}",16.14 (Debian 16.14-1.pgdg12+1),0.8.5,verified,"[""sift1m_items_embedding_ivfflat_l2_idx""]",
13,brand == 'LG',0.124969,10,PGVECTOR_SQL_FIRST_EXACT,completed,112.685167,93.928125,1.0,"[596084, 582149, 481526, 170030, 942769, 942665, 376097, 15015, 918545, 265106]","[596084, 582149, 481526, 170030, 942769, 942665, 376097, 15015, 918545, 265106]","{""enable_indexscan"": ""off""}","{""index"": ""exact-l2-sequential"", ""index_name"": null, ""session_settings"": {""enable_indexscan"": ""off""}}",16.14 (Debian 16.14-1.pgdg12+1),0.8.5,,[],
13,brand == 'LG',,10,vector_first_post_filter,failed,,,,[],[],{},{},,,,[],"UndefinedColumn: column ""brand"" does not exist
LINE 1: ...:vector LIMIT $3) SELECT id FROM candidates WHERE ""brand"" = ...
                                                             ^"
13,brand == 'LG',0.124969,10,PGVECTOR_HNSW_HYBRID,completed,192.549959,65.810875,1.0,"[596084, 582149, 481526, 170030, 942769, 942665, 376097, 15015, 918545, 265106]","[596084, 582149, 481526, 170030, 942769, 942665, 376097, 15015, 918545, 265106]","{""hnsw.ef_search"": 100, ""ivfflat.probes"": 1000, ""hnsw.iterative_scan"": ""strict_order"", ""hnsw.max_scan_tuples"": 20000}","{""index"": ""hnsw"", ""index_name"": ""sift1m_items_embedding_hnsw_l2_idx"", ""session_settings"": {""hnsw.ef_search"": 100, ""ivfflat.probes"": 1000, ""hnsw.iterative_scan"": ""strict_order"", ""hnsw.max_scan_tuples"": 20000}}",16.14 (Debian 16.14-1.pgdg12+1),0.8.5,verified,"[""sift1m_items_embedding_hnsw_l2_idx""]",
13,brand == 'LG',0.124969,10,PGVECTOR_IVFFLAT_HYBRID,completed,25.919917,61.883917,0.6,"[481526, 170030, 942769, 942665, 376097, 15015, 248427, 710374, 825865, 561211]","[596084, 582149, 481526, 170030, 942769, 942665, 376097, 15015, 918545, 265106]","{""ivfflat.probes"": 10, ""hnsw.ef_search"": 1000, ""ivfflat.iterative_scan"": ""off""}","{""index"": ""ivfflat"", ""index_name"": ""sift1m_items_embedding_ivfflat_l2_idx"", ""session_settings"": {""ivfflat.probes"": 10, ""hnsw.ef_search"": 1000, ""ivfflat.iterative_scan"": ""off""}}",16.14 (Debian 16.14-1.pgdg12+1),0.8.5,verified,"[""sift1m_items_embedding_ivfflat_l2_idx""]",
14,brand == 'Samsung',0.125146,10,PGVECTOR_SQL_FIRST_EXACT,completed,56.509291,59.562084,1.0,"[565920, 528271, 649785, 983167, 155663, 289330, 860104, 452493, 501457, 551817]","[565920, 528271, 649785, 983167, 155663, 289330, 860104, 452493, 501457, 551817]","{""enable_indexscan"": ""off""}","{""index"": ""exact-l2-sequential"", ""index_name"": null, ""session_settings"": {""enable_indexscan"": ""off""}}",16.14 (Debian 16.14-1.pgdg12+1),0.8.5,,[],
14,brand == 'Samsung',,10,vector_first_post_filter,failed,,,,[],[],{},{},,,,[],"UndefinedColumn: column ""brand"" does not exist
LINE 1: ...:vector LIMIT $3) SELECT id FROM candidates WHERE ""brand"" = ...
                                                             ^"
14,brand == 'Samsung',0.125146,10,PGVECTOR_HNSW_HYBRID,completed,190.56025,106.446375,0.9,"[565920, 528271, 649785, 983167, 155663, 289330, 860104, 501457, 551817, 409538]","[565920, 528271, 649785, 983167, 155663, 289330, 860104, 452493, 501457, 551817]","{""hnsw.ef_search"": 100, ""ivfflat.probes"": 1000, ""hnsw.iterative_scan"": ""strict_order"", ""hnsw.max_scan_tuples"": 20000}","{""index"": ""hnsw"", ""index_name"": ""sift1m_items_embedding_hnsw_l2_idx"", ""session_settings"": {""hnsw.ef_search"": 100, ""ivfflat.probes"": 1000, ""hnsw.iterative_scan"": ""strict_order"", ""hnsw.max_scan_tuples"": 20000}}",16.14 (Debian 16.14-1.pgdg12+1),0.8.5,verified,"[""sift1m_items_embedding_hnsw_l2_idx""]",
14,brand == 'Samsung',0.125146,10,PGVECTOR_IVFFLAT_HYBRID,completed,26.735125,70.425791,0.9,"[565920, 528271, 983167, 155663, 289330, 860104, 452493, 501457, 551817, 409538]","[565920, 528271, 649785, 983167, 155663, 289330, 860104, 452493, 501457, 551817]","{""ivfflat.probes"": 10, ""hnsw.ef_search"": 1000, ""ivfflat.iterative_scan"": ""off""}","{""index"": ""ivfflat"", ""index_name"": ""sift1m_items_embedding_ivfflat_l2_idx"", ""session_settings"": {""ivfflat.probes"": 10, ""hnsw.ef_search"": 1000, ""ivfflat.iterative_scan"": ""off""}}",16.14 (Debian 16.14-1.pgdg12+1),0.8.5,verified,"[""sift1m_items_embedding_ivfflat_l2_idx""]",
15,brand == 'Dell',0.124809,10,PGVECTOR_SQL_FIRST_EXACT,completed,65.423542,55.989625,1.0,"[918194, 961400, 261934, 57481, 781626, 255150, 946854, 124232, 337440, 674773]","[918194, 961400, 261934, 57481, 781626, 255150, 946854, 124232, 337440, 674773]","{""enable_indexscan"": ""off""}","{""index"": ""exact-l2-sequential"", ""index_name"": null, ""session_settings"": {""enable_indexscan"": ""off""}}",16.14 (Debian 16.14-1.pgdg12+1),0.8.5,,[],
15,brand == 'Dell',,10,vector_first_post_filter,failed,,,,[],[],{},{},,,,[],"UndefinedColumn: column ""brand"" does not exist
LINE 1: ...:vector LIMIT $3) SELECT id FROM candidates WHERE ""brand"" = ...
                                                             ^"
15,brand == 'Dell',0.124809,10,PGVECTOR_HNSW_HYBRID,completed,414.7625,255.133625,1.0,"[918194, 961400, 261934, 57481, 781626, 255150, 946854, 124232, 337440, 674773]","[918194, 961400, 261934, 57481, 781626, 255150, 946854, 124232, 337440, 674773]","{""hnsw.ef_search"": 100, ""ivfflat.probes"": 1000, ""hnsw.iterative_scan"": ""strict_order"", ""hnsw.max_scan_tuples"": 20000}","{""index"": ""hnsw"", ""index_name"": ""sift1m_items_embedding_hnsw_l2_idx"", ""session_settings"": {""hnsw.ef_search"": 100, ""ivfflat.probes"": 1000, ""hnsw.iterative_scan"": ""strict_order"", ""hnsw.max_scan_tuples"": 20000}}",16.14 (Debian 16.14-1.pgdg12+1),0.8.5,verified,"[""sift1m_items_embedding_hnsw_l2_idx""]",
15,brand == 'Dell',0.124809,10,PGVECTOR_IVFFLAT_HYBRID,completed,87.356917,95.171708,0.9,"[918194, 961400, 57481, 781626, 255150, 946854, 124232, 337440, 674773, 502174]","[918194, 961400, 261934, 57481, 781626, 255150, 946854, 124232, 337440, 674773]","{""ivfflat.probes"": 10, ""hnsw.ef_search"": 1000, ""ivfflat.iterative_scan"": ""off""}","{""index"": ""ivfflat"", ""index_name"": ""sift1m_items_embedding_ivfflat_l2_idx"", ""session_settings"": {""ivfflat.probes"": 10, ""hnsw.ef_search"": 1000, ""ivfflat.iterative_scan"": ""off""}}",16.14 (Debian 16.14-1.pgdg12+1),0.8.5,verified,"[""sift1m_items_embedding_ivfflat_l2_idx""]",
16,price < 200,0.076848,10,PGVECTOR_SQL_FIRST_EXACT,completed,719.563875,440.818334,1.0,"[684893, 223703, 967417, 392160, 925011, 869205, 349167, 929950, 682947, 725090]","[684893, 223703, 967417, 392160, 925011, 869205, 349167, 929950, 682947, 725090]","{""enable_indexscan"": ""off""}","{""index"": ""exact-l2-sequential"", ""index_name"": null, ""session_settings"": {""enable_indexscan"": ""off""}}",16.14 (Debian 16.14-1.pgdg12+1),0.8.5,,[],
16,price < 200,,10,vector_first_post_filter,failed,,,,[],[],{},{},,,,[],"UndefinedColumn: column ""price"" does not exist
LINE 1: ...:vector LIMIT $3) SELECT id FROM candidates WHERE ""price"" < ...
                                                             ^"
16,price < 200,0.076848,10,PGVECTOR_HNSW_HYBRID,completed,760.618292,644.853625,0.9,"[684893, 223703, 967417, 392160, 925011, 869205, 349167, 929950, 682947, 683503]","[684893, 223703, 967417, 392160, 925011, 869205, 349167, 929950, 682947, 725090]","{""hnsw.ef_search"": 100, ""ivfflat.probes"": 1000, ""hnsw.iterative_scan"": ""strict_order"", ""hnsw.max_scan_tuples"": 20000}","{""index"": ""hnsw"", ""index_name"": ""sift1m_items_embedding_hnsw_l2_idx"", ""session_settings"": {""hnsw.ef_search"": 100, ""ivfflat.probes"": 1000, ""hnsw.iterative_scan"": ""strict_order"", ""hnsw.max_scan_tuples"": 20000}}",16.14 (Debian 16.14-1.pgdg12+1),0.8.5,verified,"[""sift1m_items_embedding_hnsw_l2_idx""]",
16,price < 200,0.076848,10,PGVECTOR_IVFFLAT_HYBRID,completed,59.581458,214.555459,0.6,"[223703, 967417, 392160, 869205, 929950, 725090, 683503, 902031, 142467, 161240]","[684893, 223703, 967417, 392160, 925011, 869205, 349167, 929950, 682947, 725090]","{""ivfflat.probes"": 10, ""hnsw.ef_search"": 1000, ""ivfflat.iterative_scan"": ""off""}","{""index"": ""ivfflat"", ""index_name"": ""sift1m_items_embedding_ivfflat_l2_idx"", ""session_settings"": {""ivfflat.probes"": 10, ""hnsw.ef_search"": 1000, ""ivfflat.iterative_scan"": ""off""}}",16.14 (Debian 16.14-1.pgdg12+1),0.8.5,verified,"[""sift1m_items_embedding_ivfflat_l2_idx""]",
17,price < 500,0.230466,10,PGVECTOR_SQL_FIRST_EXACT,completed,87.86475,63.967333,1.0,"[394163, 117181, 268236, 874263, 17874, 104866, 200755, 265033, 394280, 58507]","[394163, 117181, 268236, 874263, 17874, 104866, 200755, 265033, 394280, 58507]","{""enable_indexscan"": ""off""}","{""index"": ""exact-l2-sequential"", ""index_name"": null, ""session_settings"": {""enable_indexscan"": ""off""}}",16.14 (Debian 16.14-1.pgdg12+1),0.8.5,,[],
17,price < 500,,10,vector_first_post_filter,failed,,,,[],[],{},{},,,,[],"UndefinedColumn: column ""price"" does not exist
LINE 1: ...:vector LIMIT $3) SELECT id FROM candidates WHERE ""price"" < ...
                                                             ^"
17,price < 500,0.230466,10,PGVECTOR_HNSW_HYBRID,completed,147.868833,68.361667,1.0,"[394163, 117181, 268236, 874263, 17874, 104866, 265033, 200755, 394280, 58507]","[394163, 117181, 268236, 874263, 17874, 104866, 200755, 265033, 394280, 58507]","{""hnsw.ef_search"": 100, ""ivfflat.probes"": 1000, ""hnsw.iterative_scan"": ""strict_order"", ""hnsw.max_scan_tuples"": 20000}","{""index"": ""hnsw"", ""index_name"": ""sift1m_items_embedding_hnsw_l2_idx"", ""session_settings"": {""hnsw.ef_search"": 100, ""ivfflat.probes"": 1000, ""hnsw.iterative_scan"": ""strict_order"", ""hnsw.max_scan_tuples"": 20000}}",16.14 (Debian 16.14-1.pgdg12+1),0.8.5,verified,"[""sift1m_items_embedding_hnsw_l2_idx""]",
17,price < 500,0.230466,10,PGVECTOR_IVFFLAT_HYBRID,completed,19.455667,75.69375,0.8,"[394163, 117181, 268236, 17874, 200755, 265033, 394280, 58507, 989070, 158608]","[394163, 117181, 268236, 874263, 17874, 104866, 200755, 265033, 394280, 58507]","{""ivfflat.probes"": 10, ""hnsw.ef_search"": 1000, ""ivfflat.iterative_scan"": ""off""}","{""index"": ""ivfflat"", ""index_name"": ""sift1m_items_embedding_ivfflat_l2_idx"", ""session_settings"": {""ivfflat.probes"": 10, ""hnsw.ef_search"": 1000, ""ivfflat.iterative_scan"": ""off""}}",16.14 (Debian 16.14-1.pgdg12+1),0.8.5,verified,"[""sift1m_items_embedding_ivfflat_l2_idx""]",
18,price < 800,0.385065,10,PGVECTOR_SQL_FIRST_EXACT,completed,68.737542,99.912875,1.0,"[247250, 434884, 170737, 466326, 126762, 63379, 864195, 503525, 63762, 840385]","[247250, 434884, 170737, 466326, 126762, 63379, 864195, 503525, 63762, 840385]","{""enable_indexscan"": ""off""}","{""index"": ""exact-l2-sequential"", ""index_name"": null, ""session_settings"": {""enable_indexscan"": ""off""}}",16.14 (Debian 16.14-1.pgdg12+1),0.8.5,,[],
18,price < 800,,10,vector_first_post_filter,failed,,,,[],[],{},{},,,,[],"UndefinedColumn: column ""price"" does not exist
LINE 1: ...:vector LIMIT $3) SELECT id FROM candidates WHERE ""price"" < ...
                                                             ^"
18,price < 800,0.385065,10,PGVECTOR_HNSW_HYBRID,completed,161.99625,136.785792,1.0,"[247250, 434884, 170737, 466326, 126762, 63379, 864195, 503525, 63762, 840385]","[247250, 434884, 170737, 466326, 126762, 63379, 864195, 503525, 63762, 840385]","{""hnsw.ef_search"": 100, ""ivfflat.probes"": 1000, ""hnsw.iterative_scan"": ""strict_order"", ""hnsw.max_scan_tuples"": 20000}","{""index"": ""hnsw"", ""index_name"": ""sift1m_items_embedding_hnsw_l2_idx"", ""session_settings"": {""hnsw.ef_search"": 100, ""ivfflat.probes"": 1000, ""hnsw.iterative_scan"": ""strict_order"", ""hnsw.max_scan_tuples"": 20000}}",16.14 (Debian 16.14-1.pgdg12+1),0.8.5,verified,"[""sift1m_items_embedding_hnsw_l2_idx""]",
18,price < 800,0.385065,10,PGVECTOR_IVFFLAT_HYBRID,completed,53.859708,174.688583,0.8,"[247250, 434884, 466326, 63379, 864195, 503525, 63762, 840385, 149847, 721699]","[247250, 434884, 170737, 466326, 126762, 63379, 864195, 503525, 63762, 840385]","{""ivfflat.probes"": 10, ""hnsw.ef_search"": 1000, ""ivfflat.iterative_scan"": ""off""}","{""index"": ""ivfflat"", ""index_name"": ""sift1m_items_embedding_ivfflat_l2_idx"", ""session_settings"": {""ivfflat.probes"": 10, ""hnsw.ef_search"": 1000, ""ivfflat.iterative_scan"": ""off""}}",16.14 (Debian 16.14-1.pgdg12+1),0.8.5,verified,"[""sift1m_items_embedding_ivfflat_l2_idx""]",
19,price < 1200,0.589991,10,PGVECTOR_SQL_FIRST_EXACT,completed,95.537958,112.710333,1.0,"[272436, 394974, 905999, 629123, 224830, 885665, 840629, 395043, 514347, 563976]","[272436, 394974, 905999, 629123, 224830, 885665, 840629, 395043, 514347, 563976]","{""enable_indexscan"": ""off""}","{""index"": ""exact-l2-sequential"", ""index_name"": null, ""session_settings"": {""enable_indexscan"": ""off""}}",16.14 (Debian 16.14-1.pgdg12+1),0.8.5,,[],
19,price < 1200,,10,vector_first_post_filter,failed,,,,[],[],{},{},,,,[],"UndefinedColumn: column ""price"" does not exist
LINE 1: ...:vector LIMIT $3) SELECT id FROM candidates WHERE ""price"" < ...
                                                             ^"
19,price < 1200,0.589991,10,PGVECTOR_HNSW_HYBRID,completed,128.305375,186.860209,1.0,"[272436, 394974, 905999, 629123, 224830, 885665, 840629, 395043, 514347, 563976]","[272436, 394974, 905999, 629123, 224830, 885665, 840629, 395043, 514347, 563976]","{""hnsw.ef_search"": 100, ""ivfflat.probes"": 1000, ""hnsw.iterative_scan"": ""strict_order"", ""hnsw.max_scan_tuples"": 20000}","{""index"": ""hnsw"", ""index_name"": ""sift1m_items_embedding_hnsw_l2_idx"", ""session_settings"": {""hnsw.ef_search"": 100, ""ivfflat.probes"": 1000, ""hnsw.iterative_scan"": ""strict_order"", ""hnsw.max_scan_tuples"": 20000}}",16.14 (Debian 16.14-1.pgdg12+1),0.8.5,verified,"[""sift1m_items_embedding_hnsw_l2_idx""]",
19,price < 1200,0.589991,10,PGVECTOR_IVFFLAT_HYBRID,completed,23.12575,513.499834,0.8,"[272436, 394974, 905999, 224830, 840629, 395043, 514347, 563976, 885687, 391453]","[272436, 394974, 905999, 629123, 224830, 885665, 840629, 395043, 514347, 563976]","{""ivfflat.probes"": 10, ""hnsw.ef_search"": 1000, ""ivfflat.iterative_scan"": ""off""}","{""index"": ""ivfflat"", ""index_name"": ""sift1m_items_embedding_ivfflat_l2_idx"", ""session_settings"": {""ivfflat.probes"": 10, ""hnsw.ef_search"": 1000, ""ivfflat.iterative_scan"": ""off""}}",16.14 (Debian 16.14-1.pgdg12+1),0.8.5,verified,"[""sift1m_items_embedding_ivfflat_l2_idx""]",
20,price < 1600,0.795149,10,PGVECTOR_SQL_FIRST_EXACT,completed,243.837209,144.588125,1.0,"[587404, 666481, 929092, 860624, 481713, 448233, 475757, 359780, 546573, 195737]","[587404, 666481, 929092, 860624, 481713, 448233, 475757, 359780, 546573, 195737]","{""enable_indexscan"": ""off""}","{""index"": ""exact-l2-sequential"", ""index_name"": null, ""session_settings"": {""enable_indexscan"": ""off""}}",16.14 (Debian 16.14-1.pgdg12+1),0.8.5,,[],
20,price < 1600,,10,vector_first_post_filter,failed,,,,[],[],{},{},,,,[],"UndefinedColumn: column ""price"" does not exist
LINE 1: ...:vector LIMIT $3) SELECT id FROM candidates WHERE ""price"" < ...
                                                             ^"
20,price < 1600,0.795149,10,PGVECTOR_HNSW_HYBRID,completed,118.04925,171.397458,1.0,"[587404, 666481, 929092, 860624, 481713, 448233, 475757, 359780, 546573, 195737]","[587404, 666481, 929092, 860624, 481713, 448233, 475757, 359780, 546573, 195737]","{""hnsw.ef_search"": 100, ""ivfflat.probes"": 1000, ""hnsw.iterative_scan"": ""strict_order"", ""hnsw.max_scan_tuples"": 20000}","{""index"": ""hnsw"", ""index_name"": ""sift1m_items_embedding_hnsw_l2_idx"", ""session_settings"": {""hnsw.ef_search"": 100, ""ivfflat.probes"": 1000, ""hnsw.iterative_scan"": ""strict_order"", ""hnsw.max_scan_tuples"": 20000}}",16.14 (Debian 16.14-1.pgdg12+1),0.8.5,verified,"[""sift1m_items_embedding_hnsw_l2_idx""]",
20,price < 1600,0.795149,10,PGVECTOR_IVFFLAT_HYBRID,completed,53.466542,131.124584,1.0,"[587404, 666481, 929092, 860624, 481713, 448233, 475757, 359780, 546573, 195737]","[587404, 666481, 929092, 860624, 481713, 448233, 475757, 359780, 546573, 195737]","{""ivfflat.probes"": 10, ""hnsw.ef_search"": 1000, ""ivfflat.iterative_scan"": ""off""}","{""index"": ""ivfflat"", ""index_name"": ""sift1m_items_embedding_ivfflat_l2_idx"", ""session_settings"": {""ivfflat.probes"": 10, ""hnsw.ef_search"": 1000, ""ivfflat.iterative_scan"": ""off""}}",16.14 (Debian 16.14-1.pgdg12+1),0.8.5,verified,"[""sift1m_items_embedding_ivfflat_l2_idx""]",
21,rating > 2.5,0.612283,10,PGVECTOR_SQL_FIRST_EXACT,completed,140.282,89.2835,1.0,"[4490, 214449, 559990, 497354, 337027, 306259, 59773, 365266, 776961, 261517]","[4490, 214449, 559990, 497354, 337027, 306259, 59773, 365266, 776961, 261517]","{""enable_indexscan"": ""off""}","{""index"": ""exact-l2-sequential"", ""index_name"": null, ""session_settings"": {""enable_indexscan"": ""off""}}",16.14 (Debian 16.14-1.pgdg12+1),0.8.5,,[],
21,rating > 2.5,,10,vector_first_post_filter,failed,,,,[],[],{},{},,,,[],"UndefinedColumn: column ""rating"" does not exist
LINE 1: ...:vector LIMIT $3) SELECT id FROM candidates WHERE ""rating"" >...
                                                             ^"
21,rating > 2.5,0.612283,10,PGVECTOR_HNSW_HYBRID,completed,177.773708,278.296875,1.0,"[4490, 214449, 559990, 497354, 337027, 306259, 59773, 365266, 776961, 261517]","[4490, 214449, 559990, 497354, 337027, 306259, 59773, 365266, 776961, 261517]","{""hnsw.ef_search"": 100, ""ivfflat.probes"": 1000, ""hnsw.iterative_scan"": ""strict_order"", ""hnsw.max_scan_tuples"": 20000}","{""index"": ""hnsw"", ""index_name"": ""sift1m_items_embedding_hnsw_l2_idx"", ""session_settings"": {""hnsw.ef_search"": 100, ""ivfflat.probes"": 1000, ""hnsw.iterative_scan"": ""strict_order"", ""hnsw.max_scan_tuples"": 20000}}",16.14 (Debian 16.14-1.pgdg12+1),0.8.5,verified,"[""sift1m_items_embedding_hnsw_l2_idx""]",
21,rating > 2.5,0.612283,10,PGVECTOR_IVFFLAT_HYBRID,completed,63.645375,208.187083,1.0,"[4490, 214449, 559990, 497354, 337027, 306259, 59773, 365266, 776961, 261517]","[4490, 214449, 559990, 497354, 337027, 306259, 59773, 365266, 776961, 261517]","{""ivfflat.probes"": 10, ""hnsw.ef_search"": 1000, ""ivfflat.iterative_scan"": ""off""}","{""index"": ""ivfflat"", ""index_name"": ""sift1m_items_embedding_ivfflat_l2_idx"", ""session_settings"": {""ivfflat.probes"": 10, ""hnsw.ef_search"": 1000, ""ivfflat.iterative_scan"": ""off""}}",16.14 (Debian 16.14-1.pgdg12+1),0.8.5,verified,"[""sift1m_items_embedding_ivfflat_l2_idx""]",
22,rating > 3.0,0.487262,10,PGVECTOR_SQL_FIRST_EXACT,completed,172.964,109.769,1.0,"[31629, 68360, 426465, 558357, 4784, 633279, 536469, 776801, 5408, 94976]","[31629, 68360, 426465, 558357, 4784, 633279, 536469, 776801, 5408, 94976]","{""enable_indexscan"": ""off""}","{""index"": ""exact-l2-sequential"", ""index_name"": null, ""session_settings"": {""enable_indexscan"": ""off""}}",16.14 (Debian 16.14-1.pgdg12+1),0.8.5,,[],
22,rating > 3.0,,10,vector_first_post_filter,failed,,,,[],[],{},{},,,,[],"UndefinedColumn: column ""rating"" does not exist
LINE 1: ...:vector LIMIT $3) SELECT id FROM candidates WHERE ""rating"" >...
                                                             ^"
22,rating > 3.0,0.487262,10,PGVECTOR_HNSW_HYBRID,completed,120.384,382.274583,1.0,"[31629, 68360, 426465, 558357, 4784, 633279, 536469, 776801, 5408, 94976]","[31629, 68360, 426465, 558357, 4784, 633279, 536469, 776801, 5408, 94976]","{""hnsw.ef_search"": 100, ""ivfflat.probes"": 1000, ""hnsw.iterative_scan"": ""strict_order"", ""hnsw.max_scan_tuples"": 20000}","{""index"": ""hnsw"", ""index_name"": ""sift1m_items_embedding_hnsw_l2_idx"", ""session_settings"": {""hnsw.ef_search"": 100, ""ivfflat.probes"": 1000, ""hnsw.iterative_scan"": ""strict_order"", ""hnsw.max_scan_tuples"": 20000}}",16.14 (Debian 16.14-1.pgdg12+1),0.8.5,verified,"[""sift1m_items_embedding_hnsw_l2_idx""]",
22,rating > 3.0,0.487262,10,PGVECTOR_IVFFLAT_HYBRID,completed,42.653625,148.45775,0.9,"[31629, 68360, 426465, 558357, 4784, 633279, 536469, 776801, 94976, 305045]","[31629, 68360, 426465, 558357, 4784, 633279, 536469, 776801, 5408, 94976]","{""ivfflat.probes"": 10, ""hnsw.ef_search"": 1000, ""ivfflat.iterative_scan"": ""off""}","{""index"": ""ivfflat"", ""index_name"": ""sift1m_items_embedding_ivfflat_l2_idx"", ""session_settings"": {""ivfflat.probes"": 10, ""hnsw.ef_search"": 1000, ""ivfflat.iterative_scan"": ""off""}}",16.14 (Debian 16.14-1.pgdg12+1),0.8.5,verified,"[""sift1m_items_embedding_ivfflat_l2_idx""]",
23,rating > 3.5,0.362073,10,PGVECTOR_SQL_FIRST_EXACT,completed,87.276083,111.468209,1.0,"[364790, 526788, 219735, 176512, 290169, 122772, 350527, 364660, 902789, 607007]","[364790, 526788, 219735, 176512, 290169, 122772, 350527, 364660, 902789, 607007]","{""enable_indexscan"": ""off""}","{""index"": ""exact-l2-sequential"", ""index_name"": null, ""session_settings"": {""enable_indexscan"": ""off""}}",16.14 (Debian 16.14-1.pgdg12+1),0.8.5,,[],
23,rating > 3.5,,10,vector_first_post_filter,failed,,,,[],[],{},{},,,,[],"UndefinedColumn: column ""rating"" does not exist
LINE 1: ...:vector LIMIT $3) SELECT id FROM candidates WHERE ""rating"" >...
                                                             ^"
23,rating > 3.5,0.362073,10,PGVECTOR_HNSW_HYBRID,completed,117.956875,273.700334,1.0,"[364790, 526788, 219735, 176512, 290169, 122772, 350527, 364660, 902789, 607007]","[364790, 526788, 219735, 176512, 290169, 122772, 350527, 364660, 902789, 607007]","{""hnsw.ef_search"": 100, ""ivfflat.probes"": 1000, ""hnsw.iterative_scan"": ""strict_order"", ""hnsw.max_scan_tuples"": 20000}","{""index"": ""hnsw"", ""index_name"": ""sift1m_items_embedding_hnsw_l2_idx"", ""session_settings"": {""hnsw.ef_search"": 100, ""ivfflat.probes"": 1000, ""hnsw.iterative_scan"": ""strict_order"", ""hnsw.max_scan_tuples"": 20000}}",16.14 (Debian 16.14-1.pgdg12+1),0.8.5,verified,"[""sift1m_items_embedding_hnsw_l2_idx""]",
23,rating > 3.5,0.362073,10,PGVECTOR_IVFFLAT_HYBRID,completed,21.415417,140.062625,0.9,"[364790, 526788, 219735, 176512, 122772, 350527, 364660, 902789, 607007, 585383]","[364790, 526788, 219735, 176512, 290169, 122772, 350527, 364660, 902789, 607007]","{""ivfflat.probes"": 10, ""hnsw.ef_search"": 1000, ""ivfflat.iterative_scan"": ""off""}","{""index"": ""ivfflat"", ""index_name"": ""sift1m_items_embedding_ivfflat_l2_idx"", ""session_settings"": {""ivfflat.probes"": 10, ""hnsw.ef_search"": 1000, ""ivfflat.iterative_scan"": ""off""}}",16.14 (Debian 16.14-1.pgdg12+1),0.8.5,verified,"[""sift1m_items_embedding_ivfflat_l2_idx""]",
24,rating > 4.0,0.236721,10,PGVECTOR_SQL_FIRST_EXACT,completed,155.814792,96.730291,1.0,"[784790, 279489, 4623, 242430, 292781, 188768, 278674, 172451, 515459, 188787]","[784790, 279489, 4623, 242430, 292781, 188768, 278674, 172451, 515459, 188787]","{""enable_indexscan"": ""off""}","{""index"": ""exact-l2-sequential"", ""index_name"": null, ""session_settings"": {""enable_indexscan"": ""off""}}",16.14 (Debian 16.14-1.pgdg12+1),0.8.5,,[],
24,rating > 4.0,,10,vector_first_post_filter,failed,,,,[],[],{},{},,,,[],"UndefinedColumn: column ""rating"" does not exist
LINE 1: ...:vector LIMIT $3) SELECT id FROM candidates WHERE ""rating"" >...
                                                             ^"
24,rating > 4.0,0.236721,10,PGVECTOR_HNSW_HYBRID,completed,192.976625,470.477208,1.0,"[784790, 279489, 4623, 242430, 292781, 188768, 278674, 172451, 515459, 188787]","[784790, 279489, 4623, 242430, 292781, 188768, 278674, 172451, 515459, 188787]","{""hnsw.ef_search"": 100, ""ivfflat.probes"": 1000, ""hnsw.iterative_scan"": ""strict_order"", ""hnsw.max_scan_tuples"": 20000}","{""index"": ""hnsw"", ""index_name"": ""sift1m_items_embedding_hnsw_l2_idx"", ""session_settings"": {""hnsw.ef_search"": 100, ""ivfflat.probes"": 1000, ""hnsw.iterative_scan"": ""strict_order"", ""hnsw.max_scan_tuples"": 20000}}",16.14 (Debian 16.14-1.pgdg12+1),0.8.5,verified,"[""sift1m_items_embedding_hnsw_l2_idx""]",
24,rating > 4.0,0.236721,10,PGVECTOR_IVFFLAT_HYBRID,completed,31.516167,122.16275,0.7,"[4623, 242430, 188768, 278674, 172451, 515459, 188787, 305019, 292201, 305330]","[784790, 279489, 4623, 242430, 292781, 188768, 278674, 172451, 515459, 188787]","{""ivfflat.probes"": 10, ""hnsw.ef_search"": 1000, ""ivfflat.iterative_scan"": ""off""}","{""index"": ""ivfflat"", ""index_name"": ""sift1m_items_embedding_ivfflat_l2_idx"", ""session_settings"": {""ivfflat.probes"": 10, ""hnsw.ef_search"": 1000, ""ivfflat.iterative_scan"": ""off""}}",16.14 (Debian 16.14-1.pgdg12+1),0.8.5,verified,"[""sift1m_items_embedding_ivfflat_l2_idx""]",
25,rating > 4.5,0.112086,10,PGVECTOR_SQL_FIRST_EXACT,completed,61.139916,97.344583,1.0,"[514508, 292181, 474871, 252643, 249846, 465958, 497622, 717049, 684686, 569078]","[514508, 292181, 474871, 252643, 249846, 465958, 497622, 717049, 684686, 569078]","{""enable_indexscan"": ""off""}","{""index"": ""exact-l2-sequential"", ""index_name"": null, ""session_settings"": {""enable_indexscan"": ""off""}}",16.14 (Debian 16.14-1.pgdg12+1),0.8.5,,[],
25,rating > 4.5,,10,vector_first_post_filter,failed,,,,[],[],{},{},,,,[],"UndefinedColumn: column ""rating"" does not exist
LINE 1: ...:vector LIMIT $3) SELECT id FROM candidates WHERE ""rating"" >...
                                                             ^"
25,rating > 4.5,0.112086,10,PGVECTOR_HNSW_HYBRID,completed,160.743125,133.817167,1.0,"[514508, 292181, 474871, 252643, 249846, 465958, 497622, 717049, 684686, 569078]","[514508, 292181, 474871, 252643, 249846, 465958, 497622, 717049, 684686, 569078]","{""hnsw.ef_search"": 100, ""ivfflat.probes"": 1000, ""hnsw.iterative_scan"": ""strict_order"", ""hnsw.max_scan_tuples"": 20000}","{""index"": ""hnsw"", ""index_name"": ""sift1m_items_embedding_hnsw_l2_idx"", ""session_settings"": {""hnsw.ef_search"": 100, ""ivfflat.probes"": 1000, ""hnsw.iterative_scan"": ""strict_order"", ""hnsw.max_scan_tuples"": 20000}}",16.14 (Debian 16.14-1.pgdg12+1),0.8.5,verified,"[""sift1m_items_embedding_hnsw_l2_idx""]",
25,rating > 4.5,0.112086,10,PGVECTOR_IVFFLAT_HYBRID,completed,31.194625,279.839458,0.8,"[474871, 252643, 249846, 465958, 497622, 717049, 684686, 569078, 381049, 299014]","[514508, 292181, 474871, 252643, 249846, 465958, 497622, 717049, 684686, 569078]","{""ivfflat.probes"": 10, ""hnsw.ef_search"": 1000, ""ivfflat.iterative_scan"": ""off""}","{""index"": ""ivfflat"", ""index_name"": ""sift1m_items_embedding_ivfflat_l2_idx"", ""session_settings"": {""ivfflat.probes"": 10, ""hnsw.ef_search"": 1000, ""ivfflat.iterative_scan"": ""off""}}",16.14 (Debian 16.14-1.pgdg12+1),0.8.5,verified,"[""sift1m_items_embedding_ivfflat_l2_idx""]",
26,stock == True,0.500146,10,PGVECTOR_SQL_FIRST_EXACT,completed,159.804834,141.504333,1.0,"[426756, 525190, 910741, 475114, 321539, 515955, 321507, 525650, 514648, 794330]","[426756, 525190, 910741, 475114, 321539, 515955, 321507, 525650, 514648, 794330]","{""enable_indexscan"": ""off""}","{""index"": ""exact-l2-sequential"", ""index_name"": null, ""session_settings"": {""enable_indexscan"": ""off""}}",16.14 (Debian 16.14-1.pgdg12+1),0.8.5,,[],
26,stock == True,,10,vector_first_post_filter,failed,,,,[],[],{},{},,,,[],"UndefinedColumn: column ""stock"" does not exist
LINE 1: ...:vector LIMIT $3) SELECT id FROM candidates WHERE ""stock"" = ...
                                                             ^"
26,stock == True,0.500146,10,PGVECTOR_HNSW_HYBRID,completed,186.520834,323.54775,1.0,"[426756, 525190, 910741, 475114, 321539, 515955, 321507, 525650, 514648, 794330]","[426756, 525190, 910741, 475114, 321539, 515955, 321507, 525650, 514648, 794330]","{""hnsw.ef_search"": 100, ""ivfflat.probes"": 1000, ""hnsw.iterative_scan"": ""strict_order"", ""hnsw.max_scan_tuples"": 20000}","{""index"": ""hnsw"", ""index_name"": ""sift1m_items_embedding_hnsw_l2_idx"", ""session_settings"": {""hnsw.ef_search"": 100, ""ivfflat.probes"": 1000, ""hnsw.iterative_scan"": ""strict_order"", ""hnsw.max_scan_tuples"": 20000}}",16.14 (Debian 16.14-1.pgdg12+1),0.8.5,verified,"[""sift1m_items_embedding_hnsw_l2_idx""]",
26,stock == True,0.500146,10,PGVECTOR_IVFFLAT_HYBRID,completed,80.442458,371.917667,0.7,"[426756, 525190, 475114, 515955, 321507, 525650, 794330, 634527, 241053, 10487]","[426756, 525190, 910741, 475114, 321539, 515955, 321507, 525650, 514648, 794330]","{""ivfflat.probes"": 10, ""hnsw.ef_search"": 1000, ""ivfflat.iterative_scan"": ""off""}","{""index"": ""ivfflat"", ""index_name"": ""sift1m_items_embedding_ivfflat_l2_idx"", ""session_settings"": {""ivfflat.probes"": 10, ""hnsw.ef_search"": 1000, ""ivfflat.iterative_scan"": ""off""}}",16.14 (Debian 16.14-1.pgdg12+1),0.8.5,verified,"[""sift1m_items_embedding_ivfflat_l2_idx""]",
27,stock == False,0.499854,10,PGVECTOR_SQL_FIRST_EXACT,completed,74.405916,72.599,1.0,"[955277, 363739, 176295, 366495, 58968, 802361, 717049, 364341, 925261, 955312]","[955277, 363739, 176295, 366495, 58968, 802361, 717049, 364341, 925261, 955312]","{""enable_indexscan"": ""off""}","{""index"": ""exact-l2-sequential"", ""index_name"": null, ""session_settings"": {""enable_indexscan"": ""off""}}",16.14 (Debian 16.14-1.pgdg12+1),0.8.5,,[],
27,stock == False,,10,vector_first_post_filter,failed,,,,[],[],{},{},,,,[],"UndefinedColumn: column ""stock"" does not exist
LINE 1: ...:vector LIMIT $3) SELECT id FROM candidates WHERE ""stock"" = ...
                                                             ^"
27,stock == False,0.499854,10,PGVECTOR_HNSW_HYBRID,completed,222.259791,267.105708,1.0,"[955277, 363739, 176295, 366495, 58968, 802361, 717049, 364341, 925261, 955312]","[955277, 363739, 176295, 366495, 58968, 802361, 717049, 364341, 925261, 955312]","{""hnsw.ef_search"": 100, ""ivfflat.probes"": 1000, ""hnsw.iterative_scan"": ""strict_order"", ""hnsw.max_scan_tuples"": 20000}","{""index"": ""hnsw"", ""index_name"": ""sift1m_items_embedding_hnsw_l2_idx"", ""session_settings"": {""hnsw.ef_search"": 100, ""ivfflat.probes"": 1000, ""hnsw.iterative_scan"": ""strict_order"", ""hnsw.max_scan_tuples"": 20000}}",16.14 (Debian 16.14-1.pgdg12+1),0.8.5,verified,"[""sift1m_items_embedding_hnsw_l2_idx""]",
27,stock == False,0.499854,10,PGVECTOR_IVFFLAT_HYBRID,completed,47.913334,94.979209,1.0,"[955277, 363739, 176295, 366495, 58968, 802361, 717049, 364341, 925261, 955312]","[955277, 363739, 176295, 366495, 58968, 802361, 717049, 364341, 925261, 955312]","{""ivfflat.probes"": 10, ""hnsw.ef_search"": 1000, ""ivfflat.iterative_scan"": ""off""}","{""index"": ""ivfflat"", ""index_name"": ""sift1m_items_embedding_ivfflat_l2_idx"", ""session_settings"": {""ivfflat.probes"": 10, ""hnsw.ef_search"": 1000, ""ivfflat.iterative_scan"": ""off""}}",16.14 (Debian 16.14-1.pgdg12+1),0.8.5,verified,"[""sift1m_items_embedding_ivfflat_l2_idx""]",
28,category == 'Laptop' and price < 500,0.028864,10,PGVECTOR_SQL_FIRST_EXACT,completed,1826.427958,1586.118417,1.0,"[103826, 907104, 521880, 423008, 265138, 886127, 703845, 785002, 742810, 66976]","[103826, 907104, 521880, 423008, 265138, 886127, 703845, 785002, 742810, 66976]","{""enable_indexscan"": ""off""}","{""index"": ""exact-l2-sequential"", ""index_name"": null, ""session_settings"": {""enable_indexscan"": ""off""}}",16.14 (Debian 16.14-1.pgdg12+1),0.8.5,,[],
28,category == 'Laptop' and price < 500,,10,vector_first_post_filter,failed,,,,[],[],{},{},,,,[],"UndefinedColumn: column ""category"" does not exist
LINE 1: ...vector LIMIT $3) SELECT id FROM candidates WHERE (""category""...
                                                             ^"
28,category == 'Laptop' and price < 500,0.028864,10,PGVECTOR_HNSW_HYBRID,completed,491.973,197.852667,1.0,"[103826, 907104, 521880, 423008, 265138, 886127, 703845, 785002, 742810, 66976]","[103826, 907104, 521880, 423008, 265138, 886127, 703845, 785002, 742810, 66976]","{""hnsw.ef_search"": 100, ""ivfflat.probes"": 1000, ""hnsw.iterative_scan"": ""strict_order"", ""hnsw.max_scan_tuples"": 20000}","{""index"": ""hnsw"", ""index_name"": ""sift1m_items_embedding_hnsw_l2_idx"", ""session_settings"": {""hnsw.ef_search"": 100, ""ivfflat.probes"": 1000, ""hnsw.iterative_scan"": ""strict_order"", ""hnsw.max_scan_tuples"": 20000}}",16.14 (Debian 16.14-1.pgdg12+1),0.8.5,verified,"[""sift1m_items_embedding_hnsw_l2_idx""]",
28,category == 'Laptop' and price < 500,0.028864,10,PGVECTOR_IVFFLAT_HYBRID,completed,94.62,553.327583,0.8,"[907104, 423008, 265138, 886127, 703845, 785002, 742810, 66976, 559780, 791507]","[103826, 907104, 521880, 423008, 265138, 886127, 703845, 785002, 742810, 66976]","{""ivfflat.probes"": 10, ""hnsw.ef_search"": 1000, ""ivfflat.iterative_scan"": ""off""}","{""index"": ""ivfflat"", ""index_name"": ""sift1m_items_embedding_ivfflat_l2_idx"", ""session_settings"": {""ivfflat.probes"": 10, ""hnsw.ef_search"": 1000, ""ivfflat.iterative_scan"": ""off""}}",16.14 (Debian 16.14-1.pgdg12+1),0.8.5,verified,"[""sift1m_items_embedding_ivfflat_l2_idx""]",
29,brand == 'Apple' and rating > 4,0.029805,10,PGVECTOR_SQL_FIRST_EXACT,completed,299.748917,482.870625,1.0,"[637976, 602775, 770465, 667296, 568015, 102666, 535118, 7766, 963972, 820522]","[637976, 602775, 770465, 667296, 568015, 102666, 535118, 7766, 963972, 820522]","{""enable_indexscan"": ""off""}","{""index"": ""exact-l2-sequential"", ""index_name"": null, ""session_settings"": {""enable_indexscan"": ""off""}}",16.14 (Debian 16.14-1.pgdg12+1),0.8.5,,[],
29,brand == 'Apple' and rating > 4,,10,vector_first_post_filter,failed,,,,[],[],{},{},,,,[],"UndefinedColumn: column ""brand"" does not exist
LINE 1: ...vector LIMIT $3) SELECT id FROM candidates WHERE (""brand"" = ...
                                                             ^"
29,brand == 'Apple' and rating > 4,0.029805,10,PGVECTOR_HNSW_HYBRID,completed,585.636583,511.353584,1.0,"[637976, 602775, 770465, 667296, 568015, 102666, 535118, 7766, 963972, 820522]","[637976, 602775, 770465, 667296, 568015, 102666, 535118, 7766, 963972, 820522]","{""hnsw.ef_search"": 100, ""ivfflat.probes"": 1000, ""hnsw.iterative_scan"": ""strict_order"", ""hnsw.max_scan_tuples"": 20000}","{""index"": ""hnsw"", ""index_name"": ""sift1m_items_embedding_hnsw_l2_idx"", ""session_settings"": {""hnsw.ef_search"": 100, ""ivfflat.probes"": 1000, ""hnsw.iterative_scan"": ""strict_order"", ""hnsw.max_scan_tuples"": 20000}}",16.14 (Debian 16.14-1.pgdg12+1),0.8.5,verified,"[""sift1m_items_embedding_hnsw_l2_idx""]",
29,brand == 'Apple' and rating > 4,0.029805,10,PGVECTOR_IVFFLAT_HYBRID,completed,46.440625,175.144958,1.0,"[637976, 602775, 770465, 667296, 568015, 102666, 535118, 7766, 963972, 820522]","[637976, 602775, 770465, 667296, 568015, 102666, 535118, 7766, 963972, 820522]","{""ivfflat.probes"": 10, ""hnsw.ef_search"": 1000, ""ivfflat.iterative_scan"": ""off""}","{""index"": ""ivfflat"", ""index_name"": ""sift1m_items_embedding_ivfflat_l2_idx"", ""session_settings"": {""ivfflat.probes"": 10, ""hnsw.ef_search"": 1000, ""ivfflat.iterative_scan"": ""off""}}",16.14 (Debian 16.14-1.pgdg12+1),0.8.5,verified,"[""sift1m_items_embedding_ivfflat_l2_idx""]",
30,category == 'Phone' and stock == True,0.062437,10,PGVECTOR_SQL_FIRST_EXACT,completed,60.789375,73.520333,1.0,"[516922, 502151, 823965, 525648, 117162, 285066, 518323, 329033, 719126, 440932]","[516922, 502151, 823965, 525648, 117162, 285066, 518323, 329033, 719126, 440932]","{""enable_indexscan"": ""off""}","{""index"": ""exact-l2-sequential"", ""index_name"": null, ""session_settings"": {""enable_indexscan"": ""off""}}",16.14 (Debian 16.14-1.pgdg12+1),0.8.5,,[],
30,category == 'Phone' and stock == True,,10,vector_first_post_filter,failed,,,,[],[],{},{},,,,[],"UndefinedColumn: column ""category"" does not exist
LINE 1: ...vector LIMIT $3) SELECT id FROM candidates WHERE (""category""...
                                                             ^"
30,category == 'Phone' and stock == True,0.062437,10,PGVECTOR_HNSW_HYBRID,completed,254.651167,56.124375,0.9,"[516922, 502151, 823965, 525648, 117162, 518323, 329033, 719126, 440932, 468280]","[516922, 502151, 823965, 525648, 117162, 285066, 518323, 329033, 719126, 440932]","{""hnsw.ef_search"": 100, ""ivfflat.probes"": 1000, ""hnsw.iterative_scan"": ""strict_order"", ""hnsw.max_scan_tuples"": 20000}","{""index"": ""hnsw"", ""index_name"": ""sift1m_items_embedding_hnsw_l2_idx"", ""session_settings"": {""hnsw.ef_search"": 100, ""ivfflat.probes"": 1000, ""hnsw.iterative_scan"": ""strict_order"", ""hnsw.max_scan_tuples"": 20000}}",16.14 (Debian 16.14-1.pgdg12+1),0.8.5,verified,"[""sift1m_items_embedding_hnsw_l2_idx""]",
30,category == 'Phone' and stock == True,0.062437,10,PGVECTOR_IVFFLAT_HYBRID,completed,29.70925,53.648958,0.8,"[516922, 502151, 823965, 285066, 518323, 329033, 719126, 440932, 80078, 403461]","[516922, 502151, 823965, 525648, 117162, 285066, 518323, 329033, 719126, 440932]","{""ivfflat.probes"": 10, ""hnsw.ef_search"": 1000, ""ivfflat.iterative_scan"": ""off""}","{""index"": ""ivfflat"", ""index_name"": ""sift1m_items_embedding_ivfflat_l2_idx"", ""session_settings"": {""ivfflat.probes"": 10, ""hnsw.ef_search"": 1000, ""ivfflat.iterative_scan"": ""off""}}",16.14 (Debian 16.14-1.pgdg12+1),0.8.5,verified,"[""sift1m_items_embedding_ivfflat_l2_idx""]",
31,category == 'TV' and price < 1000,0.061215,10,PGVECTOR_SQL_FIRST_EXACT,completed,93.382083,58.643833,1.0,"[5559, 4995, 401179, 633839, 787668, 323878, 458050, 489718, 697926, 619377]","[5559, 4995, 401179, 633839, 787668, 323878, 458050, 489718, 697926, 619377]","{""enable_indexscan"": ""off""}","{""index"": ""exact-l2-sequential"", ""index_name"": null, ""session_settings"": {""enable_indexscan"": ""off""}}",16.14 (Debian 16.14-1.pgdg12+1),0.8.5,,[],
31,category == 'TV' and price < 1000,,10,vector_first_post_filter,failed,,,,[],[],{},{},,,,[],"UndefinedColumn: column ""category"" does not exist
LINE 1: ...vector LIMIT $3) SELECT id FROM candidates WHERE (""category""...
                                                             ^"
31,category == 'TV' and price < 1000,0.061215,10,PGVECTOR_HNSW_HYBRID,completed,188.399542,54.321083,1.0,"[5559, 4995, 401179, 633839, 787668, 323878, 458050, 489718, 697926, 619377]","[5559, 4995, 401179, 633839, 787668, 323878, 458050, 489718, 697926, 619377]","{""hnsw.ef_search"": 100, ""ivfflat.probes"": 1000, ""hnsw.iterative_scan"": ""strict_order"", ""hnsw.max_scan_tuples"": 20000}","{""index"": ""hnsw"", ""index_name"": ""sift1m_items_embedding_hnsw_l2_idx"", ""session_settings"": {""hnsw.ef_search"": 100, ""ivfflat.probes"": 1000, ""hnsw.iterative_scan"": ""strict_order"", ""hnsw.max_scan_tuples"": 20000}}",16.14 (Debian 16.14-1.pgdg12+1),0.8.5,verified,"[""sift1m_items_embedding_hnsw_l2_idx""]",
31,category == 'TV' and price < 1000,0.061215,10,PGVECTOR_IVFFLAT_HYBRID,completed,35.33875,56.8775,0.9,"[5559, 4995, 401179, 633839, 787668, 323878, 458050, 697926, 619377, 573782]","[5559, 4995, 401179, 633839, 787668, 323878, 458050, 489718, 697926, 619377]","{""ivfflat.probes"": 10, ""hnsw.ef_search"": 1000, ""ivfflat.iterative_scan"": ""off""}","{""index"": ""ivfflat"", ""index_name"": ""sift1m_items_embedding_ivfflat_l2_idx"", ""session_settings"": {""ivfflat.probes"": 10, ""hnsw.ef_search"": 1000, ""ivfflat.iterative_scan"": ""off""}}",16.14 (Debian 16.14-1.pgdg12+1),0.8.5,verified,"[""sift1m_items_embedding_ivfflat_l2_idx""]",
