query,matched_rows,latency_ms,vectors_scanned
category == 'Speaker',124993,165.8329963684082,124993
category == 'Watch',124962,31.288623809814453,124962
category == 'TV',125467,72.23701477050781,125467
category == 'Camera',124977,30.749082565307617,124977
category == 'Monitor',125095,29.111146926879883,125095
category == 'Phone',125051,29.366016387939453,125051
category == 'Tablet',124703,31.59809112548828,124703
category == 'Laptop',124752,30.51900863647461,124752
brand == 'Apple',125152,31.2349796295166,125152
brand == 'Asus',125072,33.31112861633301,125072
brand == 'Lenovo',125057,30.195951461791992,125057
brand == 'HP',124562,29.66618537902832,124562
brand == 'Sony',125233,30.11798858642578,125233
brand == 'LG',124969,29.726266860961914,124969
brand == 'Samsung',125146,30.80892562866211,125146
brand == 'Dell',124809,29.611825942993164,124809
price < 200,76848,17.600059509277344,76848
price < 500,230466,118.40581893920898,230466
price < 800,385065,354.3829917907715,385065
price < 1200,589991,632.9958438873291,589991
price < 1600,795149,943.2058334350586,795149
rating > 2.5,612283,427.50072479248047,612283
rating > 3.0,487262,238.53421211242676,487262
rating > 3.5,362073,104.71177101135254,362073
rating > 4.0,236721,209.34510231018066,236721
rating > 4.5,112086,80.76119422912598,112086
stock == True,500146,126.26504898071289,500146
stock == False,499854,196.81382179260254,499854
category == 'Laptop' and price < 500,28864,12.377262115478516,28864
brand == 'Apple' and rating > 4,29805,32.56988525390625,29805
category == 'Phone' and stock == True,62437,52.474021911621094,62437
category == 'TV' and price < 1000,61215,20.918607711791992,61215
