ef_construction,ef_search,build_time_s,index_size,n,mean_latency_ms,median_latency_ms,p95_latency_ms,mean_recall_at_10,min_recall_at_10,p05_recall,fraction_recall_at_least_095
64,50,33.2,159 MB,250,8.344,9.039,10.825,1.0,1.0,1.0,1.0
64,100,31.9,159 MB,250,8.357,9.031,10.891,1.0,1.0,1.0,1.0
64,200,31.9,159 MB,250,8.376,9.046,10.895,1.0,1.0,1.0,1.0
64,400,33.8,159 MB,250,8.524,9.21,11.011,1.0,1.0,1.0,1.0
200,50,78.5,159 MB,250,9.325,10.006,12.115,1.0,1.0,1.0,1.0
200,100,95.9,159 MB,250,9.47,10.182,12.503,1.0,1.0,1.0,1.0
200,200,98.8,159 MB,250,9.477,10.164,12.475,1.0,1.0,1.0,1.0
200,400,93.0,159 MB,250,11.039,10.406,13.285,1.0,1.0,1.0,1.0
400,50,152.2,159 MB,250,9.279,9.915,12.317,1.0,1.0,1.0,1.0
400,100,3458.0,159 MB,250,7.887,8.54,10.332,1.0,1.0,1.0,1.0
400,200,2511.4,159 MB,250,8.435,9.102,11.037,1.0,1.0,1.0,1.0
400,400,115.0,159 MB,250,8.069,8.708,10.537,1.0,1.0,1.0,1.0
