dataset_size,index_size,ef_construction,ef_search,mean_recall,min_recall,p05_recall,median_latency_ms,p95_latency_ms,source
200000,159 MB,64,50,1.0,1.0,1.0,9.0,10.8,index_ablation.csv
200000,159 MB,64,100,1.0,1.0,1.0,9.0,10.9,index_ablation.csv
200000,159 MB,64,200,1.0,1.0,1.0,9.0,10.9,index_ablation.csv
200000,159 MB,64,400,1.0,1.0,1.0,9.2,11.0,index_ablation.csv
200000,159 MB,200,50,1.0,1.0,1.0,10.0,12.1,index_ablation.csv
200000,159 MB,200,100,1.0,1.0,1.0,10.2,12.5,index_ablation.csv
200000,159 MB,200,200,1.0,1.0,1.0,10.2,12.5,index_ablation.csv
200000,159 MB,200,400,1.0,1.0,1.0,10.4,13.3,index_ablation.csv
200000,159 MB,400,50,1.0,1.0,1.0,9.9,12.3,index_ablation.csv
200000,159 MB,400,100,1.0,1.0,1.0,8.5,10.3,index_ablation.csv
200000,159 MB,400,200,1.0,1.0,1.0,9.1,11.0,index_ablation.csv
200000,159 MB,400,400,1.0,1.0,1.0,8.7,10.5,index_ablation.csv
1000000,782 MB,64,100,0.9992,0.7,0.9,142.4,213.7,canonical_1M_run
1000000,782 MB,200,100,1.0,1.0,1.0,128.7,184.2,baseline_reproduction (warm)
1000000,782 MB,200,100,1.0,1.0,1.0,130.5,188.6,baseline_reproduction_warm
1000000,782 MB,64,100,0.810,0.0,0.0,1.4,3.8,real_run_20260826T065155Z (original canonical, Docker PG16.14)
