vf_budget,strategy,mean_latency_ms,mean_recall_at_10,fraction_recall_at_least_target
100,HNSW_HYBRID,19.595384204,1.0,1.0
100,IVFFLAT_HYBRID,19.596618348,1.0,1.0
100,SQL_FIRST,20.026509176,1.0,1.0
100,VECTOR_FIRST_HNSW,32.241757316,0.8288,0.68
1000,HNSW_HYBRID,19.136448684000005,1.0,1.0
1000,IVFFLAT_HYBRID,19.792225496,1.0,1.0
1000,SQL_FIRST,20.247487512,1.0,1.0
1000,VECTOR_FIRST_HNSW,35.054007512,0.9424,0.896
200,HNSW_HYBRID,19.739969883999997,1.0,1.0
200,IVFFLAT_HYBRID,20.961618452000003,1.0,1.0
200,SQL_FIRST,21.14661166800001,1.0,1.0
200,VECTOR_FIRST_HNSW,34.86086467599999,0.884,0.84
50,HNSW_HYBRID,18.971467148,1.0,1.0
50,IVFFLAT_HYBRID,19.903250132000004,1.0,1.0
50,SQL_FIRST,20.43069816,1.0,1.0
50,VECTOR_FIRST_HNSW,33.440866476000004,0.7008,0.488
500,HNSW_HYBRID,19.00799200800001,1.0,1.0
500,IVFFLAT_HYBRID,19.817906160000007,1.0,1.0
500,SQL_FIRST,19.778131296,1.0,1.0
500,VECTOR_FIRST_HNSW,33.88451798399999,0.9112,0.896
