seed,strategy,mean_latency_ms,mean_recall_at_10,fraction_recall_at_least_target
20260820,HNSW_HYBRID,17.028700368000003,1.0,1.0
20260820,IVFFLAT_HYBRID,16.522608336,1.0,1.0
20260820,SQL_FIRST,16.203237,1.0,1.0
20260820,VECTOR_FIRST_HNSW,26.398853984,0.8288,0.68
20260822,HNSW_HYBRID,16.402976967999997,1.0,1.0
20260822,IVFFLAT_HYBRID,16.375332944,1.0,1.0
20260822,SQL_FIRST,16.64240864,1.0,1.0
20260822,VECTOR_FIRST_HNSW,26.96547032,0.8352,0.664
20260823,HNSW_HYBRID,18.387952968,1.0,1.0
20260823,IVFFLAT_HYBRID,18.855532664,1.0,1.0
20260823,SQL_FIRST,19.242551976,1.0,1.0
20260823,VECTOR_FIRST_HNSW,33.93285969600001,0.7759999999999999,0.648
