ef_search,probes,strategy,mean_latency_ms,mean_recall_at_10,fraction_recall_at_least_target
100,1,HNSW_HYBRID,14.611517836000004,1.0,1.0
100,1,IVFFLAT_HYBRID,14.545711612,1.0,1.0
100,1,SQL_FIRST,14.679735320000004,1.0,1.0
100,1,VECTOR_FIRST_HNSW,23.76145796,0.8288,0.68
100,10,HNSW_HYBRID,14.772205816,1.0,1.0
100,10,IVFFLAT_HYBRID,14.613495344,1.0,1.0
100,10,SQL_FIRST,14.625392784,1.0,1.0
100,10,VECTOR_FIRST_HNSW,24.247067447999996,0.8288,0.68
100,50,HNSW_HYBRID,19.453747024,1.0,1.0
100,50,IVFFLAT_HYBRID,18.434041188,1.0,1.0
100,50,SQL_FIRST,20.135859655999997,1.0,1.0
100,50,VECTOR_FIRST_HNSW,32.537816656000004,0.8288,0.68
200,1,HNSW_HYBRID,18.69260368,1.0,1.0
200,1,IVFFLAT_HYBRID,18.558622828000004,1.0,1.0
200,1,SQL_FIRST,19.377259024000008,1.0,1.0
200,1,VECTOR_FIRST_HNSW,29.989121804,0.8288,0.68
200,10,HNSW_HYBRID,21.191053808,1.0,1.0
200,10,IVFFLAT_HYBRID,20.229815808,1.0,1.0
200,10,SQL_FIRST,20.074771832,1.0,1.0
200,10,VECTOR_FIRST_HNSW,33.30395963200001,0.8288,0.68
200,50,HNSW_HYBRID,18.996415796,1.0,1.0
200,50,IVFFLAT_HYBRID,19.901393172,1.0,1.0
200,50,SQL_FIRST,19.712288315999995,1.0,1.0
200,50,VECTOR_FIRST_HNSW,33.12650466,0.8288,0.68
400,1,HNSW_HYBRID,19.091873163999995,1.0,1.0
400,1,IVFFLAT_HYBRID,19.939260968,1.0,1.0
400,1,SQL_FIRST,19.4758513,1.0,1.0
400,1,VECTOR_FIRST_HNSW,32.845216328,0.8288,0.68
400,10,HNSW_HYBRID,19.12960536,1.0,1.0
400,10,IVFFLAT_HYBRID,20.268467672000003,1.0,1.0
400,10,SQL_FIRST,20.229150156000003,1.0,1.0
400,10,VECTOR_FIRST_HNSW,33.87887968,0.8288,0.68
400,50,HNSW_HYBRID,19.618787356,1.0,1.0
400,50,IVFFLAT_HYBRID,19.902104868,1.0,1.0
400,50,SQL_FIRST,20.820182008,1.0,1.0
400,50,VECTOR_FIRST_HNSW,33.19720852,0.8288,0.68
40,1,HNSW_HYBRID,15.118140876000004,1.0,1.0
40,1,IVFFLAT_HYBRID,14.710116152,1.0,1.0
40,1,SQL_FIRST,14.894611008,1.0,1.0
40,1,VECTOR_FIRST_HNSW,23.795315156,0.8288,0.68
40,10,HNSW_HYBRID,14.891713164,1.0,1.0
40,10,IVFFLAT_HYBRID,14.989464164,1.0,1.0
40,10,SQL_FIRST,14.848335015999998,1.0,1.0
40,10,VECTOR_FIRST_HNSW,24.110027648,0.8288,0.68
40,50,HNSW_HYBRID,15.115915704,1.0,1.0
40,50,IVFFLAT_HYBRID,14.630482644,1.0,1.0
40,50,SQL_FIRST,14.820610672,1.0,1.0
40,50,VECTOR_FIRST_HNSW,24.113803487999995,0.8288,0.68
