query_id,strategy,median_latency_ms,recall_at_10,estimated_selectivity,bucket
0,SQL_FIRST,7.639042,1.0,0.017605,"[0.00,0.05)"
0,VECTOR_FIRST_HNSW,22.989208,0.3,0.017605,"[0.00,0.05)"
0,HNSW_HYBRID,8.379042,1.0,0.017605,"[0.00,0.05)"
0,IVFFLAT_HYBRID,7.791083,1.0,0.017605,"[0.00,0.05)"
1,SQL_FIRST,9.29675,1.0,0.03738,"[0.00,0.05)"
1,VECTOR_FIRST_HNSW,23.072083,0.4,0.03738,"[0.00,0.05)"
1,HNSW_HYBRID,9.302042,1.0,0.03738,"[0.00,0.05)"
1,IVFFLAT_HYBRID,8.886792,1.0,0.03738,"[0.00,0.05)"
3,SQL_FIRST,5.184042,1.0,0.007355,"[0.00,0.05)"
3,VECTOR_FIRST_HNSW,22.867042,0.0,0.007355,"[0.00,0.05)"
3,HNSW_HYBRID,5.694,1.0,0.007355,"[0.00,0.05)"
3,IVFFLAT_HYBRID,5.138167,1.0,0.007355,"[0.00,0.05)"
6,SQL_FIRST,6.534208,1.0,0.012425,"[0.00,0.05)"
6,VECTOR_FIRST_HNSW,23.031834,0.2,0.012425,"[0.00,0.05)"
6,HNSW_HYBRID,7.275833,1.0,0.012425,"[0.00,0.05)"
6,IVFFLAT_HYBRID,6.693166,1.0,0.012425,"[0.00,0.05)"
7,SQL_FIRST,7.479125,1.0,0.01597,"[0.00,0.05)"
7,VECTOR_FIRST_HNSW,22.9235,0.3,0.01597,"[0.00,0.05)"
7,HNSW_HYBRID,8.112833,1.0,0.01597,"[0.00,0.05)"
7,IVFFLAT_HYBRID,7.537333,1.0,0.01597,"[0.00,0.05)"
8,SQL_FIRST,4.581541,1.0,0.004975,"[0.00,0.05)"
8,VECTOR_FIRST_HNSW,23.263792,0.0,0.004975,"[0.00,0.05)"
8,HNSW_HYBRID,5.133584,1.0,0.004975,"[0.00,0.05)"
8,IVFFLAT_HYBRID,4.60025,1.0,0.004975,"[0.00,0.05)"
9,SQL_FIRST,8.90025,1.0,0.036435,"[0.00,0.05)"
9,VECTOR_FIRST_HNSW,22.887125,0.6,0.036435,"[0.00,0.05)"
9,HNSW_HYBRID,9.4535,1.0,0.036435,"[0.00,0.05)"
9,IVFFLAT_HYBRID,8.707583,1.0,0.036435,"[0.00,0.05)"
10,SQL_FIRST,9.662459,1.0,0.04976,"[0.00,0.05)"
10,VECTOR_FIRST_HNSW,22.935,0.4,0.04976,"[0.00,0.05)"
10,HNSW_HYBRID,9.995417,1.0,0.04976,"[0.00,0.05)"
10,IVFFLAT_HYBRID,9.618792,1.0,0.04976,"[0.00,0.05)"
12,SQL_FIRST,7.301792,1.0,0.01493,"[0.00,0.05)"
12,VECTOR_FIRST_HNSW,22.912917,0.4,0.01493,"[0.00,0.05)"
12,HNSW_HYBRID,7.851333,1.0,0.01493,"[0.00,0.05)"
12,IVFFLAT_HYBRID,7.115333,1.0,0.01493,"[0.00,0.05)"
13,SQL_FIRST,10.293041,1.0,0.028345,"[0.00,0.05)"
13,VECTOR_FIRST_HNSW,22.926583,0.3,0.028345,"[0.00,0.05)"
13,HNSW_HYBRID,10.701666,1.0,0.028345,"[0.00,0.05)"
13,IVFFLAT_HYBRID,10.175541,1.0,0.028345,"[0.00,0.05)"
16,SQL_FIRST,10.9735,1.0,0.0292,"[0.00,0.05)"
16,VECTOR_FIRST_HNSW,23.214208,0.3,0.0292,"[0.00,0.05)"
16,HNSW_HYBRID,11.33625,1.0,0.0292,"[0.00,0.05)"
16,IVFFLAT_HYBRID,11.063333,1.0,0.0292,"[0.00,0.05)"
18,SQL_FIRST,9.645542,1.0,0.02464,"[0.00,0.05)"
18,VECTOR_FIRST_HNSW,23.212417,0.3,0.02464,"[0.00,0.05)"
18,HNSW_HYBRID,10.207084,1.0,0.02464,"[0.00,0.05)"
18,IVFFLAT_HYBRID,9.688708,1.0,0.02464,"[0.00,0.05)"
20,SQL_FIRST,10.748875,1.0,0.030685,"[0.00,0.05)"
20,VECTOR_FIRST_HNSW,22.892125,0.3,0.030685,"[0.00,0.05)"
20,HNSW_HYBRID,11.204917,1.0,0.030685,"[0.00,0.05)"
20,IVFFLAT_HYBRID,10.867958,1.0,0.030685,"[0.00,0.05)"
21,SQL_FIRST,9.629834,1.0,0.04494,"[0.00,0.05)"
21,VECTOR_FIRST_HNSW,23.025042,0.6,0.04494,"[0.00,0.05)"
21,HNSW_HYBRID,9.734584,1.0,0.04494,"[0.00,0.05)"
21,IVFFLAT_HYBRID,9.653,1.0,0.04494,"[0.00,0.05)"
24,SQL_FIRST,9.244792,1.0,0.04355,"[0.00,0.05)"
24,VECTOR_FIRST_HNSW,22.907041,0.4,0.04355,"[0.00,0.05)"
24,HNSW_HYBRID,9.668208,1.0,0.04355,"[0.00,0.05)"
24,IVFFLAT_HYBRID,9.227959,1.0,0.04355,"[0.00,0.05)"
29,SQL_FIRST,8.133125,1.0,0.019515,"[0.00,0.05)"
29,VECTOR_FIRST_HNSW,22.972167,0.3,0.019515,"[0.00,0.05)"
29,HNSW_HYBRID,8.698125,1.0,0.019515,"[0.00,0.05)"
29,IVFFLAT_HYBRID,8.244167,1.0,0.019515,"[0.00,0.05)"
32,SQL_FIRST,4.274042,1.0,0.00391,"[0.00,0.05)"
32,VECTOR_FIRST_HNSW,22.781833,0.0,0.00391,"[0.00,0.05)"
32,HNSW_HYBRID,4.766625,1.0,0.00391,"[0.00,0.05)"
32,IVFFLAT_HYBRID,4.377083,1.0,0.00391,"[0.00,0.05)"
36,SQL_FIRST,6.658083,1.0,0.01226,"[0.00,0.05)"
36,VECTOR_FIRST_HNSW,22.902708,0.0,0.01226,"[0.00,0.05)"
36,HNSW_HYBRID,7.440542,1.0,0.01226,"[0.00,0.05)"
36,IVFFLAT_HYBRID,6.748166,1.0,0.01226,"[0.00,0.05)"
38,SQL_FIRST,7.180917,1.0,0.015745,"[0.00,0.05)"
38,VECTOR_FIRST_HNSW,22.895333,0.1,0.015745,"[0.00,0.05)"
38,HNSW_HYBRID,7.95775,1.0,0.015745,"[0.00,0.05)"
38,IVFFLAT_HYBRID,7.2315,1.0,0.015745,"[0.00,0.05)"
39,SQL_FIRST,9.297042,1.0,0.044815,"[0.00,0.05)"
39,VECTOR_FIRST_HNSW,23.095167,0.5,0.044815,"[0.00,0.05)"
39,HNSW_HYBRID,9.610917,1.0,0.044815,"[0.00,0.05)"
39,IVFFLAT_HYBRID,9.269167,1.0,0.044815,"[0.00,0.05)"
41,SQL_FIRST,6.297125,1.0,0.011745,"[0.00,0.05)"
41,VECTOR_FIRST_HNSW,22.877417,0.1,0.011745,"[0.00,0.05)"
41,HNSW_HYBRID,7.12475,1.0,0.011745,"[0.00,0.05)"
41,IVFFLAT_HYBRID,6.543166,1.0,0.011745,"[0.00,0.05)"
43,SQL_FIRST,8.645084,1.0,0.034975,"[0.00,0.05)"
43,VECTOR_FIRST_HNSW,22.924708,0.5,0.034975,"[0.00,0.05)"
43,HNSW_HYBRID,9.1855,1.0,0.034975,"[0.00,0.05)"
43,IVFFLAT_HYBRID,8.827583,1.0,0.034975,"[0.00,0.05)"
44,SQL_FIRST,9.514625,1.0,0.047905,"[0.00,0.05)"
44,VECTOR_FIRST_HNSW,23.415458,0.8,0.047905,"[0.00,0.05)"
44,HNSW_HYBRID,9.886,1.0,0.047905,"[0.00,0.05)"
44,IVFFLAT_HYBRID,9.538084,1.0,0.047905,"[0.00,0.05)"
45,SQL_FIRST,8.676334,1.0,0.02103,"[0.00,0.05)"
45,VECTOR_FIRST_HNSW,22.886834,0.2,0.02103,"[0.00,0.05)"
45,HNSW_HYBRID,9.254667,1.0,0.02103,"[0.00,0.05)"
45,IVFFLAT_HYBRID,8.649,1.0,0.02103,"[0.00,0.05)"
46,SQL_FIRST,8.354958,1.0,0.019885,"[0.00,0.05)"
46,VECTOR_FIRST_HNSW,23.28775,0.1,0.019885,"[0.00,0.05)"
46,HNSW_HYBRID,8.824625,1.0,0.019885,"[0.00,0.05)"
46,IVFFLAT_HYBRID,8.473834,1.0,0.019885,"[0.00,0.05)"
47,SQL_FIRST,10.707167,1.0,0.02984,"[0.00,0.05)"
47,VECTOR_FIRST_HNSW,22.9135,0.3,0.02984,"[0.00,0.05)"
47,HNSW_HYBRID,10.999166,1.0,0.02984,"[0.00,0.05)"
47,IVFFLAT_HYBRID,10.595375,1.0,0.02984,"[0.00,0.05)"
50,SQL_FIRST,9.321208,1.0,0.043945,"[0.00,0.05)"
50,VECTOR_FIRST_HNSW,22.952083,0.3,0.043945,"[0.00,0.05)"
50,HNSW_HYBRID,9.55325,1.0,0.043945,"[0.00,0.05)"
50,IVFFLAT_HYBRID,9.0625,1.0,0.043945,"[0.00,0.05)"
52,SQL_FIRST,6.361334,1.0,0.011275,"[0.00,0.05)"
52,VECTOR_FIRST_HNSW,23.116042,0.1,0.011275,"[0.00,0.05)"
52,HNSW_HYBRID,6.770791,1.0,0.011275,"[0.00,0.05)"
52,IVFFLAT_HYBRID,6.244875,1.0,0.011275,"[0.00,0.05)"
55,SQL_FIRST,9.129375,1.0,0.04354,"[0.00,0.05)"
55,VECTOR_FIRST_HNSW,23.01325,0.4,0.04354,"[0.00,0.05)"
55,HNSW_HYBRID,9.654833,1.0,0.04354,"[0.00,0.05)"
55,IVFFLAT_HYBRID,9.2915,1.0,0.04354,"[0.00,0.05)"
56,SQL_FIRST,9.063792,1.0,0.0384,"[0.00,0.05)"
56,VECTOR_FIRST_HNSW,23.67,0.3,0.0384,"[0.00,0.05)"
56,HNSW_HYBRID,9.591958,1.0,0.0384,"[0.00,0.05)"
56,IVFFLAT_HYBRID,9.018417,1.0,0.0384,"[0.00,0.05)"
58,SQL_FIRST,8.121125,1.0,0.017815,"[0.00,0.05)"
58,VECTOR_FIRST_HNSW,22.830042,0.2,0.017815,"[0.00,0.05)"
58,HNSW_HYBRID,8.639041,1.0,0.017815,"[0.00,0.05)"
58,IVFFLAT_HYBRID,7.865167,1.0,0.017815,"[0.00,0.05)"
59,SQL_FIRST,10.924291,1.0,0.02999,"[0.00,0.05)"
59,VECTOR_FIRST_HNSW,23.004458,0.3,0.02999,"[0.00,0.05)"
59,HNSW_HYBRID,11.461625,1.0,0.02999,"[0.00,0.05)"
59,IVFFLAT_HYBRID,10.962833,1.0,0.02999,"[0.00,0.05)"
61,SQL_FIRST,4.530333,1.0,0.004785,"[0.00,0.05)"
61,VECTOR_FIRST_HNSW,22.960125,0.0,0.004785,"[0.00,0.05)"
61,HNSW_HYBRID,5.018417,1.0,0.004785,"[0.00,0.05)"
61,IVFFLAT_HYBRID,4.55325,1.0,0.004785,"[0.00,0.05)"
64,SQL_FIRST,9.308084,1.0,0.04025,"[0.00,0.05)"
64,VECTOR_FIRST_HNSW,22.950458,0.6,0.04025,"[0.00,0.05)"
64,HNSW_HYBRID,9.527792,1.0,0.04025,"[0.00,0.05)"
64,IVFFLAT_HYBRID,9.268208,1.0,0.04025,"[0.00,0.05)"
68,SQL_FIRST,8.258667,1.0,0.019705,"[0.00,0.05)"
68,VECTOR_FIRST_HNSW,23.115375,0.4,0.019705,"[0.00,0.05)"
68,HNSW_HYBRID,8.972208,1.0,0.019705,"[0.00,0.05)"
68,IVFFLAT_HYBRID,8.300292,1.0,0.019705,"[0.00,0.05)"
70,SQL_FIRST,10.115709,1.0,0.02704,"[0.00,0.05)"
70,VECTOR_FIRST_HNSW,22.948833,0.3,0.02704,"[0.00,0.05)"
70,HNSW_HYBRID,10.500875,1.0,0.02704,"[0.00,0.05)"
70,IVFFLAT_HYBRID,10.127916,1.0,0.02704,"[0.00,0.05)"
76,SQL_FIRST,9.50325,1.0,0.04796,"[0.00,0.05)"
76,VECTOR_FIRST_HNSW,23.285208,0.5,0.04796,"[0.00,0.05)"
76,HNSW_HYBRID,9.75275,1.0,0.04796,"[0.00,0.05)"
76,IVFFLAT_HYBRID,9.448167,1.0,0.04796,"[0.00,0.05)"
78,SQL_FIRST,4.8445,1.0,0.006075,"[0.00,0.05)"
78,VECTOR_FIRST_HNSW,22.891584,0.0,0.006075,"[0.00,0.05)"
78,HNSW_HYBRID,5.3945,1.0,0.006075,"[0.00,0.05)"
78,IVFFLAT_HYBRID,4.887208,1.0,0.006075,"[0.00,0.05)"
79,SQL_FIRST,10.449541,1.0,0.02833,"[0.00,0.05)"
79,VECTOR_FIRST_HNSW,23.034625,0.3,0.02833,"[0.00,0.05)"
79,HNSW_HYBRID,10.8005,1.0,0.02833,"[0.00,0.05)"
79,IVFFLAT_HYBRID,10.537166,1.0,0.02833,"[0.00,0.05)"
81,SQL_FIRST,10.77125,1.0,0.03006,"[0.00,0.05)"
81,VECTOR_FIRST_HNSW,22.921042,0.1,0.03006,"[0.00,0.05)"
81,HNSW_HYBRID,11.220583,1.0,0.03006,"[0.00,0.05)"
81,IVFFLAT_HYBRID,10.912792,1.0,0.03006,"[0.00,0.05)"
83,SQL_FIRST,5.954125,1.0,0.010195,"[0.00,0.05)"
83,VECTOR_FIRST_HNSW,22.898917,0.1,0.010195,"[0.00,0.05)"
83,HNSW_HYBRID,6.721125,1.0,0.010195,"[0.00,0.05)"
83,IVFFLAT_HYBRID,6.152375,1.0,0.010195,"[0.00,0.05)"
84,SQL_FIRST,9.225292,1.0,0.039925,"[0.00,0.05)"
84,VECTOR_FIRST_HNSW,22.965167,0.5,0.039925,"[0.00,0.05)"
84,HNSW_HYBRID,9.489,1.0,0.039925,"[0.00,0.05)"
84,IVFFLAT_HYBRID,8.979333,1.0,0.039925,"[0.00,0.05)"
86,SQL_FIRST,8.201041,1.0,0.01997,"[0.00,0.05)"
86,VECTOR_FIRST_HNSW,22.9465,0.1,0.01997,"[0.00,0.05)"
86,HNSW_HYBRID,8.944209,1.0,0.01997,"[0.00,0.05)"
86,IVFFLAT_HYBRID,8.372667,1.0,0.01997,"[0.00,0.05)"
88,SQL_FIRST,4.71925,1.0,0.005745,"[0.00,0.05)"
88,VECTOR_FIRST_HNSW,23.033,0.0,0.005745,"[0.00,0.05)"
88,HNSW_HYBRID,5.186709,1.0,0.005745,"[0.00,0.05)"
88,IVFFLAT_HYBRID,4.716125,1.0,0.005745,"[0.00,0.05)"
90,SQL_FIRST,8.863084,1.0,0.022375,"[0.00,0.05)"
90,VECTOR_FIRST_HNSW,22.982333,0.2,0.022375,"[0.00,0.05)"
90,HNSW_HYBRID,9.426209,1.0,0.022375,"[0.00,0.05)"
90,IVFFLAT_HYBRID,8.868083,1.0,0.022375,"[0.00,0.05)"
93,SQL_FIRST,6.168709,1.0,0.011315,"[0.00,0.05)"
93,VECTOR_FIRST_HNSW,23.167125,0.3,0.011315,"[0.00,0.05)"
93,HNSW_HYBRID,6.98425,1.0,0.011315,"[0.00,0.05)"
93,IVFFLAT_HYBRID,6.394167,1.0,0.011315,"[0.00,0.05)"
94,SQL_FIRST,9.162917,1.0,0.045105,"[0.00,0.05)"
94,VECTOR_FIRST_HNSW,22.854542,0.4,0.045105,"[0.00,0.05)"
94,HNSW_HYBRID,9.683208,1.0,0.045105,"[0.00,0.05)"
94,IVFFLAT_HYBRID,9.173375,1.0,0.045105,"[0.00,0.05)"
95,SQL_FIRST,4.304958,1.0,0.003795,"[0.00,0.05)"
95,VECTOR_FIRST_HNSW,23.149792,0.0,0.003795,"[0.00,0.05)"
95,HNSW_HYBRID,4.677042,1.0,0.003795,"[0.00,0.05)"
95,IVFFLAT_HYBRID,4.377417,1.0,0.003795,"[0.00,0.05)"
96,SQL_FIRST,8.952291,1.0,0.03891,"[0.00,0.05)"
96,VECTOR_FIRST_HNSW,22.882875,0.4,0.03891,"[0.00,0.05)"
96,HNSW_HYBRID,9.432167,1.0,0.03891,"[0.00,0.05)"
96,IVFFLAT_HYBRID,8.866583,1.0,0.03891,"[0.00,0.05)"
97,SQL_FIRST,8.91025,1.0,0.039565,"[0.00,0.05)"
97,VECTOR_FIRST_HNSW,23.386709,0.0,0.039565,"[0.00,0.05)"
97,HNSW_HYBRID,9.425625,1.0,0.039565,"[0.00,0.05)"
97,IVFFLAT_HYBRID,8.941916,1.0,0.039565,"[0.00,0.05)"
98,SQL_FIRST,9.64625,1.0,0.046525,"[0.00,0.05)"
98,VECTOR_FIRST_HNSW,23.208083,0.1,0.046525,"[0.00,0.05)"
98,HNSW_HYBRID,9.801792,1.0,0.046525,"[0.00,0.05)"
98,IVFFLAT_HYBRID,9.713166,1.0,0.046525,"[0.00,0.05)"
100,SQL_FIRST,5.104333,1.0,0.007,"[0.00,0.05)"
100,VECTOR_FIRST_HNSW,22.989916,0.1,0.007,"[0.00,0.05)"
100,HNSW_HYBRID,5.631958,1.0,0.007,"[0.00,0.05)"
100,IVFFLAT_HYBRID,5.187333,1.0,0.007,"[0.00,0.05)"
101,SQL_FIRST,9.257041,1.0,0.04094,"[0.00,0.05)"
101,VECTOR_FIRST_HNSW,23.046875,0.6,0.04094,"[0.00,0.05)"
101,HNSW_HYBRID,9.530875,1.0,0.04094,"[0.00,0.05)"
101,IVFFLAT_HYBRID,9.157625,1.0,0.04094,"[0.00,0.05)"
105,SQL_FIRST,9.080459,1.0,0.04311,"[0.00,0.05)"
105,VECTOR_FIRST_HNSW,22.976459,0.4,0.04311,"[0.00,0.05)"
105,HNSW_HYBRID,9.463667,1.0,0.04311,"[0.00,0.05)"
105,IVFFLAT_HYBRID,9.208625,1.0,0.04311,"[0.00,0.05)"
106,SQL_FIRST,9.034042,1.0,0.038985,"[0.00,0.05)"
106,VECTOR_FIRST_HNSW,23.038917,0.4,0.038985,"[0.00,0.05)"
106,HNSW_HYBRID,9.453875,1.0,0.038985,"[0.00,0.05)"
106,IVFFLAT_HYBRID,9.261125,1.0,0.038985,"[0.00,0.05)"
107,SQL_FIRST,5.288833,1.0,0.008075,"[0.00,0.05)"
107,VECTOR_FIRST_HNSW,22.947917,0.1,0.008075,"[0.00,0.05)"
107,HNSW_HYBRID,5.952208,1.0,0.008075,"[0.00,0.05)"
107,IVFFLAT_HYBRID,5.375709,1.0,0.008075,"[0.00,0.05)"
108,SQL_FIRST,4.486041,1.0,0.00465,"[0.00,0.05)"
108,VECTOR_FIRST_HNSW,23.157875,0.1,0.00465,"[0.00,0.05)"
108,HNSW_HYBRID,5.145667,1.0,0.00465,"[0.00,0.05)"
108,IVFFLAT_HYBRID,4.648084,1.0,0.00465,"[0.00,0.05)"
109,SQL_FIRST,8.789,1.0,0.035025,"[0.00,0.05)"
109,VECTOR_FIRST_HNSW,22.928209,0.4,0.035025,"[0.00,0.05)"
109,HNSW_HYBRID,9.280042,1.0,0.035025,"[0.00,0.05)"
109,IVFFLAT_HYBRID,8.806209,1.0,0.035025,"[0.00,0.05)"
110,SQL_FIRST,10.112791,1.0,0.025545,"[0.00,0.05)"
110,VECTOR_FIRST_HNSW,23.032666,0.2,0.025545,"[0.00,0.05)"
110,HNSW_HYBRID,10.446375,1.0,0.025545,"[0.00,0.05)"
110,IVFFLAT_HYBRID,10.219791,1.0,0.025545,"[0.00,0.05)"
111,SQL_FIRST,6.354083,1.0,0.011885,"[0.00,0.05)"
111,VECTOR_FIRST_HNSW,22.883583,0.3,0.011885,"[0.00,0.05)"
111,HNSW_HYBRID,7.121083,1.0,0.011885,"[0.00,0.05)"
111,IVFFLAT_HYBRID,6.4395,1.0,0.011885,"[0.00,0.05)"
112,SQL_FIRST,8.98625,1.0,0.038925,"[0.00,0.05)"
112,VECTOR_FIRST_HNSW,22.948625,0.3,0.038925,"[0.00,0.05)"
112,HNSW_HYBRID,9.34375,1.0,0.038925,"[0.00,0.05)"
112,IVFFLAT_HYBRID,8.995417,1.0,0.038925,"[0.00,0.05)"
114,SQL_FIRST,9.428291,1.0,0.0226,"[0.00,0.05)"
114,VECTOR_FIRST_HNSW,23.173292,0.3,0.0226,"[0.00,0.05)"
114,HNSW_HYBRID,9.821458,1.0,0.0226,"[0.00,0.05)"
114,IVFFLAT_HYBRID,9.352542,1.0,0.0226,"[0.00,0.05)"
116,SQL_FIRST,8.134791,1.0,0.02056,"[0.00,0.05)"
116,VECTOR_FIRST_HNSW,22.928333,0.0,0.02056,"[0.00,0.05)"
116,HNSW_HYBRID,8.822458,1.0,0.02056,"[0.00,0.05)"
116,IVFFLAT_HYBRID,8.138959,1.0,0.02056,"[0.00,0.05)"
119,SQL_FIRST,9.242458,1.0,0.042835,"[0.00,0.05)"
119,VECTOR_FIRST_HNSW,23.229709,0.8,0.042835,"[0.00,0.05)"
119,HNSW_HYBRID,9.653208,1.0,0.042835,"[0.00,0.05)"
119,IVFFLAT_HYBRID,9.221291,1.0,0.042835,"[0.00,0.05)"
121,SQL_FIRST,5.651792,1.0,0.008665,"[0.00,0.05)"
121,VECTOR_FIRST_HNSW,22.893916,0.0,0.008665,"[0.00,0.05)"
121,HNSW_HYBRID,6.227584,1.0,0.008665,"[0.00,0.05)"
121,IVFFLAT_HYBRID,5.672292,1.0,0.008665,"[0.00,0.05)"
124,SQL_FIRST,11.292084,1.0,0.02939,"[0.00,0.05)"
124,VECTOR_FIRST_HNSW,22.929791,0.2,0.02939,"[0.00,0.05)"
124,HNSW_HYBRID,11.192417,1.0,0.02939,"[0.00,0.05)"
124,IVFFLAT_HYBRID,10.981834,1.0,0.02939,"[0.00,0.05)"
128,SQL_FIRST,7.264667,1.0,0.015285,"[0.00,0.05)"
128,VECTOR_FIRST_HNSW,22.899417,0.0,0.015285,"[0.00,0.05)"
128,HNSW_HYBRID,7.986458,1.0,0.015285,"[0.00,0.05)"
128,IVFFLAT_HYBRID,7.304125,1.0,0.015285,"[0.00,0.05)"
129,SQL_FIRST,9.332833,1.0,0.044405,"[0.00,0.05)"
129,VECTOR_FIRST_HNSW,22.987875,0.6,0.044405,"[0.00,0.05)"
129,HNSW_HYBRID,9.792625,1.0,0.044405,"[0.00,0.05)"
129,IVFFLAT_HYBRID,9.354458,1.0,0.044405,"[0.00,0.05)"
130,SQL_FIRST,10.904,1.0,0.03096,"[0.00,0.05)"
130,VECTOR_FIRST_HNSW,22.971125,0.3,0.03096,"[0.00,0.05)"
130,HNSW_HYBRID,11.416791,1.0,0.03096,"[0.00,0.05)"
130,IVFFLAT_HYBRID,11.0245,1.0,0.03096,"[0.00,0.05)"
131,SQL_FIRST,6.948167,1.0,0.01418,"[0.00,0.05)"
131,VECTOR_FIRST_HNSW,22.935083,0.0,0.01418,"[0.00,0.05)"
131,HNSW_HYBRID,7.621,1.0,0.01418,"[0.00,0.05)"
131,IVFFLAT_HYBRID,6.999875,1.0,0.01418,"[0.00,0.05)"
133,SQL_FIRST,5.396917,1.0,0.00798,"[0.00,0.05)"
133,VECTOR_FIRST_HNSW,22.891375,0.0,0.00798,"[0.00,0.05)"
133,HNSW_HYBRID,5.957916,1.0,0.00798,"[0.00,0.05)"
133,IVFFLAT_HYBRID,5.566333,1.0,0.00798,"[0.00,0.05)"
134,SQL_FIRST,9.129125,1.0,0.022715,"[0.00,0.05)"
134,VECTOR_FIRST_HNSW,22.862417,0.3,0.022715,"[0.00,0.05)"
134,HNSW_HYBRID,9.62125,1.0,0.022715,"[0.00,0.05)"
134,IVFFLAT_HYBRID,8.950208,1.0,0.022715,"[0.00,0.05)"
136,SQL_FIRST,9.138625,1.0,0.03457,"[0.00,0.05)"
136,VECTOR_FIRST_HNSW,23.415792,0.2,0.03457,"[0.00,0.05)"
136,HNSW_HYBRID,9.274583,1.0,0.03457,"[0.00,0.05)"
136,IVFFLAT_HYBRID,8.694167,1.0,0.03457,"[0.00,0.05)"
137,SQL_FIRST,8.173958,1.0,0.01967,"[0.00,0.05)"
137,VECTOR_FIRST_HNSW,22.893417,0.2,0.01967,"[0.00,0.05)"
137,HNSW_HYBRID,8.893208,1.0,0.01967,"[0.00,0.05)"
137,IVFFLAT_HYBRID,8.24675,1.0,0.01967,"[0.00,0.05)"
138,SQL_FIRST,8.7585,1.0,0.03382,"[0.00,0.05)"
138,VECTOR_FIRST_HNSW,22.908459,0.2,0.03382,"[0.00,0.05)"
138,HNSW_HYBRID,9.147875,1.0,0.03382,"[0.00,0.05)"
138,IVFFLAT_HYBRID,8.772458,1.0,0.03382,"[0.00,0.05)"
139,SQL_FIRST,10.302625,1.0,0.028215,"[0.00,0.05)"
139,VECTOR_FIRST_HNSW,23.129959,0.3,0.028215,"[0.00,0.05)"
139,HNSW_HYBRID,10.850292,1.0,0.028215,"[0.00,0.05)"
139,IVFFLAT_HYBRID,10.426125,1.0,0.028215,"[0.00,0.05)"
142,SQL_FIRST,11.271084,1.0,0.031385,"[0.00,0.05)"
142,VECTOR_FIRST_HNSW,23.138291,0.6,0.031385,"[0.00,0.05)"
142,HNSW_HYBRID,11.642042,1.0,0.031385,"[0.00,0.05)"
142,IVFFLAT_HYBRID,11.611375,1.0,0.031385,"[0.00,0.05)"
146,SQL_FIRST,8.577917,1.0,0.018255,"[0.00,0.05)"
146,VECTOR_FIRST_HNSW,23.397375,0.2,0.018255,"[0.00,0.05)"
146,HNSW_HYBRID,8.720292,1.0,0.018255,"[0.00,0.05)"
146,IVFFLAT_HYBRID,8.409291,1.0,0.018255,"[0.00,0.05)"
149,SQL_FIRST,8.644959,1.0,0.034475,"[0.00,0.05)"
149,VECTOR_FIRST_HNSW,22.926708,0.5,0.034475,"[0.00,0.05)"
149,HNSW_HYBRID,9.125,1.0,0.034475,"[0.00,0.05)"
149,IVFFLAT_HYBRID,8.668416,1.0,0.034475,"[0.00,0.05)"
150,SQL_FIRST,4.702166,1.0,0.00536,"[0.00,0.05)"
150,VECTOR_FIRST_HNSW,22.970667,0.1,0.00536,"[0.00,0.05)"
150,HNSW_HYBRID,5.196541,1.0,0.00536,"[0.00,0.05)"
150,IVFFLAT_HYBRID,4.682916,1.0,0.00536,"[0.00,0.05)"
151,SQL_FIRST,9.403958,1.0,0.04888,"[0.00,0.05)"
151,VECTOR_FIRST_HNSW,23.083917,0.5,0.04888,"[0.00,0.05)"
151,HNSW_HYBRID,9.734125,1.0,0.04888,"[0.00,0.05)"
151,IVFFLAT_HYBRID,9.768584,1.0,0.04888,"[0.00,0.05)"
153,SQL_FIRST,7.451875,1.0,0.015295,"[0.00,0.05)"
153,VECTOR_FIRST_HNSW,22.987584,0.3,0.015295,"[0.00,0.05)"
153,HNSW_HYBRID,8.059125,1.0,0.015295,"[0.00,0.05)"
153,IVFFLAT_HYBRID,7.38725,1.0,0.015295,"[0.00,0.05)"
154,SQL_FIRST,9.067708,1.0,0.039005,"[0.00,0.05)"
154,VECTOR_FIRST_HNSW,23.148167,0.3,0.039005,"[0.00,0.05)"
154,HNSW_HYBRID,9.537792,1.0,0.039005,"[0.00,0.05)"
154,IVFFLAT_HYBRID,9.160417,1.0,0.039005,"[0.00,0.05)"
155,SQL_FIRST,7.26825,1.0,0.015155,"[0.00,0.05)"
155,VECTOR_FIRST_HNSW,22.91975,0.1,0.015155,"[0.00,0.05)"
155,HNSW_HYBRID,8.202125,1.0,0.015155,"[0.00,0.05)"
155,IVFFLAT_HYBRID,7.428166,1.0,0.015155,"[0.00,0.05)"
156,SQL_FIRST,1.284584,1.0,0.000845,"[0.00,0.05)"
156,VECTOR_FIRST_HNSW,22.967417,0.0,0.000845,"[0.00,0.05)"
156,HNSW_HYBRID,1.599875,1.0,0.000845,"[0.00,0.05)"
156,IVFFLAT_HYBRID,1.342375,1.0,0.000845,"[0.00,0.05)"
157,SQL_FIRST,9.404291,1.0,0.04381,"[0.00,0.05)"
157,VECTOR_FIRST_HNSW,22.916833,0.3,0.04381,"[0.00,0.05)"
157,HNSW_HYBRID,9.620208,1.0,0.04381,"[0.00,0.05)"
157,IVFFLAT_HYBRID,9.233042,1.0,0.04381,"[0.00,0.05)"
161,SQL_FIRST,9.0465,1.0,0.04309,"[0.00,0.05)"
161,VECTOR_FIRST_HNSW,23.474875,0.3,0.04309,"[0.00,0.05)"
161,HNSW_HYBRID,9.596709,1.0,0.04309,"[0.00,0.05)"
161,IVFFLAT_HYBRID,9.077875,1.0,0.04309,"[0.00,0.05)"
162,SQL_FIRST,9.035083,1.0,0.038885,"[0.00,0.05)"
162,VECTOR_FIRST_HNSW,22.959042,0.9,0.038885,"[0.00,0.05)"
162,HNSW_HYBRID,9.365541,1.0,0.038885,"[0.00,0.05)"
162,IVFFLAT_HYBRID,9.021708,1.0,0.038885,"[0.00,0.05)"
164,SQL_FIRST,9.3325,1.0,0.044335,"[0.00,0.05)"
164,VECTOR_FIRST_HNSW,23.050334,1.0,0.044335,"[0.00,0.05)"
164,HNSW_HYBRID,9.6295,1.0,0.044335,"[0.00,0.05)"
164,IVFFLAT_HYBRID,9.310125,1.0,0.044335,"[0.00,0.05)"
165,SQL_FIRST,10.498709,1.0,0.02967,"[0.00,0.05)"
165,VECTOR_FIRST_HNSW,22.930042,0.2,0.02967,"[0.00,0.05)"
165,HNSW_HYBRID,10.8935,1.0,0.02967,"[0.00,0.05)"
165,IVFFLAT_HYBRID,10.591833,1.0,0.02967,"[0.00,0.05)"
167,SQL_FIRST,10.266791,1.0,0.02745,"[0.00,0.05)"
167,VECTOR_FIRST_HNSW,22.953083,0.4,0.02745,"[0.00,0.05)"
167,HNSW_HYBRID,10.769167,1.0,0.02745,"[0.00,0.05)"
167,IVFFLAT_HYBRID,10.228708,1.0,0.02745,"[0.00,0.05)"
169,SQL_FIRST,7.994042,1.0,0.018655,"[0.00,0.05)"
169,VECTOR_FIRST_HNSW,22.931833,0.1,0.018655,"[0.00,0.05)"
169,HNSW_HYBRID,8.743167,1.0,0.018655,"[0.00,0.05)"
169,IVFFLAT_HYBRID,8.027708,1.0,0.018655,"[0.00,0.05)"
170,SQL_FIRST,9.542208,1.0,0.025035,"[0.00,0.05)"
170,VECTOR_FIRST_HNSW,22.956334,0.2,0.025035,"[0.00,0.05)"
170,HNSW_HYBRID,10.140292,1.0,0.025035,"[0.00,0.05)"
170,IVFFLAT_HYBRID,9.583666,1.0,0.025035,"[0.00,0.05)"
171,SQL_FIRST,7.765625,1.0,0.01698,"[0.00,0.05)"
171,VECTOR_FIRST_HNSW,23.108042,0.0,0.01698,"[0.00,0.05)"
171,HNSW_HYBRID,8.290084,1.0,0.01698,"[0.00,0.05)"
171,IVFFLAT_HYBRID,7.897,1.0,0.01698,"[0.00,0.05)"
173,SQL_FIRST,9.142958,1.0,0.023425,"[0.00,0.05)"
173,VECTOR_FIRST_HNSW,22.978208,0.2,0.023425,"[0.00,0.05)"
173,HNSW_HYBRID,9.838833,1.0,0.023425,"[0.00,0.05)"
173,IVFFLAT_HYBRID,9.216708,1.0,0.023425,"[0.00,0.05)"
175,SQL_FIRST,8.784209,1.0,0.022385,"[0.00,0.05)"
175,VECTOR_FIRST_HNSW,22.894417,0.3,0.022385,"[0.00,0.05)"
175,HNSW_HYBRID,9.413916,1.0,0.022385,"[0.00,0.05)"
175,IVFFLAT_HYBRID,8.708041,1.0,0.022385,"[0.00,0.05)"
178,SQL_FIRST,9.814167,1.0,0.02459,"[0.00,0.05)"
178,VECTOR_FIRST_HNSW,23.211625,0.5,0.02459,"[0.00,0.05)"
178,HNSW_HYBRID,10.366542,1.0,0.02459,"[0.00,0.05)"
178,IVFFLAT_HYBRID,9.792709,1.0,0.02459,"[0.00,0.05)"
179,SQL_FIRST,10.4495,1.0,0.02889,"[0.00,0.05)"
179,VECTOR_FIRST_HNSW,23.007333,0.2,0.02889,"[0.00,0.05)"
179,HNSW_HYBRID,10.894,1.0,0.02889,"[0.00,0.05)"
179,IVFFLAT_HYBRID,10.481667,1.0,0.02889,"[0.00,0.05)"
182,SQL_FIRST,6.373542,1.0,0.011365,"[0.00,0.05)"
182,VECTOR_FIRST_HNSW,23.101709,0.1,0.011365,"[0.00,0.05)"
182,HNSW_HYBRID,7.178875,1.0,0.011365,"[0.00,0.05)"
182,IVFFLAT_HYBRID,6.422292,1.0,0.011365,"[0.00,0.05)"
183,SQL_FIRST,9.220958,1.0,0.04468,"[0.00,0.05)"
183,VECTOR_FIRST_HNSW,22.986042,0.4,0.04468,"[0.00,0.05)"
183,HNSW_HYBRID,9.654084,1.0,0.04468,"[0.00,0.05)"
183,IVFFLAT_HYBRID,9.379625,1.0,0.04468,"[0.00,0.05)"
186,SQL_FIRST,9.117,1.0,0.042935,"[0.00,0.05)"
186,VECTOR_FIRST_HNSW,23.079625,0.5,0.042935,"[0.00,0.05)"
186,HNSW_HYBRID,9.572583,1.0,0.042935,"[0.00,0.05)"
186,IVFFLAT_HYBRID,9.115042,1.0,0.042935,"[0.00,0.05)"
187,SQL_FIRST,5.52025,1.0,0.00817,"[0.00,0.05)"
187,VECTOR_FIRST_HNSW,23.019,0.0,0.00817,"[0.00,0.05)"
187,HNSW_HYBRID,6.053541,1.0,0.00817,"[0.00,0.05)"
187,IVFFLAT_HYBRID,5.50025,1.0,0.00817,"[0.00,0.05)"
188,SQL_FIRST,7.360625,1.0,0.01618,"[0.00,0.05)"
188,VECTOR_FIRST_HNSW,23.012208,0.3,0.01618,"[0.00,0.05)"
188,HNSW_HYBRID,8.115083,1.0,0.01618,"[0.00,0.05)"
188,IVFFLAT_HYBRID,7.62525,1.0,0.01618,"[0.00,0.05)"
189,SQL_FIRST,8.439,1.0,0.020385,"[0.00,0.05)"
189,VECTOR_FIRST_HNSW,23.038,0.1,0.020385,"[0.00,0.05)"
189,HNSW_HYBRID,9.045667,1.0,0.020385,"[0.00,0.05)"
189,IVFFLAT_HYBRID,8.51,1.0,0.020385,"[0.00,0.05)"
195,SQL_FIRST,8.756167,1.0,0.03533,"[0.00,0.05)"
195,VECTOR_FIRST_HNSW,22.941708,0.5,0.03533,"[0.00,0.05)"
195,HNSW_HYBRID,9.338,1.0,0.03533,"[0.00,0.05)"
195,IVFFLAT_HYBRID,8.86425,1.0,0.03533,"[0.00,0.05)"
196,SQL_FIRST,7.729,1.0,0.01644,"[0.00,0.05)"
196,VECTOR_FIRST_HNSW,23.088,0.2,0.01644,"[0.00,0.05)"
196,HNSW_HYBRID,8.267833,1.0,0.01644,"[0.00,0.05)"
196,IVFFLAT_HYBRID,7.782834,1.0,0.01644,"[0.00,0.05)"
197,SQL_FIRST,7.294,1.0,0.016145,"[0.00,0.05)"
197,VECTOR_FIRST_HNSW,22.8835,0.1,0.016145,"[0.00,0.05)"
197,HNSW_HYBRID,7.880541,1.0,0.016145,"[0.00,0.05)"
197,IVFFLAT_HYBRID,7.376542,1.0,0.016145,"[0.00,0.05)"
198,SQL_FIRST,6.052584,1.0,0.010305,"[0.00,0.05)"
198,VECTOR_FIRST_HNSW,22.975083,0.1,0.010305,"[0.00,0.05)"
198,HNSW_HYBRID,6.753541,1.0,0.010305,"[0.00,0.05)"
198,IVFFLAT_HYBRID,6.028625,1.0,0.010305,"[0.00,0.05)"
205,SQL_FIRST,1.602583,1.0,0.001505,"[0.00,0.05)"
205,VECTOR_FIRST_HNSW,22.792083,0.0,0.001505,"[0.00,0.05)"
205,HNSW_HYBRID,1.980709,1.0,0.001505,"[0.00,0.05)"
205,IVFFLAT_HYBRID,1.6055,1.0,0.001505,"[0.00,0.05)"
207,SQL_FIRST,4.314208,1.0,0.00423,"[0.00,0.05)"
207,VECTOR_FIRST_HNSW,22.99675,0.2,0.00423,"[0.00,0.05)"
207,HNSW_HYBRID,4.803333,1.0,0.00423,"[0.00,0.05)"
207,IVFFLAT_HYBRID,4.363916,1.0,0.00423,"[0.00,0.05)"
209,SQL_FIRST,9.188667,1.0,0.042375,"[0.00,0.05)"
209,VECTOR_FIRST_HNSW,22.990291,0.6,0.042375,"[0.00,0.05)"
209,HNSW_HYBRID,9.485833,1.0,0.042375,"[0.00,0.05)"
209,IVFFLAT_HYBRID,9.237084,1.0,0.042375,"[0.00,0.05)"
210,SQL_FIRST,9.150708,1.0,0.041025,"[0.00,0.05)"
210,VECTOR_FIRST_HNSW,23.018209,0.5,0.041025,"[0.00,0.05)"
210,HNSW_HYBRID,9.549125,1.0,0.041025,"[0.00,0.05)"
210,IVFFLAT_HYBRID,9.13775,1.0,0.041025,"[0.00,0.05)"
212,SQL_FIRST,9.400625,1.0,0.0234,"[0.00,0.05)"
212,VECTOR_FIRST_HNSW,22.953,0.4,0.0234,"[0.00,0.05)"
212,HNSW_HYBRID,10.003125,1.0,0.0234,"[0.00,0.05)"
212,IVFFLAT_HYBRID,9.439542,1.0,0.0234,"[0.00,0.05)"
213,SQL_FIRST,8.929333,1.0,0.031985,"[0.00,0.05)"
213,VECTOR_FIRST_HNSW,22.989333,0.3,0.031985,"[0.00,0.05)"
213,HNSW_HYBRID,9.27075,1.0,0.031985,"[0.00,0.05)"
213,IVFFLAT_HYBRID,8.859334,1.0,0.031985,"[0.00,0.05)"
219,SQL_FIRST,8.965208,1.0,0.037115,"[0.00,0.05)"
219,VECTOR_FIRST_HNSW,22.953167,0.2,0.037115,"[0.00,0.05)"
219,HNSW_HYBRID,9.323042,1.0,0.037115,"[0.00,0.05)"
219,IVFFLAT_HYBRID,9.047167,1.0,0.037115,"[0.00,0.05)"
221,SQL_FIRST,6.3285,1.0,0.011395,"[0.00,0.05)"
221,VECTOR_FIRST_HNSW,22.953125,0.2,0.011395,"[0.00,0.05)"
221,HNSW_HYBRID,7.028708,1.0,0.011395,"[0.00,0.05)"
221,IVFFLAT_HYBRID,6.483291,1.0,0.011395,"[0.00,0.05)"
223,SQL_FIRST,9.081542,1.0,0.03909,"[0.00,0.05)"
223,VECTOR_FIRST_HNSW,23.005583,0.5,0.03909,"[0.00,0.05)"
223,HNSW_HYBRID,9.458167,1.0,0.03909,"[0.00,0.05)"
223,IVFFLAT_HYBRID,9.082542,1.0,0.03909,"[0.00,0.05)"
227,SQL_FIRST,4.239792,1.0,0.00406,"[0.00,0.05)"
227,VECTOR_FIRST_HNSW,22.93025,0.1,0.00406,"[0.00,0.05)"
227,HNSW_HYBRID,4.727,1.0,0.00406,"[0.00,0.05)"
227,IVFFLAT_HYBRID,4.294917,1.0,0.00406,"[0.00,0.05)"
228,SQL_FIRST,8.925958,1.0,0.040005,"[0.00,0.05)"
228,VECTOR_FIRST_HNSW,22.907833,0.6,0.040005,"[0.00,0.05)"
228,HNSW_HYBRID,9.305459,1.0,0.040005,"[0.00,0.05)"
228,IVFFLAT_HYBRID,9.044541,1.0,0.040005,"[0.00,0.05)"
229,SQL_FIRST,5.667791,1.0,0.0088,"[0.00,0.05)"
229,VECTOR_FIRST_HNSW,23.027917,0.2,0.0088,"[0.00,0.05)"
229,HNSW_HYBRID,6.218584,1.0,0.0088,"[0.00,0.05)"
229,IVFFLAT_HYBRID,5.762333,1.0,0.0088,"[0.00,0.05)"
230,SQL_FIRST,9.255667,1.0,0.04662,"[0.00,0.05)"
230,VECTOR_FIRST_HNSW,23.006417,0.4,0.04662,"[0.00,0.05)"
230,HNSW_HYBRID,9.7555,1.0,0.04662,"[0.00,0.05)"
230,IVFFLAT_HYBRID,9.354125,1.0,0.04662,"[0.00,0.05)"
232,SQL_FIRST,10.815125,1.0,0.028745,"[0.00,0.05)"
232,VECTOR_FIRST_HNSW,23.155958,0.2,0.028745,"[0.00,0.05)"
232,HNSW_HYBRID,11.166875,1.0,0.028745,"[0.00,0.05)"
232,IVFFLAT_HYBRID,10.850208,1.0,0.028745,"[0.00,0.05)"
233,SQL_FIRST,9.325916,1.0,0.047715,"[0.00,0.05)"
233,VECTOR_FIRST_HNSW,23.081958,0.4,0.047715,"[0.00,0.05)"
233,HNSW_HYBRID,9.773959,1.0,0.047715,"[0.00,0.05)"
233,IVFFLAT_HYBRID,9.45325,1.0,0.047715,"[0.00,0.05)"
234,SQL_FIRST,8.820542,1.0,0.035025,"[0.00,0.05)"
234,VECTOR_FIRST_HNSW,22.942791,0.6,0.035025,"[0.00,0.05)"
234,HNSW_HYBRID,9.176292,1.0,0.035025,"[0.00,0.05)"
234,IVFFLAT_HYBRID,8.928125,1.0,0.035025,"[0.00,0.05)"
236,SQL_FIRST,7.635042,1.0,0.01666,"[0.00,0.05)"
236,VECTOR_FIRST_HNSW,23.013709,0.3,0.01666,"[0.00,0.05)"
236,HNSW_HYBRID,8.384291,1.0,0.01666,"[0.00,0.05)"
236,IVFFLAT_HYBRID,7.736584,1.0,0.01666,"[0.00,0.05)"
237,SQL_FIRST,3.66825,1.0,0.0022,"[0.00,0.05)"
237,VECTOR_FIRST_HNSW,22.907125,0.0,0.0022,"[0.00,0.05)"
237,HNSW_HYBRID,4.051792,1.0,0.0022,"[0.00,0.05)"
237,IVFFLAT_HYBRID,3.675541,1.0,0.0022,"[0.00,0.05)"
238,SQL_FIRST,11.049834,1.0,0.04467,"[0.00,0.05)"
238,VECTOR_FIRST_HNSW,25.025125,0.5,0.04467,"[0.00,0.05)"
238,HNSW_HYBRID,10.133042,1.0,0.04467,"[0.00,0.05)"
238,IVFFLAT_HYBRID,11.1895,1.0,0.04467,"[0.00,0.05)"
240,SQL_FIRST,1.226,1.0,0.000765,"[0.00,0.05)"
240,VECTOR_FIRST_HNSW,22.798375,0.0,0.000765,"[0.00,0.05)"
240,HNSW_HYBRID,1.455125,1.0,0.000765,"[0.00,0.05)"
240,IVFFLAT_HYBRID,1.199542,1.0,0.000765,"[0.00,0.05)"
243,SQL_FIRST,9.60275,1.0,0.04523,"[0.00,0.05)"
243,VECTOR_FIRST_HNSW,23.011834,0.3,0.04523,"[0.00,0.05)"
243,HNSW_HYBRID,9.868958,1.0,0.04523,"[0.00,0.05)"
243,IVFFLAT_HYBRID,9.696542,1.0,0.04523,"[0.00,0.05)"
254,SQL_FIRST,5.762208,1.0,0.00903,"[0.00,0.05)"
254,VECTOR_FIRST_HNSW,23.269666,0.1,0.00903,"[0.00,0.05)"
254,HNSW_HYBRID,6.422959,1.0,0.00903,"[0.00,0.05)"
254,IVFFLAT_HYBRID,5.734375,1.0,0.00903,"[0.00,0.05)"
255,SQL_FIRST,8.162291,1.0,0.019375,"[0.00,0.05)"
255,VECTOR_FIRST_HNSW,23.000291,0.2,0.019375,"[0.00,0.05)"
255,HNSW_HYBRID,8.856292,1.0,0.019375,"[0.00,0.05)"
255,IVFFLAT_HYBRID,8.610416,1.0,0.019375,"[0.00,0.05)"
257,SQL_FIRST,8.9135,1.0,0.03629,"[0.00,0.05)"
257,VECTOR_FIRST_HNSW,23.041,0.5,0.03629,"[0.00,0.05)"
257,HNSW_HYBRID,9.41525,1.0,0.03629,"[0.00,0.05)"
257,IVFFLAT_HYBRID,9.143583,1.0,0.03629,"[0.00,0.05)"
258,SQL_FIRST,10.011375,1.0,0.026745,"[0.00,0.05)"
258,VECTOR_FIRST_HNSW,23.011583,0.2,0.026745,"[0.00,0.05)"
258,HNSW_HYBRID,10.586209,1.0,0.026745,"[0.00,0.05)"
258,IVFFLAT_HYBRID,10.188125,1.0,0.026745,"[0.00,0.05)"
259,SQL_FIRST,9.741916,1.0,0.02629,"[0.00,0.05)"
259,VECTOR_FIRST_HNSW,23.04025,0.3,0.02629,"[0.00,0.05)"
259,HNSW_HYBRID,10.2705,1.0,0.02629,"[0.00,0.05)"
259,IVFFLAT_HYBRID,9.806125,1.0,0.02629,"[0.00,0.05)"
260,SQL_FIRST,8.959833,1.0,0.03493,"[0.00,0.05)"
260,VECTOR_FIRST_HNSW,23.147459,0.2,0.03493,"[0.00,0.05)"
260,HNSW_HYBRID,9.324541,1.0,0.03493,"[0.00,0.05)"
260,IVFFLAT_HYBRID,8.905541,1.0,0.03493,"[0.00,0.05)"
262,SQL_FIRST,7.374083,1.0,0.015505,"[0.00,0.05)"
262,VECTOR_FIRST_HNSW,23.064625,0.1,0.015505,"[0.00,0.05)"
262,HNSW_HYBRID,8.067667,1.0,0.015505,"[0.00,0.05)"
262,IVFFLAT_HYBRID,7.312041,1.0,0.015505,"[0.00,0.05)"
265,SQL_FIRST,9.001375,1.0,0.03434,"[0.00,0.05)"
265,VECTOR_FIRST_HNSW,23.035292,0.2,0.03434,"[0.00,0.05)"
265,HNSW_HYBRID,9.638167,1.0,0.03434,"[0.00,0.05)"
265,IVFFLAT_HYBRID,8.814583,1.0,0.03434,"[0.00,0.05)"
266,SQL_FIRST,9.204792,1.0,0.04226,"[0.00,0.05)"
266,VECTOR_FIRST_HNSW,23.021167,0.3,0.04226,"[0.00,0.05)"
266,HNSW_HYBRID,9.675625,1.0,0.04226,"[0.00,0.05)"
266,IVFFLAT_HYBRID,9.156542,1.0,0.04226,"[0.00,0.05)"
267,SQL_FIRST,6.309791,1.0,0.011225,"[0.00,0.05)"
267,VECTOR_FIRST_HNSW,22.987709,0.0,0.011225,"[0.00,0.05)"
267,HNSW_HYBRID,7.045833,1.0,0.011225,"[0.00,0.05)"
267,IVFFLAT_HYBRID,6.25625,1.0,0.011225,"[0.00,0.05)"
268,SQL_FIRST,6.34,1.0,0.01142,"[0.00,0.05)"
268,VECTOR_FIRST_HNSW,22.959417,0.0,0.01142,"[0.00,0.05)"
268,HNSW_HYBRID,7.10575,1.0,0.01142,"[0.00,0.05)"
268,IVFFLAT_HYBRID,6.537666,1.0,0.01142,"[0.00,0.05)"
272,SQL_FIRST,6.147417,1.0,0.010615,"[0.00,0.05)"
272,VECTOR_FIRST_HNSW,22.986792,0.2,0.010615,"[0.00,0.05)"
272,HNSW_HYBRID,6.867625,1.0,0.010615,"[0.00,0.05)"
272,IVFFLAT_HYBRID,6.333791,1.0,0.010615,"[0.00,0.05)"
275,SQL_FIRST,9.347792,1.0,0.04628,"[0.00,0.05)"
275,VECTOR_FIRST_HNSW,23.027209,0.3,0.04628,"[0.00,0.05)"
275,HNSW_HYBRID,9.843458,1.0,0.04628,"[0.00,0.05)"
275,IVFFLAT_HYBRID,9.252584,1.0,0.04628,"[0.00,0.05)"
277,SQL_FIRST,3.8195,1.0,0.002595,"[0.00,0.05)"
277,VECTOR_FIRST_HNSW,22.905166,0.0,0.002595,"[0.00,0.05)"
277,HNSW_HYBRID,4.1825,1.0,0.002595,"[0.00,0.05)"
277,IVFFLAT_HYBRID,3.794209,1.0,0.002595,"[0.00,0.05)"
281,SQL_FIRST,9.436542,1.0,0.02373,"[0.00,0.05)"
281,VECTOR_FIRST_HNSW,22.959875,0.2,0.02373,"[0.00,0.05)"
281,HNSW_HYBRID,9.94725,1.0,0.02373,"[0.00,0.05)"
281,IVFFLAT_HYBRID,9.325208,1.0,0.02373,"[0.00,0.05)"
282,SQL_FIRST,9.115666,1.0,0.043645,"[0.00,0.05)"
282,VECTOR_FIRST_HNSW,23.073875,0.4,0.043645,"[0.00,0.05)"
282,HNSW_HYBRID,9.60775,1.0,0.043645,"[0.00,0.05)"
282,IVFFLAT_HYBRID,9.216917,1.0,0.043645,"[0.00,0.05)"
284,SQL_FIRST,8.831583,1.0,0.035105,"[0.00,0.05)"
284,VECTOR_FIRST_HNSW,23.033458,0.5,0.035105,"[0.00,0.05)"
284,HNSW_HYBRID,9.480042,1.0,0.035105,"[0.00,0.05)"
284,IVFFLAT_HYBRID,8.985791,1.0,0.035105,"[0.00,0.05)"
287,SQL_FIRST,1.637292,1.0,0.001525,"[0.00,0.05)"
287,VECTOR_FIRST_HNSW,22.924542,0.0,0.001525,"[0.00,0.05)"
287,HNSW_HYBRID,1.982834,1.0,0.001525,"[0.00,0.05)"
287,IVFFLAT_HYBRID,1.642292,1.0,0.001525,"[0.00,0.05)"
294,SQL_FIRST,9.070542,1.0,0.036025,"[0.00,0.05)"
294,VECTOR_FIRST_HNSW,23.079833,0.3,0.036025,"[0.00,0.05)"
294,HNSW_HYBRID,9.24575,1.0,0.036025,"[0.00,0.05)"
294,IVFFLAT_HYBRID,8.844542,1.0,0.036025,"[0.00,0.05)"
295,SQL_FIRST,9.392333,1.0,0.04608,"[0.00,0.05)"
295,VECTOR_FIRST_HNSW,23.0495,0.4,0.04608,"[0.00,0.05)"
295,HNSW_HYBRID,9.804,1.0,0.04608,"[0.00,0.05)"
295,IVFFLAT_HYBRID,9.362083,1.0,0.04608,"[0.00,0.05)"
296,SQL_FIRST,9.563666,1.0,0.04885,"[0.00,0.05)"
296,VECTOR_FIRST_HNSW,22.947958,0.2,0.04885,"[0.00,0.05)"
296,HNSW_HYBRID,10.003041,1.0,0.04885,"[0.00,0.05)"
296,IVFFLAT_HYBRID,9.559708,1.0,0.04885,"[0.00,0.05)"
298,SQL_FIRST,8.444667,1.0,0.02087,"[0.00,0.05)"
298,VECTOR_FIRST_HNSW,23.059375,0.2,0.02087,"[0.00,0.05)"
298,HNSW_HYBRID,9.095167,1.0,0.02087,"[0.00,0.05)"
298,IVFFLAT_HYBRID,8.779458,1.0,0.02087,"[0.00,0.05)"
301,SQL_FIRST,10.879375,1.0,0.03013,"[0.00,0.05)"
301,VECTOR_FIRST_HNSW,23.026125,0.3,0.03013,"[0.00,0.05)"
301,HNSW_HYBRID,11.262459,1.0,0.03013,"[0.00,0.05)"
301,IVFFLAT_HYBRID,10.784958,1.0,0.03013,"[0.00,0.05)"
302,SQL_FIRST,4.204958,1.0,0.00363,"[0.00,0.05)"
302,VECTOR_FIRST_HNSW,22.9245,0.0,0.00363,"[0.00,0.05)"
302,HNSW_HYBRID,4.638667,1.0,0.00363,"[0.00,0.05)"
302,IVFFLAT_HYBRID,4.187042,1.0,0.00363,"[0.00,0.05)"
303,SQL_FIRST,9.3315,1.0,0.044855,"[0.00,0.05)"
303,VECTOR_FIRST_HNSW,23.047167,0.5,0.044855,"[0.00,0.05)"
303,HNSW_HYBRID,9.759667,1.0,0.044855,"[0.00,0.05)"
303,IVFFLAT_HYBRID,9.380917,1.0,0.044855,"[0.00,0.05)"
304,SQL_FIRST,10.011208,1.0,0.027025,"[0.00,0.05)"
304,VECTOR_FIRST_HNSW,23.074917,0.3,0.027025,"[0.00,0.05)"
304,HNSW_HYBRID,10.422083,1.0,0.027025,"[0.00,0.05)"
304,IVFFLAT_HYBRID,9.898041,1.0,0.027025,"[0.00,0.05)"
310,SQL_FIRST,9.459875,1.0,0.04911,"[0.00,0.05)"
310,VECTOR_FIRST_HNSW,23.004166,0.6,0.04911,"[0.00,0.05)"
310,HNSW_HYBRID,9.86175,1.0,0.04911,"[0.00,0.05)"
310,IVFFLAT_HYBRID,9.610542,1.0,0.04911,"[0.00,0.05)"
312,SQL_FIRST,4.016833,1.0,0.00313,"[0.00,0.05)"
312,VECTOR_FIRST_HNSW,23.0195,0.0,0.00313,"[0.00,0.05)"
312,HNSW_HYBRID,4.440667,1.0,0.00313,"[0.00,0.05)"
312,IVFFLAT_HYBRID,4.030625,1.0,0.00313,"[0.00,0.05)"
313,SQL_FIRST,7.143333,1.0,0.014455,"[0.00,0.05)"
313,VECTOR_FIRST_HNSW,22.943291,0.2,0.014455,"[0.00,0.05)"
313,HNSW_HYBRID,7.897625,1.0,0.014455,"[0.00,0.05)"
313,IVFFLAT_HYBRID,7.30075,1.0,0.014455,"[0.00,0.05)"
314,SQL_FIRST,1.469667,1.0,0.001195,"[0.00,0.05)"
314,VECTOR_FIRST_HNSW,22.92775,0.0,0.001195,"[0.00,0.05)"
314,HNSW_HYBRID,1.865417,1.0,0.001195,"[0.00,0.05)"
314,IVFFLAT_HYBRID,1.507209,1.0,0.001195,"[0.00,0.05)"
315,SQL_FIRST,8.434333,1.0,0.019265,"[0.00,0.05)"
315,VECTOR_FIRST_HNSW,22.987334,0.2,0.019265,"[0.00,0.05)"
315,HNSW_HYBRID,9.062042,1.0,0.019265,"[0.00,0.05)"
315,IVFFLAT_HYBRID,8.296875,1.0,0.019265,"[0.00,0.05)"
316,SQL_FIRST,6.72625,1.0,0.01285,"[0.00,0.05)"
316,VECTOR_FIRST_HNSW,23.019083,0.1,0.01285,"[0.00,0.05)"
316,HNSW_HYBRID,7.492916,1.0,0.01285,"[0.00,0.05)"
316,IVFFLAT_HYBRID,6.798125,1.0,0.01285,"[0.00,0.05)"
318,SQL_FIRST,8.999541,1.0,0.0412,"[0.00,0.05)"
318,VECTOR_FIRST_HNSW,22.9955,0.2,0.0412,"[0.00,0.05)"
318,HNSW_HYBRID,9.66825,1.0,0.0412,"[0.00,0.05)"
318,IVFFLAT_HYBRID,9.232875,1.0,0.0412,"[0.00,0.05)"
320,SQL_FIRST,9.598667,1.0,0.024035,"[0.00,0.05)"
320,VECTOR_FIRST_HNSW,23.013458,0.1,0.024035,"[0.00,0.05)"
320,HNSW_HYBRID,10.13375,1.0,0.024035,"[0.00,0.05)"
320,IVFFLAT_HYBRID,9.595167,1.0,0.024035,"[0.00,0.05)"
322,SQL_FIRST,6.81075,1.0,0.01371,"[0.00,0.05)"
322,VECTOR_FIRST_HNSW,23.058208,0.3,0.01371,"[0.00,0.05)"
322,HNSW_HYBRID,7.621375,1.0,0.01371,"[0.00,0.05)"
322,IVFFLAT_HYBRID,6.976458,1.0,0.01371,"[0.00,0.05)"
324,SQL_FIRST,5.830459,1.0,0.00931,"[0.00,0.05)"
324,VECTOR_FIRST_HNSW,22.973209,0.1,0.00931,"[0.00,0.05)"
324,HNSW_HYBRID,6.497666,1.0,0.00931,"[0.00,0.05)"
324,IVFFLAT_HYBRID,5.807084,1.0,0.00931,"[0.00,0.05)"
326,SQL_FIRST,4.911458,1.0,0.006235,"[0.00,0.05)"
326,VECTOR_FIRST_HNSW,23.010042,0.0,0.006235,"[0.00,0.05)"
326,HNSW_HYBRID,5.543334,1.0,0.006235,"[0.00,0.05)"
326,IVFFLAT_HYBRID,5.01425,1.0,0.006235,"[0.00,0.05)"
327,SQL_FIRST,8.980125,1.0,0.03941,"[0.00,0.05)"
327,VECTOR_FIRST_HNSW,23.019292,0.2,0.03941,"[0.00,0.05)"
327,HNSW_HYBRID,9.48875,1.0,0.03941,"[0.00,0.05)"
327,IVFFLAT_HYBRID,9.164708,1.0,0.03941,"[0.00,0.05)"
329,SQL_FIRST,6.218,1.0,0.01073,"[0.00,0.05)"
329,VECTOR_FIRST_HNSW,22.911875,0.2,0.01073,"[0.00,0.05)"
329,HNSW_HYBRID,6.910042,1.0,0.01073,"[0.00,0.05)"
329,IVFFLAT_HYBRID,6.279084,1.0,0.01073,"[0.00,0.05)"
331,SQL_FIRST,10.447083,1.0,0.02907,"[0.00,0.05)"
331,VECTOR_FIRST_HNSW,23.095,0.5,0.02907,"[0.00,0.05)"
331,HNSW_HYBRID,10.897291,1.0,0.02907,"[0.00,0.05)"
331,IVFFLAT_HYBRID,10.553333,1.0,0.02907,"[0.00,0.05)"
332,SQL_FIRST,9.088833,1.0,0.040565,"[0.00,0.05)"
332,VECTOR_FIRST_HNSW,22.974791,0.6,0.040565,"[0.00,0.05)"
332,HNSW_HYBRID,9.570084,1.0,0.040565,"[0.00,0.05)"
332,IVFFLAT_HYBRID,9.0285,1.0,0.040565,"[0.00,0.05)"
333,SQL_FIRST,8.984084,1.0,0.03888,"[0.00,0.05)"
333,VECTOR_FIRST_HNSW,23.037625,0.2,0.03888,"[0.00,0.05)"
333,HNSW_HYBRID,9.559208,1.0,0.03888,"[0.00,0.05)"
333,IVFFLAT_HYBRID,9.114875,1.0,0.03888,"[0.00,0.05)"
334,SQL_FIRST,4.879375,1.0,0.00615,"[0.00,0.05)"
334,VECTOR_FIRST_HNSW,23.052709,0.1,0.00615,"[0.00,0.05)"
334,HNSW_HYBRID,5.414875,1.0,0.00615,"[0.00,0.05)"
334,IVFFLAT_HYBRID,4.90875,1.0,0.00615,"[0.00,0.05)"
336,SQL_FIRST,1.487208,1.0,0.00126,"[0.00,0.05)"
336,VECTOR_FIRST_HNSW,22.842875,0.0,0.00126,"[0.00,0.05)"
336,HNSW_HYBRID,1.890417,1.0,0.00126,"[0.00,0.05)"
336,IVFFLAT_HYBRID,1.524792,1.0,0.00126,"[0.00,0.05)"
338,SQL_FIRST,9.670125,1.0,0.049,"[0.00,0.05)"
338,VECTOR_FIRST_HNSW,23.123541,0.5,0.049,"[0.00,0.05)"
338,HNSW_HYBRID,9.822083,1.0,0.049,"[0.00,0.05)"
338,IVFFLAT_HYBRID,9.458083,1.0,0.049,"[0.00,0.05)"
343,SQL_FIRST,9.477042,1.0,0.048005,"[0.00,0.05)"
343,VECTOR_FIRST_HNSW,23.01575,0.7,0.048005,"[0.00,0.05)"
343,HNSW_HYBRID,9.773208,1.0,0.048005,"[0.00,0.05)"
343,IVFFLAT_HYBRID,9.421708,1.0,0.048005,"[0.00,0.05)"
344,SQL_FIRST,9.316292,1.0,0.04534,"[0.00,0.05)"
344,VECTOR_FIRST_HNSW,23.024125,0.6,0.04534,"[0.00,0.05)"
344,HNSW_HYBRID,9.733,1.0,0.04534,"[0.00,0.05)"
344,IVFFLAT_HYBRID,9.349083,1.0,0.04534,"[0.00,0.05)"
345,SQL_FIRST,9.25525,1.0,0.04251,"[0.00,0.05)"
345,VECTOR_FIRST_HNSW,23.011167,0.8,0.04251,"[0.00,0.05)"
345,HNSW_HYBRID,9.714792,1.0,0.04251,"[0.00,0.05)"
345,IVFFLAT_HYBRID,9.417042,1.0,0.04251,"[0.00,0.05)"
348,SQL_FIRST,9.586834,1.0,0.02379,"[0.00,0.05)"
348,VECTOR_FIRST_HNSW,23.00725,0.0,0.02379,"[0.00,0.05)"
348,HNSW_HYBRID,10.077792,1.0,0.02379,"[0.00,0.05)"
348,IVFFLAT_HYBRID,9.611917,1.0,0.02379,"[0.00,0.05)"
349,SQL_FIRST,11.643292,1.0,0.030275,"[0.00,0.05)"
349,VECTOR_FIRST_HNSW,23.151292,0.1,0.030275,"[0.00,0.05)"
349,HNSW_HYBRID,11.727584,1.0,0.030275,"[0.00,0.05)"
349,IVFFLAT_HYBRID,11.680917,1.0,0.030275,"[0.00,0.05)"
351,SQL_FIRST,6.77225,1.0,0.013545,"[0.00,0.05)"
351,VECTOR_FIRST_HNSW,22.969833,0.0,0.013545,"[0.00,0.05)"
351,HNSW_HYBRID,7.464875,1.0,0.013545,"[0.00,0.05)"
351,IVFFLAT_HYBRID,6.867083,1.0,0.013545,"[0.00,0.05)"
352,SQL_FIRST,7.55825,1.0,0.016965,"[0.00,0.05)"
352,VECTOR_FIRST_HNSW,23.064333,0.2,0.016965,"[0.00,0.05)"
352,HNSW_HYBRID,8.449959,1.0,0.016965,"[0.00,0.05)"
352,IVFFLAT_HYBRID,7.959625,1.0,0.016965,"[0.00,0.05)"
353,SQL_FIRST,9.3525,1.0,0.042765,"[0.00,0.05)"
353,VECTOR_FIRST_HNSW,23.02425,0.4,0.042765,"[0.00,0.05)"
353,HNSW_HYBRID,9.669334,1.0,0.042765,"[0.00,0.05)"
353,IVFFLAT_HYBRID,9.31125,1.0,0.042765,"[0.00,0.05)"
354,SQL_FIRST,10.791958,1.0,0.029645,"[0.00,0.05)"
354,VECTOR_FIRST_HNSW,23.108333,0.5,0.029645,"[0.00,0.05)"
354,HNSW_HYBRID,10.994042,1.0,0.029645,"[0.00,0.05)"
354,IVFFLAT_HYBRID,10.601333,1.0,0.029645,"[0.00,0.05)"
355,SQL_FIRST,9.065708,1.0,0.039585,"[0.00,0.05)"
355,VECTOR_FIRST_HNSW,23.108792,0.8,0.039585,"[0.00,0.05)"
355,HNSW_HYBRID,9.465666,1.0,0.039585,"[0.00,0.05)"
355,IVFFLAT_HYBRID,9.028458,1.0,0.039585,"[0.00,0.05)"
356,SQL_FIRST,9.133625,1.0,0.039935,"[0.00,0.05)"
356,VECTOR_FIRST_HNSW,23.001375,0.7,0.039935,"[0.00,0.05)"
356,HNSW_HYBRID,9.612708,1.0,0.039935,"[0.00,0.05)"
356,IVFFLAT_HYBRID,9.23075,1.0,0.039935,"[0.00,0.05)"
360,SQL_FIRST,5.350583,1.0,0.007595,"[0.00,0.05)"
360,VECTOR_FIRST_HNSW,22.941375,0.0,0.007595,"[0.00,0.05)"
360,HNSW_HYBRID,5.990375,1.0,0.007595,"[0.00,0.05)"
360,IVFFLAT_HYBRID,5.3725,1.0,0.007595,"[0.00,0.05)"
362,SQL_FIRST,6.241875,1.0,0.01075,"[0.00,0.05)"
362,VECTOR_FIRST_HNSW,22.975625,0.0,0.01075,"[0.00,0.05)"
362,HNSW_HYBRID,6.870833,1.0,0.01075,"[0.00,0.05)"
362,IVFFLAT_HYBRID,6.282667,1.0,0.01075,"[0.00,0.05)"
365,SQL_FIRST,6.499166,1.0,0.011855,"[0.00,0.05)"
365,VECTOR_FIRST_HNSW,23.120583,0.0,0.011855,"[0.00,0.05)"
365,HNSW_HYBRID,7.258083,1.0,0.011855,"[0.00,0.05)"
365,IVFFLAT_HYBRID,6.688542,1.0,0.011855,"[0.00,0.05)"
366,SQL_FIRST,9.563,1.0,0.048675,"[0.00,0.05)"
366,VECTOR_FIRST_HNSW,23.005833,0.7,0.048675,"[0.00,0.05)"
366,HNSW_HYBRID,9.81375,1.0,0.048675,"[0.00,0.05)"
366,IVFFLAT_HYBRID,9.433416,1.0,0.048675,"[0.00,0.05)"
368,SQL_FIRST,9.414291,1.0,0.046795,"[0.00,0.05)"
368,VECTOR_FIRST_HNSW,22.972583,0.4,0.046795,"[0.00,0.05)"
368,HNSW_HYBRID,9.7365,1.0,0.046795,"[0.00,0.05)"
368,IVFFLAT_HYBRID,9.390708,1.0,0.046795,"[0.00,0.05)"
369,SQL_FIRST,9.710917,1.0,0.045455,"[0.00,0.05)"
369,VECTOR_FIRST_HNSW,22.982375,0.4,0.045455,"[0.00,0.05)"
369,HNSW_HYBRID,9.8955,1.0,0.045455,"[0.00,0.05)"
369,IVFFLAT_HYBRID,9.427958,1.0,0.045455,"[0.00,0.05)"
371,SQL_FIRST,8.867792,1.0,0.038875,"[0.00,0.05)"
371,VECTOR_FIRST_HNSW,22.967375,0.5,0.038875,"[0.00,0.05)"
371,HNSW_HYBRID,9.37075,1.0,0.038875,"[0.00,0.05)"
371,IVFFLAT_HYBRID,8.998833,1.0,0.038875,"[0.00,0.05)"
373,SQL_FIRST,1.551166,1.0,0.001405,"[0.00,0.05)"
373,VECTOR_FIRST_HNSW,23.038917,0.0,0.001405,"[0.00,0.05)"
373,HNSW_HYBRID,1.964458,1.0,0.001405,"[0.00,0.05)"
373,IVFFLAT_HYBRID,1.580042,1.0,0.001405,"[0.00,0.05)"
380,SQL_FIRST,9.296875,1.0,0.044345,"[0.00,0.05)"
380,VECTOR_FIRST_HNSW,22.931041,0.6,0.044345,"[0.00,0.05)"
380,HNSW_HYBRID,9.646083,1.0,0.044345,"[0.00,0.05)"
380,IVFFLAT_HYBRID,9.258292,1.0,0.044345,"[0.00,0.05)"
382,SQL_FIRST,8.629959,1.0,0.021295,"[0.00,0.05)"
382,VECTOR_FIRST_HNSW,23.061875,0.1,0.021295,"[0.00,0.05)"
382,HNSW_HYBRID,9.325208,1.0,0.021295,"[0.00,0.05)"
382,IVFFLAT_HYBRID,8.691333,1.0,0.021295,"[0.00,0.05)"
385,SQL_FIRST,4.626,1.0,0.00511,"[0.00,0.05)"
385,VECTOR_FIRST_HNSW,22.945209,0.2,0.00511,"[0.00,0.05)"
385,HNSW_HYBRID,5.142917,1.0,0.00511,"[0.00,0.05)"
385,IVFFLAT_HYBRID,4.684958,1.0,0.00511,"[0.00,0.05)"
388,SQL_FIRST,6.005292,1.0,0.01002,"[0.00,0.05)"
388,VECTOR_FIRST_HNSW,22.948167,0.1,0.01002,"[0.00,0.05)"
388,HNSW_HYBRID,6.737791,1.0,0.01002,"[0.00,0.05)"
388,IVFFLAT_HYBRID,6.128791,1.0,0.01002,"[0.00,0.05)"
389,SQL_FIRST,9.279833,1.0,0.045445,"[0.00,0.05)"
389,VECTOR_FIRST_HNSW,23.003959,0.5,0.045445,"[0.00,0.05)"
389,HNSW_HYBRID,9.551625,1.0,0.045445,"[0.00,0.05)"
389,IVFFLAT_HYBRID,9.358583,1.0,0.045445,"[0.00,0.05)"
390,SQL_FIRST,6.661417,1.0,0.0124,"[0.00,0.05)"
390,VECTOR_FIRST_HNSW,23.191167,0.1,0.0124,"[0.00,0.05)"
390,HNSW_HYBRID,7.38875,1.0,0.0124,"[0.00,0.05)"
390,IVFFLAT_HYBRID,6.716541,1.0,0.0124,"[0.00,0.05)"
393,SQL_FIRST,8.823833,1.0,0.03705,"[0.00,0.05)"
393,VECTOR_FIRST_HNSW,23.087083,0.2,0.03705,"[0.00,0.05)"
393,HNSW_HYBRID,9.539041,1.0,0.03705,"[0.00,0.05)"
393,IVFFLAT_HYBRID,9.034958,1.0,0.03705,"[0.00,0.05)"
395,SQL_FIRST,10.081833,1.0,0.026605,"[0.00,0.05)"
395,VECTOR_FIRST_HNSW,22.9895,0.1,0.026605,"[0.00,0.05)"
395,HNSW_HYBRID,10.559375,1.0,0.026605,"[0.00,0.05)"
395,IVFFLAT_HYBRID,9.974042,1.0,0.026605,"[0.00,0.05)"
398,SQL_FIRST,5.021292,1.0,0.00631,"[0.00,0.05)"
398,VECTOR_FIRST_HNSW,23.275625,0.1,0.00631,"[0.00,0.05)"
398,HNSW_HYBRID,5.606833,1.0,0.00631,"[0.00,0.05)"
398,IVFFLAT_HYBRID,5.009208,1.0,0.00631,"[0.00,0.05)"
399,SQL_FIRST,9.046583,1.0,0.041955,"[0.00,0.05)"
399,VECTOR_FIRST_HNSW,22.968541,0.2,0.041955,"[0.00,0.05)"
399,HNSW_HYBRID,9.569833,1.0,0.041955,"[0.00,0.05)"
399,IVFFLAT_HYBRID,9.170042,1.0,0.041955,"[0.00,0.05)"
400,SQL_FIRST,9.052542,1.0,0.02292,"[0.00,0.05)"
400,VECTOR_FIRST_HNSW,23.055125,0.1,0.02292,"[0.00,0.05)"
400,HNSW_HYBRID,9.756875,1.0,0.02292,"[0.00,0.05)"
400,IVFFLAT_HYBRID,9.18075,1.0,0.02292,"[0.00,0.05)"
401,SQL_FIRST,16.719166,1.0,0.0325,"[0.00,0.05)"
401,VECTOR_FIRST_HNSW,26.565209,0.3,0.0325,"[0.00,0.05)"
401,HNSW_HYBRID,13.22125,1.0,0.0325,"[0.00,0.05)"
401,IVFFLAT_HYBRID,21.554875,1.0,0.0325,"[0.00,0.05)"
403,SQL_FIRST,6.260792,1.0,0.011195,"[0.00,0.05)"
403,VECTOR_FIRST_HNSW,22.981708,0.2,0.011195,"[0.00,0.05)"
403,HNSW_HYBRID,6.905541,1.0,0.011195,"[0.00,0.05)"
403,IVFFLAT_HYBRID,6.236875,1.0,0.011195,"[0.00,0.05)"
404,SQL_FIRST,7.007541,1.0,0.01413,"[0.00,0.05)"
404,VECTOR_FIRST_HNSW,23.344458,0.1,0.01413,"[0.00,0.05)"
404,HNSW_HYBRID,7.641542,1.0,0.01413,"[0.00,0.05)"
404,IVFFLAT_HYBRID,7.008791,1.0,0.01413,"[0.00,0.05)"
408,SQL_FIRST,9.560917,1.0,0.04985,"[0.00,0.05)"
408,VECTOR_FIRST_HNSW,23.052208,0.4,0.04985,"[0.00,0.05)"
408,HNSW_HYBRID,10.026125,1.0,0.04985,"[0.00,0.05)"
408,IVFFLAT_HYBRID,9.545292,1.0,0.04985,"[0.00,0.05)"
409,SQL_FIRST,8.3695,1.0,0.020615,"[0.00,0.05)"
409,VECTOR_FIRST_HNSW,23.082167,0.3,0.020615,"[0.00,0.05)"
409,HNSW_HYBRID,8.88275,1.0,0.020615,"[0.00,0.05)"
409,IVFFLAT_HYBRID,8.3475,1.0,0.020615,"[0.00,0.05)"
411,SQL_FIRST,8.856459,1.0,0.02109,"[0.00,0.05)"
411,VECTOR_FIRST_HNSW,22.97225,0.2,0.02109,"[0.00,0.05)"
411,HNSW_HYBRID,9.186459,1.0,0.02109,"[0.00,0.05)"
411,IVFFLAT_HYBRID,8.702083,1.0,0.02109,"[0.00,0.05)"
422,SQL_FIRST,9.003459,1.0,0.0383,"[0.00,0.05)"
422,VECTOR_FIRST_HNSW,23.019833,0.4,0.0383,"[0.00,0.05)"
422,HNSW_HYBRID,9.43175,1.0,0.0383,"[0.00,0.05)"
422,IVFFLAT_HYBRID,9.021167,1.0,0.0383,"[0.00,0.05)"
426,SQL_FIRST,9.540792,1.0,0.048655,"[0.00,0.05)"
426,VECTOR_FIRST_HNSW,23.043833,0.6,0.048655,"[0.00,0.05)"
426,HNSW_HYBRID,10.050709,1.0,0.048655,"[0.00,0.05)"
426,IVFFLAT_HYBRID,9.8055,1.0,0.048655,"[0.00,0.05)"
427,SQL_FIRST,6.782708,1.0,0.012985,"[0.00,0.05)"
427,VECTOR_FIRST_HNSW,22.980375,0.4,0.012985,"[0.00,0.05)"
427,HNSW_HYBRID,7.477333,1.0,0.012985,"[0.00,0.05)"
427,IVFFLAT_HYBRID,6.768167,1.0,0.012985,"[0.00,0.05)"
428,SQL_FIRST,8.798584,1.0,0.03554,"[0.00,0.05)"
428,VECTOR_FIRST_HNSW,22.954209,0.2,0.03554,"[0.00,0.05)"
428,HNSW_HYBRID,9.267,1.0,0.03554,"[0.00,0.05)"
428,IVFFLAT_HYBRID,8.902459,1.0,0.03554,"[0.00,0.05)"
431,SQL_FIRST,6.792042,1.0,0.012465,"[0.00,0.05)"
431,VECTOR_FIRST_HNSW,23.051917,0.2,0.012465,"[0.00,0.05)"
431,HNSW_HYBRID,7.448834,1.0,0.012465,"[0.00,0.05)"
431,IVFFLAT_HYBRID,6.792458,1.0,0.012465,"[0.00,0.05)"
433,SQL_FIRST,5.99025,1.0,0.009885,"[0.00,0.05)"
433,VECTOR_FIRST_HNSW,23.010417,0.0,0.009885,"[0.00,0.05)"
433,HNSW_HYBRID,6.654375,1.0,0.009885,"[0.00,0.05)"
433,IVFFLAT_HYBRID,6.112416,1.0,0.009885,"[0.00,0.05)"
434,SQL_FIRST,7.912334,1.0,0.018795,"[0.00,0.05)"
434,VECTOR_FIRST_HNSW,22.9365,0.3,0.018795,"[0.00,0.05)"
434,HNSW_HYBRID,8.452208,1.0,0.018795,"[0.00,0.05)"
434,IVFFLAT_HYBRID,7.894083,1.0,0.018795,"[0.00,0.05)"
439,SQL_FIRST,5.12425,1.0,0.007245,"[0.00,0.05)"
439,VECTOR_FIRST_HNSW,22.944,0.1,0.007245,"[0.00,0.05)"
439,HNSW_HYBRID,5.788,1.0,0.007245,"[0.00,0.05)"
439,IVFFLAT_HYBRID,5.231542,1.0,0.007245,"[0.00,0.05)"
441,SQL_FIRST,9.134958,1.0,0.041445,"[0.00,0.05)"
441,VECTOR_FIRST_HNSW,23.002333,0.2,0.041445,"[0.00,0.05)"
441,HNSW_HYBRID,9.535625,1.0,0.041445,"[0.00,0.05)"
441,IVFFLAT_HYBRID,9.358333,1.0,0.041445,"[0.00,0.05)"
443,SQL_FIRST,10.625208,1.0,0.02916,"[0.00,0.05)"
443,VECTOR_FIRST_HNSW,22.975167,0.3,0.02916,"[0.00,0.05)"
443,HNSW_HYBRID,11.072041,1.0,0.02916,"[0.00,0.05)"
443,IVFFLAT_HYBRID,10.73225,1.0,0.02916,"[0.00,0.05)"
448,SQL_FIRST,4.662708,1.0,0.00527,"[0.00,0.05)"
448,VECTOR_FIRST_HNSW,22.953125,0.0,0.00527,"[0.00,0.05)"
448,HNSW_HYBRID,5.155458,1.0,0.00527,"[0.00,0.05)"
448,IVFFLAT_HYBRID,4.733209,1.0,0.00527,"[0.00,0.05)"
449,SQL_FIRST,7.955041,1.0,0.017815,"[0.00,0.05)"
449,VECTOR_FIRST_HNSW,22.92925,0.2,0.017815,"[0.00,0.05)"
449,HNSW_HYBRID,8.611375,1.0,0.017815,"[0.00,0.05)"
449,IVFFLAT_HYBRID,7.92425,1.0,0.017815,"[0.00,0.05)"
451,SQL_FIRST,10.191083,1.0,0.02681,"[0.00,0.05)"
451,VECTOR_FIRST_HNSW,23.042375,0.2,0.02681,"[0.00,0.05)"
451,HNSW_HYBRID,10.831917,1.0,0.02681,"[0.00,0.05)"
451,IVFFLAT_HYBRID,10.204167,1.0,0.02681,"[0.00,0.05)"
453,SQL_FIRST,6.103709,1.0,0.010495,"[0.00,0.05)"
453,VECTOR_FIRST_HNSW,22.901625,0.3,0.010495,"[0.00,0.05)"
453,HNSW_HYBRID,6.793875,1.0,0.010495,"[0.00,0.05)"
453,IVFFLAT_HYBRID,6.152375,1.0,0.010495,"[0.00,0.05)"
454,SQL_FIRST,7.957208,1.0,0.01852,"[0.00,0.05)"
454,VECTOR_FIRST_HNSW,23.078083,0.1,0.01852,"[0.00,0.05)"
454,HNSW_HYBRID,8.555541,1.0,0.01852,"[0.00,0.05)"
454,IVFFLAT_HYBRID,7.815375,1.0,0.01852,"[0.00,0.05)"
457,SQL_FIRST,9.005958,1.0,0.03906,"[0.00,0.05)"
457,VECTOR_FIRST_HNSW,23.059042,0.7,0.03906,"[0.00,0.05)"
457,HNSW_HYBRID,9.410875,1.0,0.03906,"[0.00,0.05)"
457,IVFFLAT_HYBRID,9.092875,1.0,0.03906,"[0.00,0.05)"
461,SQL_FIRST,9.662667,1.0,0.0244,"[0.00,0.05)"
461,VECTOR_FIRST_HNSW,22.993792,0.1,0.0244,"[0.00,0.05)"
461,HNSW_HYBRID,10.188291,1.0,0.0244,"[0.00,0.05)"
461,IVFFLAT_HYBRID,9.58025,1.0,0.0244,"[0.00,0.05)"
463,SQL_FIRST,8.816,1.0,0.03277,"[0.00,0.05)"
463,VECTOR_FIRST_HNSW,23.063125,0.1,0.03277,"[0.00,0.05)"
463,HNSW_HYBRID,9.365875,1.0,0.03277,"[0.00,0.05)"
463,IVFFLAT_HYBRID,8.866834,1.0,0.03277,"[0.00,0.05)"
465,SQL_FIRST,8.648625,1.0,0.03302,"[0.00,0.05)"
465,VECTOR_FIRST_HNSW,22.965666,0.5,0.03302,"[0.00,0.05)"
465,HNSW_HYBRID,9.236833,1.0,0.03302,"[0.00,0.05)"
465,IVFFLAT_HYBRID,8.535167,1.0,0.03302,"[0.00,0.05)"
466,SQL_FIRST,8.401333,1.0,0.019985,"[0.00,0.05)"
466,VECTOR_FIRST_HNSW,22.99575,0.3,0.019985,"[0.00,0.05)"
466,HNSW_HYBRID,8.998583,1.0,0.019985,"[0.00,0.05)"
466,IVFFLAT_HYBRID,8.362584,1.0,0.019985,"[0.00,0.05)"
468,SQL_FIRST,8.742625,1.0,0.034215,"[0.00,0.05)"
468,VECTOR_FIRST_HNSW,23.059,0.6,0.034215,"[0.00,0.05)"
468,HNSW_HYBRID,9.202,1.0,0.034215,"[0.00,0.05)"
468,IVFFLAT_HYBRID,8.818083,1.0,0.034215,"[0.00,0.05)"
469,SQL_FIRST,8.991709,1.0,0.038875,"[0.00,0.05)"
469,VECTOR_FIRST_HNSW,23.136666,0.2,0.038875,"[0.00,0.05)"
469,HNSW_HYBRID,9.392791,1.0,0.038875,"[0.00,0.05)"
469,IVFFLAT_HYBRID,9.411333,1.0,0.038875,"[0.00,0.05)"
470,SQL_FIRST,1.600834,1.0,0.00151,"[0.00,0.05)"
470,VECTOR_FIRST_HNSW,23.32275,0.0,0.00151,"[0.00,0.05)"
470,HNSW_HYBRID,2.020167,1.0,0.00151,"[0.00,0.05)"
470,IVFFLAT_HYBRID,1.664958,1.0,0.00151,"[0.00,0.05)"
471,SQL_FIRST,7.569167,1.0,0.016315,"[0.00,0.05)"
471,VECTOR_FIRST_HNSW,23.052292,0.4,0.016315,"[0.00,0.05)"
471,HNSW_HYBRID,8.31375,1.0,0.016315,"[0.00,0.05)"
471,IVFFLAT_HYBRID,7.70925,1.0,0.016315,"[0.00,0.05)"
476,SQL_FIRST,9.781292,1.0,0.02523,"[0.00,0.05)"
476,VECTOR_FIRST_HNSW,22.960291,0.2,0.02523,"[0.00,0.05)"
476,HNSW_HYBRID,10.204167,1.0,0.02523,"[0.00,0.05)"
476,IVFFLAT_HYBRID,9.681,1.0,0.02523,"[0.00,0.05)"
477,SQL_FIRST,7.846833,1.0,0.01763,"[0.00,0.05)"
477,VECTOR_FIRST_HNSW,22.9685,0.1,0.01763,"[0.00,0.05)"
477,HNSW_HYBRID,8.51725,1.0,0.01763,"[0.00,0.05)"
477,IVFFLAT_HYBRID,7.863291,1.0,0.01763,"[0.00,0.05)"
480,SQL_FIRST,6.771875,1.0,0.01243,"[0.00,0.05)"
480,VECTOR_FIRST_HNSW,23.038875,0.2,0.01243,"[0.00,0.05)"
480,HNSW_HYBRID,7.400667,1.0,0.01243,"[0.00,0.05)"
480,IVFFLAT_HYBRID,6.753583,1.0,0.01243,"[0.00,0.05)"
482,SQL_FIRST,8.969791,1.0,0.03855,"[0.00,0.05)"
482,VECTOR_FIRST_HNSW,22.989666,0.4,0.03855,"[0.00,0.05)"
482,HNSW_HYBRID,9.504458,1.0,0.03855,"[0.00,0.05)"
482,IVFFLAT_HYBRID,9.143584,1.0,0.03855,"[0.00,0.05)"
484,SQL_FIRST,9.429333,1.0,0.04633,"[0.00,0.05)"
484,VECTOR_FIRST_HNSW,23.151417,0.6,0.04633,"[0.00,0.05)"
484,HNSW_HYBRID,9.82625,1.0,0.04633,"[0.00,0.05)"
484,IVFFLAT_HYBRID,9.481875,1.0,0.04633,"[0.00,0.05)"
485,SQL_FIRST,7.689,1.0,0.018125,"[0.00,0.05)"
485,VECTOR_FIRST_HNSW,22.916875,0.4,0.018125,"[0.00,0.05)"
485,HNSW_HYBRID,8.430125,1.0,0.018125,"[0.00,0.05)"
485,IVFFLAT_HYBRID,7.961208,1.0,0.018125,"[0.00,0.05)"
489,SQL_FIRST,10.985958,1.0,0.030055,"[0.00,0.05)"
489,VECTOR_FIRST_HNSW,23.018958,0.4,0.030055,"[0.00,0.05)"
489,HNSW_HYBRID,11.25575,1.0,0.030055,"[0.00,0.05)"
489,IVFFLAT_HYBRID,10.918542,1.0,0.030055,"[0.00,0.05)"
490,SQL_FIRST,4.139958,1.0,0.00351,"[0.00,0.05)"
490,VECTOR_FIRST_HNSW,22.955333,0.0,0.00351,"[0.00,0.05)"
490,HNSW_HYBRID,4.456917,1.0,0.00351,"[0.00,0.05)"
490,IVFFLAT_HYBRID,4.151667,1.0,0.00351,"[0.00,0.05)"
491,SQL_FIRST,9.345375,1.0,0.04258,"[0.00,0.05)"
491,VECTOR_FIRST_HNSW,22.965125,0.7,0.04258,"[0.00,0.05)"
491,HNSW_HYBRID,9.551458,1.0,0.04258,"[0.00,0.05)"
491,IVFFLAT_HYBRID,9.1325,1.0,0.04258,"[0.00,0.05)"
492,SQL_FIRST,8.037542,1.0,0.019065,"[0.00,0.05)"
492,VECTOR_FIRST_HNSW,23.063959,0.3,0.019065,"[0.00,0.05)"
492,HNSW_HYBRID,8.69175,1.0,0.019065,"[0.00,0.05)"
492,IVFFLAT_HYBRID,8.386666,1.0,0.019065,"[0.00,0.05)"
493,SQL_FIRST,7.043584,1.0,0.014525,"[0.00,0.05)"
493,VECTOR_FIRST_HNSW,22.876708,0.2,0.014525,"[0.00,0.05)"
493,HNSW_HYBRID,7.790708,1.0,0.014525,"[0.00,0.05)"
493,IVFFLAT_HYBRID,7.076625,1.0,0.014525,"[0.00,0.05)"
495,SQL_FIRST,10.746417,1.0,0.030045,"[0.00,0.05)"
495,VECTOR_FIRST_HNSW,23.004084,0.3,0.030045,"[0.00,0.05)"
495,HNSW_HYBRID,11.258209,1.0,0.030045,"[0.00,0.05)"
495,IVFFLAT_HYBRID,10.92675,1.0,0.030045,"[0.00,0.05)"
496,SQL_FIRST,8.349541,1.0,0.01998,"[0.00,0.05)"
496,VECTOR_FIRST_HNSW,22.993875,0.2,0.01998,"[0.00,0.05)"
496,HNSW_HYBRID,8.8935,1.0,0.01998,"[0.00,0.05)"
496,IVFFLAT_HYBRID,8.235167,1.0,0.01998,"[0.00,0.05)"
497,SQL_FIRST,9.46925,1.0,0.046925,"[0.00,0.05)"
497,VECTOR_FIRST_HNSW,23.226417,0.2,0.046925,"[0.00,0.05)"
497,HNSW_HYBRID,9.81625,1.0,0.046925,"[0.00,0.05)"
497,IVFFLAT_HYBRID,9.428209,1.0,0.046925,"[0.00,0.05)"
498,SQL_FIRST,8.600791,1.0,0.022265,"[0.00,0.05)"
498,VECTOR_FIRST_HNSW,23.092958,0.2,0.022265,"[0.00,0.05)"
498,HNSW_HYBRID,9.357459,1.0,0.022265,"[0.00,0.05)"
498,IVFFLAT_HYBRID,8.651708,1.0,0.022265,"[0.00,0.05)"
499,SQL_FIRST,10.6425,1.0,0.02915,"[0.00,0.05)"
499,VECTOR_FIRST_HNSW,22.972667,0.3,0.02915,"[0.00,0.05)"
499,HNSW_HYBRID,11.196625,1.0,0.02915,"[0.00,0.05)"
499,IVFFLAT_HYBRID,10.700875,1.0,0.02915,"[0.00,0.05)"
