query_id,strategy,bucket,latency_ms,recall_at_10
2,SQL_FIRST,"[0.00,0.05)",256.915334,1.0
2,VECTOR_FIRST_HNSW,"[0.00,0.05)",173.486167,0.0
2,HNSW_HYBRID,"[0.00,0.05)",8.492708,1.0
2,IVFFLAT_HYBRID,"[0.00,0.05)",8.784875,1.0
4,SQL_FIRST,"[0.00,0.05)",35.833709,1.0
4,VECTOR_FIRST_HNSW,"[0.00,0.05)",34.913166,0.4
4,HNSW_HYBRID,"[0.00,0.05)",11.036416,1.0
4,IVFFLAT_HYBRID,"[0.00,0.05)",11.082667,1.0
5,SQL_FIRST,"[0.00,0.05)",14.941834,1.0
5,VECTOR_FIRST_HNSW,"[0.00,0.05)",27.3045,0.3
5,HNSW_HYBRID,"[0.00,0.05)",9.2355,1.0
5,IVFFLAT_HYBRID,"[0.00,0.05)",8.984792,1.0
11,SQL_FIRST,"[0.00,0.05)",16.580667,1.0
11,VECTOR_FIRST_HNSW,"[0.00,0.05)",29.93775,0.7
11,HNSW_HYBRID,"[0.00,0.05)",9.316083,1.0
11,IVFFLAT_HYBRID,"[0.00,0.05)",8.844,1.0
14,SQL_FIRST,"[0.00,0.05)",12.167708,1.0
14,VECTOR_FIRST_HNSW,"[0.00,0.05)",27.166042,0.7
14,HNSW_HYBRID,"[0.00,0.05)",10.18475,1.0
14,IVFFLAT_HYBRID,"[0.00,0.05)",9.618458,1.0
15,SQL_FIRST,"[0.00,0.05)",12.3585,1.0
15,VECTOR_FIRST_HNSW,"[0.00,0.05)",25.324625,0.7
15,HNSW_HYBRID,"[0.00,0.05)",9.2085,1.0
15,IVFFLAT_HYBRID,"[0.00,0.05)",9.005875,1.0
17,SQL_FIRST,"[0.00,0.05)",12.112209,1.0
17,VECTOR_FIRST_HNSW,"[0.00,0.05)",25.72075,0.3
17,HNSW_HYBRID,"[0.00,0.05)",11.029333,1.0
17,IVFFLAT_HYBRID,"[0.00,0.05)",10.443083,1.0
19,SQL_FIRST,"[0.00,0.05)",10.514041,1.0
19,VECTOR_FIRST_HNSW,"[0.00,0.05)",24.717166,0.1
19,HNSW_HYBRID,"[0.00,0.05)",10.221541,1.0
19,IVFFLAT_HYBRID,"[0.00,0.05)",9.904917,1.0
22,SQL_FIRST,"[0.00,0.05)",8.822584,1.0
22,VECTOR_FIRST_HNSW,"[0.00,0.05)",24.788375,0.3
22,HNSW_HYBRID,"[0.00,0.05)",8.842167,1.0
22,IVFFLAT_HYBRID,"[0.00,0.05)",8.458375,1.0
23,SQL_FIRST,"[0.00,0.05)",1.663375,1.0
23,VECTOR_FIRST_HNSW,"[0.00,0.05)",24.084041,0.0
23,HNSW_HYBRID,"[0.00,0.05)",1.736958,1.0
23,IVFFLAT_HYBRID,"[0.00,0.05)",1.435041,1.0
25,SQL_FIRST,"[0.00,0.05)",7.146375,1.0
25,VECTOR_FIRST_HNSW,"[0.00,0.05)",22.7055,0.1
25,HNSW_HYBRID,"[0.00,0.05)",7.314834,1.0
25,IVFFLAT_HYBRID,"[0.00,0.05)",7.594458,1.0
26,SQL_FIRST,"[0.00,0.05)",9.97575,1.0
26,VECTOR_FIRST_HNSW,"[0.00,0.05)",23.812916,0.3
26,HNSW_HYBRID,"[0.00,0.05)",9.310917,1.0
26,IVFFLAT_HYBRID,"[0.00,0.05)",9.344584,1.0
27,SQL_FIRST,"[0.00,0.05)",7.103791,1.0
27,VECTOR_FIRST_HNSW,"[0.00,0.05)",23.2345,0.1
27,HNSW_HYBRID,"[0.00,0.05)",7.292417,1.0
27,IVFFLAT_HYBRID,"[0.00,0.05)",7.188209,1.0
28,SQL_FIRST,"[0.00,0.05)",8.568542,1.0
28,VECTOR_FIRST_HNSW,"[0.00,0.05)",22.816,0.2
28,HNSW_HYBRID,"[0.00,0.05)",8.881625,1.0
28,IVFFLAT_HYBRID,"[0.00,0.05)",8.439208,1.0
30,SQL_FIRST,"[0.00,0.05)",8.7715,1.0
30,VECTOR_FIRST_HNSW,"[0.00,0.05)",22.775916,0.2
30,HNSW_HYBRID,"[0.00,0.05)",8.926167,1.0
30,IVFFLAT_HYBRID,"[0.00,0.05)",8.525917,1.0
31,SQL_FIRST,"[0.00,0.05)",10.493584,1.0
31,VECTOR_FIRST_HNSW,"[0.00,0.05)",22.782458,0.4
31,HNSW_HYBRID,"[0.00,0.05)",9.683625,1.0
31,IVFFLAT_HYBRID,"[0.00,0.05)",9.299625,1.0
33,SQL_FIRST,"[0.00,0.05)",6.698584,1.0
33,VECTOR_FIRST_HNSW,"[0.00,0.05)",24.93325,0.0
33,HNSW_HYBRID,"[0.00,0.05)",6.864583,1.0
33,IVFFLAT_HYBRID,"[0.00,0.05)",6.105208,1.0
34,SQL_FIRST,"[0.00,0.05)",10.090708,1.0
34,VECTOR_FIRST_HNSW,"[0.00,0.05)",23.033625,0.7
34,HNSW_HYBRID,"[0.00,0.05)",10.339583,1.0
34,IVFFLAT_HYBRID,"[0.00,0.05)",9.6845,1.0
35,SQL_FIRST,"[0.00,0.05)",8.8565,1.0
35,VECTOR_FIRST_HNSW,"[0.00,0.05)",22.696166,0.1
35,HNSW_HYBRID,"[0.00,0.05)",9.0315,1.0
35,IVFFLAT_HYBRID,"[0.00,0.05)",8.57475,1.0
37,SQL_FIRST,"[0.00,0.05)",8.548167,1.0
37,VECTOR_FIRST_HNSW,"[0.00,0.05)",22.643625,0.1
37,HNSW_HYBRID,"[0.00,0.05)",8.49775,1.0
37,IVFFLAT_HYBRID,"[0.00,0.05)",7.660791,1.0
40,SQL_FIRST,"[0.00,0.05)",1.660167,1.0
40,VECTOR_FIRST_HNSW,"[0.00,0.05)",22.873042,0.0
40,HNSW_HYBRID,"[0.00,0.05)",1.676083,1.0
40,IVFFLAT_HYBRID,"[0.00,0.05)",1.390833,1.0
42,SQL_FIRST,"[0.00,0.05)",8.827583,1.0
42,VECTOR_FIRST_HNSW,"[0.00,0.05)",22.878875,0.3
42,HNSW_HYBRID,"[0.00,0.05)",9.04025,1.0
42,IVFFLAT_HYBRID,"[0.00,0.05)",8.372792,1.0
48,SQL_FIRST,"[0.00,0.05)",9.188875,1.0
48,VECTOR_FIRST_HNSW,"[0.00,0.05)",24.440583,0.4
48,HNSW_HYBRID,"[0.00,0.05)",9.463666,1.0
48,IVFFLAT_HYBRID,"[0.00,0.05)",8.7605,1.0
49,SQL_FIRST,"[0.00,0.05)",8.747625,1.0
49,VECTOR_FIRST_HNSW,"[0.00,0.05)",22.731042,1.0
49,HNSW_HYBRID,"[0.00,0.05)",8.915084,1.0
49,IVFFLAT_HYBRID,"[0.00,0.05)",8.342417,1.0
51,SQL_FIRST,"[0.00,0.05)",9.203709,1.0
51,VECTOR_FIRST_HNSW,"[0.00,0.05)",22.727209,0.7
51,HNSW_HYBRID,"[0.00,0.05)",9.520292,1.0
51,IVFFLAT_HYBRID,"[0.00,0.05)",9.38,1.0
53,SQL_FIRST,"[0.00,0.05)",10.210459,1.0
53,VECTOR_FIRST_HNSW,"[0.00,0.05)",22.836334,0.3
53,HNSW_HYBRID,"[0.00,0.05)",10.079042,1.0
53,IVFFLAT_HYBRID,"[0.00,0.05)",9.598458,1.0
54,SQL_FIRST,"[0.00,0.05)",3.922125,1.0
54,VECTOR_FIRST_HNSW,"[0.00,0.05)",22.70275,0.0
54,HNSW_HYBRID,"[0.00,0.05)",3.917375,1.0
54,IVFFLAT_HYBRID,"[0.00,0.05)",3.575083,1.0
57,SQL_FIRST,"[0.00,0.05)",8.789209,1.0
57,VECTOR_FIRST_HNSW,"[0.00,0.05)",22.745833,0.5
57,HNSW_HYBRID,"[0.00,0.05)",9.001291,1.0
57,IVFFLAT_HYBRID,"[0.00,0.05)",8.470041,1.0
60,SQL_FIRST,"[0.00,0.05)",9.217042,1.0
60,VECTOR_FIRST_HNSW,"[0.00,0.05)",22.610375,0.3
60,HNSW_HYBRID,"[0.00,0.05)",9.406875,1.0
60,IVFFLAT_HYBRID,"[0.00,0.05)",8.861375,1.0
62,SQL_FIRST,"[0.00,0.05)",4.878958,1.0
62,VECTOR_FIRST_HNSW,"[0.00,0.05)",22.672292,0.0
62,HNSW_HYBRID,"[0.00,0.05)",5.096959,1.0
62,IVFFLAT_HYBRID,"[0.00,0.05)",4.501333,1.0
63,SQL_FIRST,"[0.00,0.05)",8.168583,1.0
63,VECTOR_FIRST_HNSW,"[0.00,0.05)",22.666958,0.2
63,HNSW_HYBRID,"[0.00,0.05)",8.475375,1.0
63,IVFFLAT_HYBRID,"[0.00,0.05)",7.796833,1.0
65,SQL_FIRST,"[0.00,0.05)",9.081542,1.0
65,VECTOR_FIRST_HNSW,"[0.00,0.05)",23.320042,0.6
65,HNSW_HYBRID,"[0.00,0.05)",10.573209,1.0
65,IVFFLAT_HYBRID,"[0.00,0.05)",9.450417,1.0
66,SQL_FIRST,"[0.00,0.05)",10.138708,1.0
66,VECTOR_FIRST_HNSW,"[0.00,0.05)",25.387708,0.4
66,HNSW_HYBRID,"[0.00,0.05)",12.643333,1.0
66,IVFFLAT_HYBRID,"[0.00,0.05)",10.794458,1.0
67,SQL_FIRST,"[0.00,0.05)",1.300042,1.0
67,VECTOR_FIRST_HNSW,"[0.00,0.05)",24.771125,0.0
67,HNSW_HYBRID,"[0.00,0.05)",1.656583,1.0
67,IVFFLAT_HYBRID,"[0.00,0.05)",1.339834,1.0
69,SQL_FIRST,"[0.00,0.05)",10.720167,1.0
69,VECTOR_FIRST_HNSW,"[0.00,0.05)",30.284333,0.2
69,HNSW_HYBRID,"[0.00,0.05)",11.260416,1.0
69,IVFFLAT_HYBRID,"[0.00,0.05)",12.314291,1.0
71,SQL_FIRST,"[0.00,0.05)",6.123833,1.0
71,VECTOR_FIRST_HNSW,"[0.00,0.05)",29.893583,0.0
71,HNSW_HYBRID,"[0.00,0.05)",6.047875,1.0
71,IVFFLAT_HYBRID,"[0.00,0.05)",5.642584,1.0
72,SQL_FIRST,"[0.00,0.05)",9.943542,1.0
72,VECTOR_FIRST_HNSW,"[0.00,0.05)",33.605084,0.4
72,HNSW_HYBRID,"[0.00,0.05)",9.170709,1.0
72,IVFFLAT_HYBRID,"[0.00,0.05)",8.392666,1.0
73,SQL_FIRST,"[0.00,0.05)",9.077916,1.0
73,VECTOR_FIRST_HNSW,"[0.00,0.05)",22.942709,0.3
73,HNSW_HYBRID,"[0.00,0.05)",9.289416,1.0
73,IVFFLAT_HYBRID,"[0.00,0.05)",8.663583,1.0
74,SQL_FIRST,"[0.00,0.05)",6.948292,1.0
74,VECTOR_FIRST_HNSW,"[0.00,0.05)",22.895083,0.1
74,HNSW_HYBRID,"[0.00,0.05)",7.111333,1.0
74,IVFFLAT_HYBRID,"[0.00,0.05)",6.446458,1.0
75,SQL_FIRST,"[0.00,0.05)",5.498291,1.0
75,VECTOR_FIRST_HNSW,"[0.00,0.05)",23.239291,0.1
75,HNSW_HYBRID,"[0.00,0.05)",6.017333,1.0
75,IVFFLAT_HYBRID,"[0.00,0.05)",5.494083,1.0
77,SQL_FIRST,"[0.00,0.05)",10.995917,1.0
77,VECTOR_FIRST_HNSW,"[0.00,0.05)",23.1135,0.2
77,HNSW_HYBRID,"[0.00,0.05)",11.071416,1.0
77,IVFFLAT_HYBRID,"[0.00,0.05)",10.635917,1.0
80,SQL_FIRST,"[0.00,0.05)",8.962083,1.0
80,VECTOR_FIRST_HNSW,"[0.00,0.05)",22.708625,0.2
80,HNSW_HYBRID,"[0.00,0.05)",9.240292,1.0
80,IVFFLAT_HYBRID,"[0.00,0.05)",8.665583,1.0
82,SQL_FIRST,"[0.00,0.05)",6.418667,1.0
82,VECTOR_FIRST_HNSW,"[0.00,0.05)",22.691625,0.1
82,HNSW_HYBRID,"[0.00,0.05)",6.684584,1.0
82,IVFFLAT_HYBRID,"[0.00,0.05)",6.110208,1.0
85,SQL_FIRST,"[0.00,0.05)",9.077917,1.0
85,VECTOR_FIRST_HNSW,"[0.00,0.05)",22.728791,0.4
85,HNSW_HYBRID,"[0.00,0.05)",9.361459,1.0
85,IVFFLAT_HYBRID,"[0.00,0.05)",8.988334,1.0
87,SQL_FIRST,"[0.00,0.05)",9.924667,1.0
87,VECTOR_FIRST_HNSW,"[0.00,0.05)",23.029125,0.3
87,HNSW_HYBRID,"[0.00,0.05)",10.102458,1.0
87,IVFFLAT_HYBRID,"[0.00,0.05)",10.877875,1.0
89,SQL_FIRST,"[0.00,0.05)",7.55625,1.0
89,VECTOR_FIRST_HNSW,"[0.00,0.05)",23.522542,0.0
89,HNSW_HYBRID,"[0.00,0.05)",7.138583,1.0
89,IVFFLAT_HYBRID,"[0.00,0.05)",6.257583,1.0
91,SQL_FIRST,"[0.00,0.05)",8.483,1.0
91,VECTOR_FIRST_HNSW,"[0.00,0.05)",22.70925,0.3
91,HNSW_HYBRID,"[0.00,0.05)",8.9305,1.0
91,IVFFLAT_HYBRID,"[0.00,0.05)",8.374709,1.0
92,SQL_FIRST,"[0.00,0.05)",8.924208,1.0
92,VECTOR_FIRST_HNSW,"[0.00,0.05)",22.816708,0.3
92,HNSW_HYBRID,"[0.00,0.05)",9.039667,1.0
92,IVFFLAT_HYBRID,"[0.00,0.05)",8.497541,1.0
99,SQL_FIRST,"[0.00,0.05)",7.794291,1.0
99,VECTOR_FIRST_HNSW,"[0.00,0.05)",22.731666,0.1
99,HNSW_HYBRID,"[0.00,0.05)",7.736541,1.0
99,IVFFLAT_HYBRID,"[0.00,0.05)",7.146167,1.0
102,SQL_FIRST,"[0.00,0.05)",8.954458,1.0
102,VECTOR_FIRST_HNSW,"[0.00,0.05)",22.763958,0.6
102,HNSW_HYBRID,"[0.00,0.05)",9.283583,1.0
102,IVFFLAT_HYBRID,"[0.00,0.05)",8.671125,1.0
103,SQL_FIRST,"[0.00,0.05)",3.683458,1.0
103,VECTOR_FIRST_HNSW,"[0.00,0.05)",22.730958,0.0
103,HNSW_HYBRID,"[0.00,0.05)",3.77425,1.0
103,IVFFLAT_HYBRID,"[0.00,0.05)",3.448292,1.0
104,SQL_FIRST,"[0.00,0.05)",6.01775,1.0
104,VECTOR_FIRST_HNSW,"[0.00,0.05)",22.668417,0.1
104,HNSW_HYBRID,"[0.00,0.05)",6.087875,1.0
104,IVFFLAT_HYBRID,"[0.00,0.05)",5.597209,1.0
113,SQL_FIRST,"[0.00,0.05)",5.614959,1.0
113,VECTOR_FIRST_HNSW,"[0.00,0.05)",22.778708,0.0
113,HNSW_HYBRID,"[0.00,0.05)",5.880667,1.0
113,IVFFLAT_HYBRID,"[0.00,0.05)",5.245375,1.0
115,SQL_FIRST,"[0.00,0.05)",8.824542,1.0
115,VECTOR_FIRST_HNSW,"[0.00,0.05)",22.647583,0.4
115,HNSW_HYBRID,"[0.00,0.05)",9.10125,1.0
115,IVFFLAT_HYBRID,"[0.00,0.05)",8.334083,1.0
117,SQL_FIRST,"[0.00,0.05)",8.733708,1.0
117,VECTOR_FIRST_HNSW,"[0.00,0.05)",22.644,0.3
117,HNSW_HYBRID,"[0.00,0.05)",10.852667,1.0
117,IVFFLAT_HYBRID,"[0.00,0.05)",21.649292,1.0
118,SQL_FIRST,"[0.00,0.05)",15.113041,1.0
118,VECTOR_FIRST_HNSW,"[0.00,0.05)",29.785166,0.3
118,HNSW_HYBRID,"[0.00,0.05)",9.538292,1.0
118,IVFFLAT_HYBRID,"[0.00,0.05)",8.966792,1.0
120,SQL_FIRST,"[0.00,0.05)",10.987666,1.0
120,VECTOR_FIRST_HNSW,"[0.00,0.05)",22.920875,0.4
120,HNSW_HYBRID,"[0.00,0.05)",11.21675,1.0
120,IVFFLAT_HYBRID,"[0.00,0.05)",10.899708,1.0
122,SQL_FIRST,"[0.00,0.05)",9.000417,1.0
122,VECTOR_FIRST_HNSW,"[0.00,0.05)",23.1925,0.4
122,HNSW_HYBRID,"[0.00,0.05)",9.27125,1.0
122,IVFFLAT_HYBRID,"[0.00,0.05)",9.261583,1.0
123,SQL_FIRST,"[0.00,0.05)",11.129,1.0
123,VECTOR_FIRST_HNSW,"[0.00,0.05)",22.750292,0.3
123,HNSW_HYBRID,"[0.00,0.05)",11.19875,1.0
123,IVFFLAT_HYBRID,"[0.00,0.05)",10.671125,1.0
125,SQL_FIRST,"[0.00,0.05)",9.108583,1.0
125,VECTOR_FIRST_HNSW,"[0.00,0.05)",22.795417,0.2
125,HNSW_HYBRID,"[0.00,0.05)",9.272666,1.0
125,IVFFLAT_HYBRID,"[0.00,0.05)",8.598541,1.0
126,SQL_FIRST,"[0.00,0.05)",8.78625,1.0
126,VECTOR_FIRST_HNSW,"[0.00,0.05)",22.879083,0.3
126,HNSW_HYBRID,"[0.00,0.05)",8.84125,1.0
126,IVFFLAT_HYBRID,"[0.00,0.05)",8.270042,1.0
127,SQL_FIRST,"[0.00,0.05)",6.460625,1.0
127,VECTOR_FIRST_HNSW,"[0.00,0.05)",22.5835,0.2
127,HNSW_HYBRID,"[0.00,0.05)",6.758541,1.0
127,IVFFLAT_HYBRID,"[0.00,0.05)",5.969,1.0
132,SQL_FIRST,"[0.00,0.05)",8.669208,1.0
132,VECTOR_FIRST_HNSW,"[0.00,0.05)",22.868083,0.1
132,HNSW_HYBRID,"[0.00,0.05)",9.181375,1.0
132,IVFFLAT_HYBRID,"[0.00,0.05)",8.383125,1.0
135,SQL_FIRST,"[0.00,0.05)",9.576042,1.0
135,VECTOR_FIRST_HNSW,"[0.00,0.05)",22.714083,0.2
135,HNSW_HYBRID,"[0.00,0.05)",9.702792,1.0
135,IVFFLAT_HYBRID,"[0.00,0.05)",8.975,1.0
140,SQL_FIRST,"[0.00,0.05)",7.665667,1.0
140,VECTOR_FIRST_HNSW,"[0.00,0.05)",22.566917,0.1
140,HNSW_HYBRID,"[0.00,0.05)",8.344541,1.0
140,IVFFLAT_HYBRID,"[0.00,0.05)",7.769583,1.0
141,SQL_FIRST,"[0.00,0.05)",9.080125,1.0
141,VECTOR_FIRST_HNSW,"[0.00,0.05)",24.078583,0.3
141,HNSW_HYBRID,"[0.00,0.05)",9.152167,1.0
141,IVFFLAT_HYBRID,"[0.00,0.05)",8.981584,1.0
143,SQL_FIRST,"[0.00,0.05)",5.676583,1.0
143,VECTOR_FIRST_HNSW,"[0.00,0.05)",22.5945,0.2
143,HNSW_HYBRID,"[0.00,0.05)",5.980375,1.0
143,IVFFLAT_HYBRID,"[0.00,0.05)",5.31675,1.0
144,SQL_FIRST,"[0.00,0.05)",1.829167,1.0
144,VECTOR_FIRST_HNSW,"[0.00,0.05)",22.823792,0.1
144,HNSW_HYBRID,"[0.00,0.05)",1.890083,1.0
144,IVFFLAT_HYBRID,"[0.00,0.05)",1.556958,1.0
145,SQL_FIRST,"[0.00,0.05)",4.440666,1.0
145,VECTOR_FIRST_HNSW,"[0.00,0.05)",22.6925,0.0
145,HNSW_HYBRID,"[0.00,0.05)",4.56925,1.0
145,IVFFLAT_HYBRID,"[0.00,0.05)",4.196166,1.0
147,SQL_FIRST,"[0.00,0.05)",9.178542,1.0
147,VECTOR_FIRST_HNSW,"[0.00,0.05)",22.838458,0.4
147,HNSW_HYBRID,"[0.00,0.05)",9.518917,1.0
147,IVFFLAT_HYBRID,"[0.00,0.05)",8.644125,1.0
148,SQL_FIRST,"[0.00,0.05)",9.334708,1.0
148,VECTOR_FIRST_HNSW,"[0.00,0.05)",22.734791,0.0
148,HNSW_HYBRID,"[0.00,0.05)",9.587,1.0
148,IVFFLAT_HYBRID,"[0.00,0.05)",9.012209,1.0
152,SQL_FIRST,"[0.00,0.05)",7.696959,1.0
152,VECTOR_FIRST_HNSW,"[0.00,0.05)",22.918875,0.2
152,HNSW_HYBRID,"[0.00,0.05)",7.833291,1.0
152,IVFFLAT_HYBRID,"[0.00,0.05)",7.061042,1.0
158,SQL_FIRST,"[0.00,0.05)",8.841917,1.0
158,VECTOR_FIRST_HNSW,"[0.00,0.05)",22.667125,0.8
158,HNSW_HYBRID,"[0.00,0.05)",9.391833,1.0
158,IVFFLAT_HYBRID,"[0.00,0.05)",8.721667,1.0
159,SQL_FIRST,"[0.00,0.05)",9.137875,1.0
159,VECTOR_FIRST_HNSW,"[0.00,0.05)",22.700667,0.5
159,HNSW_HYBRID,"[0.00,0.05)",9.329125,1.0
159,IVFFLAT_HYBRID,"[0.00,0.05)",11.863875,1.0
160,SQL_FIRST,"[0.00,0.05)",10.132667,1.0
160,VECTOR_FIRST_HNSW,"[0.00,0.05)",23.120333,0.6
160,HNSW_HYBRID,"[0.00,0.05)",10.059875,1.0
160,IVFFLAT_HYBRID,"[0.00,0.05)",9.612167,1.0
163,SQL_FIRST,"[0.00,0.05)",8.748166,1.0
163,VECTOR_FIRST_HNSW,"[0.00,0.05)",22.771917,0.1
163,HNSW_HYBRID,"[0.00,0.05)",9.025542,1.0
163,IVFFLAT_HYBRID,"[0.00,0.05)",8.532208,1.0
166,SQL_FIRST,"[0.00,0.05)",8.952042,1.0
166,VECTOR_FIRST_HNSW,"[0.00,0.05)",22.814583,0.2
166,HNSW_HYBRID,"[0.00,0.05)",9.103709,1.0
166,IVFFLAT_HYBRID,"[0.00,0.05)",8.565041,1.0
168,SQL_FIRST,"[0.00,0.05)",8.626291,1.0
168,VECTOR_FIRST_HNSW,"[0.00,0.05)",22.836416,0.2
168,HNSW_HYBRID,"[0.00,0.05)",8.892792,1.0
168,IVFFLAT_HYBRID,"[0.00,0.05)",8.225667,1.0
172,SQL_FIRST,"[0.00,0.05)",6.032333,1.0
172,VECTOR_FIRST_HNSW,"[0.00,0.05)",22.876041,0.0
172,HNSW_HYBRID,"[0.00,0.05)",6.33275,1.0
172,IVFFLAT_HYBRID,"[0.00,0.05)",5.550458,1.0
174,SQL_FIRST,"[0.00,0.05)",9.485917,1.0
174,VECTOR_FIRST_HNSW,"[0.00,0.05)",22.761417,0.6
174,HNSW_HYBRID,"[0.00,0.05)",9.476,1.0
174,IVFFLAT_HYBRID,"[0.00,0.05)",9.085667,1.0
176,SQL_FIRST,"[0.00,0.05)",7.389334,1.0
176,VECTOR_FIRST_HNSW,"[0.00,0.05)",22.681708,0.4
176,HNSW_HYBRID,"[0.00,0.05)",7.396458,1.0
176,IVFFLAT_HYBRID,"[0.00,0.05)",6.8325,1.0
177,SQL_FIRST,"[0.00,0.05)",9.241292,1.0
177,VECTOR_FIRST_HNSW,"[0.00,0.05)",22.679875,0.5
177,HNSW_HYBRID,"[0.00,0.05)",9.524125,1.0
177,IVFFLAT_HYBRID,"[0.00,0.05)",9.111209,1.0
180,SQL_FIRST,"[0.00,0.05)",5.157708,1.0
180,VECTOR_FIRST_HNSW,"[0.00,0.05)",22.703,0.0
180,HNSW_HYBRID,"[0.00,0.05)",5.330042,1.0
180,IVFFLAT_HYBRID,"[0.00,0.05)",4.917291,1.0
181,SQL_FIRST,"[0.00,0.05)",5.53975,1.0
181,VECTOR_FIRST_HNSW,"[0.00,0.05)",22.751709,0.2
181,HNSW_HYBRID,"[0.00,0.05)",5.925792,1.0
181,IVFFLAT_HYBRID,"[0.00,0.05)",5.242917,1.0
184,SQL_FIRST,"[0.00,0.05)",9.023958,1.0
184,VECTOR_FIRST_HNSW,"[0.00,0.05)",22.709791,0.3
184,HNSW_HYBRID,"[0.00,0.05)",9.334208,1.0
184,IVFFLAT_HYBRID,"[0.00,0.05)",9.1075,1.0
185,SQL_FIRST,"[0.00,0.05)",9.2625,1.0
185,VECTOR_FIRST_HNSW,"[0.00,0.05)",23.003917,0.3
185,HNSW_HYBRID,"[0.00,0.05)",9.357209,1.0
185,IVFFLAT_HYBRID,"[0.00,0.05)",8.694875,1.0
190,SQL_FIRST,"[0.00,0.05)",10.709167,1.0
190,VECTOR_FIRST_HNSW,"[0.00,0.05)",22.8045,0.0
190,HNSW_HYBRID,"[0.00,0.05)",10.972042,1.0
190,IVFFLAT_HYBRID,"[0.00,0.05)",10.47725,1.0
191,SQL_FIRST,"[0.00,0.05)",6.855,1.0
191,VECTOR_FIRST_HNSW,"[0.00,0.05)",22.738417,0.0
191,HNSW_HYBRID,"[0.00,0.05)",7.028958,1.0
191,IVFFLAT_HYBRID,"[0.00,0.05)",6.351625,1.0
192,SQL_FIRST,"[0.00,0.05)",5.949875,1.0
192,VECTOR_FIRST_HNSW,"[0.00,0.05)",22.715041,0.0
192,HNSW_HYBRID,"[0.00,0.05)",6.254708,1.0
192,IVFFLAT_HYBRID,"[0.00,0.05)",5.66825,1.0
193,SQL_FIRST,"[0.00,0.05)",6.353875,1.0
193,VECTOR_FIRST_HNSW,"[0.00,0.05)",22.69275,0.4
193,HNSW_HYBRID,"[0.00,0.05)",6.608041,1.0
193,IVFFLAT_HYBRID,"[0.00,0.05)",6.055834,1.0
194,SQL_FIRST,"[0.00,0.05)",10.980375,1.0
194,VECTOR_FIRST_HNSW,"[0.00,0.05)",22.645541,0.3
194,HNSW_HYBRID,"[0.00,0.05)",11.347458,1.0
194,IVFFLAT_HYBRID,"[0.00,0.05)",10.808625,1.0
199,SQL_FIRST,"[0.00,0.05)",4.974292,1.0
199,VECTOR_FIRST_HNSW,"[0.00,0.05)",22.630709,0.1
199,HNSW_HYBRID,"[0.00,0.05)",5.113584,1.0
199,IVFFLAT_HYBRID,"[0.00,0.05)",4.657959,1.0
200,SQL_FIRST,"[0.00,0.05)",9.115417,1.0
200,VECTOR_FIRST_HNSW,"[0.00,0.05)",22.778333,0.2
200,HNSW_HYBRID,"[0.00,0.05)",9.359167,1.0
200,IVFFLAT_HYBRID,"[0.00,0.05)",8.829583,1.0
201,SQL_FIRST,"[0.00,0.05)",4.341584,1.0
201,VECTOR_FIRST_HNSW,"[0.00,0.05)",22.637458,0.0
201,HNSW_HYBRID,"[0.00,0.05)",4.535542,1.0
201,IVFFLAT_HYBRID,"[0.00,0.05)",4.01425,1.0
202,SQL_FIRST,"[0.00,0.05)",7.999584,1.0
202,VECTOR_FIRST_HNSW,"[0.00,0.05)",22.633625,0.1
202,HNSW_HYBRID,"[0.00,0.05)",8.1795,1.0
202,IVFFLAT_HYBRID,"[0.00,0.05)",7.554,1.0
203,SQL_FIRST,"[0.00,0.05)",7.689,1.0
203,VECTOR_FIRST_HNSW,"[0.00,0.05)",22.759834,0.0
203,HNSW_HYBRID,"[0.00,0.05)",8.013291,1.0
203,IVFFLAT_HYBRID,"[0.00,0.05)",7.456333,1.0
204,SQL_FIRST,"[0.00,0.05)",9.118333,1.0
204,VECTOR_FIRST_HNSW,"[0.00,0.05)",22.660375,0.3
204,HNSW_HYBRID,"[0.00,0.05)",9.481,1.0
204,IVFFLAT_HYBRID,"[0.00,0.05)",9.096917,1.0
206,SQL_FIRST,"[0.00,0.05)",6.266917,1.0
206,VECTOR_FIRST_HNSW,"[0.00,0.05)",23.149792,0.2
206,HNSW_HYBRID,"[0.00,0.05)",6.266916,1.0
206,IVFFLAT_HYBRID,"[0.00,0.05)",5.971458,1.0
208,SQL_FIRST,"[0.00,0.05)",10.576916,1.0
208,VECTOR_FIRST_HNSW,"[0.00,0.05)",22.783167,0.1
208,HNSW_HYBRID,"[0.00,0.05)",10.982417,1.0
208,IVFFLAT_HYBRID,"[0.00,0.05)",10.510875,1.0
211,SQL_FIRST,"[0.00,0.05)",7.161208,1.0
211,VECTOR_FIRST_HNSW,"[0.00,0.05)",22.62825,0.4
211,HNSW_HYBRID,"[0.00,0.05)",7.404667,1.0
211,IVFFLAT_HYBRID,"[0.00,0.05)",6.733875,1.0
214,SQL_FIRST,"[0.00,0.05)",10.388333,1.0
214,VECTOR_FIRST_HNSW,"[0.00,0.05)",22.641,0.3
214,HNSW_HYBRID,"[0.00,0.05)",10.914,1.0
214,IVFFLAT_HYBRID,"[0.00,0.05)",10.162,1.0
215,SQL_FIRST,"[0.00,0.05)",7.511792,1.0
215,VECTOR_FIRST_HNSW,"[0.00,0.05)",22.724792,0.3
215,HNSW_HYBRID,"[0.00,0.05)",7.787583,1.0
215,IVFFLAT_HYBRID,"[0.00,0.05)",6.923167,1.0
216,SQL_FIRST,"[0.00,0.05)",4.91175,1.0
216,VECTOR_FIRST_HNSW,"[0.00,0.05)",22.695709,0.1
216,HNSW_HYBRID,"[0.00,0.05)",5.158792,1.0
216,IVFFLAT_HYBRID,"[0.00,0.05)",4.623583,1.0
217,SQL_FIRST,"[0.00,0.05)",8.927875,1.0
217,VECTOR_FIRST_HNSW,"[0.00,0.05)",22.693458,0.1
217,HNSW_HYBRID,"[0.00,0.05)",9.169041,1.0
217,IVFFLAT_HYBRID,"[0.00,0.05)",8.543125,1.0
218,SQL_FIRST,"[0.00,0.05)",9.251417,1.0
218,VECTOR_FIRST_HNSW,"[0.00,0.05)",22.733333,0.6
218,HNSW_HYBRID,"[0.00,0.05)",9.585916,1.0
218,IVFFLAT_HYBRID,"[0.00,0.05)",9.206667,1.0
220,SQL_FIRST,"[0.00,0.05)",9.070875,1.0
220,VECTOR_FIRST_HNSW,"[0.00,0.05)",22.738875,0.7
220,HNSW_HYBRID,"[0.00,0.05)",9.238792,1.0
220,IVFFLAT_HYBRID,"[0.00,0.05)",9.057833,1.0
222,SQL_FIRST,"[0.00,0.05)",9.6155,1.0
222,VECTOR_FIRST_HNSW,"[0.00,0.05)",22.580291,0.3
222,HNSW_HYBRID,"[0.00,0.05)",9.411833,1.0
222,IVFFLAT_HYBRID,"[0.00,0.05)",8.812125,1.0
224,SQL_FIRST,"[0.00,0.05)",9.011208,1.0
224,VECTOR_FIRST_HNSW,"[0.00,0.05)",22.662958,0.4
224,HNSW_HYBRID,"[0.00,0.05)",9.168,1.0
224,IVFFLAT_HYBRID,"[0.00,0.05)",8.529625,1.0
225,SQL_FIRST,"[0.00,0.05)",8.8075,1.0
225,VECTOR_FIRST_HNSW,"[0.00,0.05)",22.715375,0.3
225,HNSW_HYBRID,"[0.00,0.05)",9.074625,1.0
225,IVFFLAT_HYBRID,"[0.00,0.05)",8.377541,1.0
226,SQL_FIRST,"[0.00,0.05)",6.029125,1.0
226,VECTOR_FIRST_HNSW,"[0.00,0.05)",22.605166,0.0
226,HNSW_HYBRID,"[0.00,0.05)",6.13425,1.0
226,IVFFLAT_HYBRID,"[0.00,0.05)",5.616875,1.0
231,SQL_FIRST,"[0.00,0.05)",9.456041,1.0
231,VECTOR_FIRST_HNSW,"[0.00,0.05)",22.745167,0.4
231,HNSW_HYBRID,"[0.00,0.05)",9.808125,1.0
231,IVFFLAT_HYBRID,"[0.00,0.05)",9.330417,1.0
235,SQL_FIRST,"[0.00,0.05)",9.307959,1.0
235,VECTOR_FIRST_HNSW,"[0.00,0.05)",22.757416,0.4
235,HNSW_HYBRID,"[0.00,0.05)",9.5045,1.0
235,IVFFLAT_HYBRID,"[0.00,0.05)",8.880125,1.0
239,SQL_FIRST,"[0.00,0.05)",9.12,1.0
239,VECTOR_FIRST_HNSW,"[0.00,0.05)",22.737708,0.5
239,HNSW_HYBRID,"[0.00,0.05)",9.407166,1.0
239,IVFFLAT_HYBRID,"[0.00,0.05)",8.611666,1.0
241,SQL_FIRST,"[0.00,0.05)",6.726542,1.0
241,VECTOR_FIRST_HNSW,"[0.00,0.05)",22.691667,0.1
241,HNSW_HYBRID,"[0.00,0.05)",6.847375,1.0
241,IVFFLAT_HYBRID,"[0.00,0.05)",6.070541,1.0
242,SQL_FIRST,"[0.00,0.05)",7.755833,1.0
242,VECTOR_FIRST_HNSW,"[0.00,0.05)",22.69875,0.1
242,HNSW_HYBRID,"[0.00,0.05)",8.020791,1.0
242,IVFFLAT_HYBRID,"[0.00,0.05)",7.458083,1.0
244,SQL_FIRST,"[0.00,0.05)",7.470375,1.0
244,VECTOR_FIRST_HNSW,"[0.00,0.05)",22.738167,0.2
244,HNSW_HYBRID,"[0.00,0.05)",7.781166,1.0
244,IVFFLAT_HYBRID,"[0.00,0.05)",7.134542,1.0
245,SQL_FIRST,"[0.00,0.05)",8.698833,1.0
245,VECTOR_FIRST_HNSW,"[0.00,0.05)",22.826125,0.7
245,HNSW_HYBRID,"[0.00,0.05)",9.194875,1.0
245,IVFFLAT_HYBRID,"[0.00,0.05)",9.295958,1.0
246,SQL_FIRST,"[0.00,0.05)",10.418541,1.0
246,VECTOR_FIRST_HNSW,"[0.00,0.05)",23.084417,0.3
246,HNSW_HYBRID,"[0.00,0.05)",9.173375,1.0
246,IVFFLAT_HYBRID,"[0.00,0.05)",9.00125,1.0
247,SQL_FIRST,"[0.00,0.05)",8.887709,1.0
247,VECTOR_FIRST_HNSW,"[0.00,0.05)",22.862125,0.6
247,HNSW_HYBRID,"[0.00,0.05)",9.20725,1.0
247,IVFFLAT_HYBRID,"[0.00,0.05)",8.968167,1.0
248,SQL_FIRST,"[0.00,0.05)",9.748791,1.0
248,VECTOR_FIRST_HNSW,"[0.00,0.05)",22.80375,0.3
248,HNSW_HYBRID,"[0.00,0.05)",9.921792,1.0
248,IVFFLAT_HYBRID,"[0.00,0.05)",9.370625,1.0
249,SQL_FIRST,"[0.00,0.05)",9.299458,1.0
249,VECTOR_FIRST_HNSW,"[0.00,0.05)",22.773958,0.2
249,HNSW_HYBRID,"[0.00,0.05)",9.892375,1.0
249,IVFFLAT_HYBRID,"[0.00,0.05)",9.301583,1.0
250,SQL_FIRST,"[0.00,0.05)",9.008959,1.0
250,VECTOR_FIRST_HNSW,"[0.00,0.05)",22.760791,0.2
250,HNSW_HYBRID,"[0.00,0.05)",9.230209,1.0
250,IVFFLAT_HYBRID,"[0.00,0.05)",8.909,1.0
251,SQL_FIRST,"[0.00,0.05)",5.991333,1.0
251,VECTOR_FIRST_HNSW,"[0.00,0.05)",22.706167,0.2
251,HNSW_HYBRID,"[0.00,0.05)",6.087417,1.0
251,IVFFLAT_HYBRID,"[0.00,0.05)",5.444041,1.0
252,SQL_FIRST,"[0.00,0.05)",9.321458,1.0
252,VECTOR_FIRST_HNSW,"[0.00,0.05)",22.635459,0.6
252,HNSW_HYBRID,"[0.00,0.05)",9.582083,1.0
252,IVFFLAT_HYBRID,"[0.00,0.05)",9.124041,1.0
253,SQL_FIRST,"[0.00,0.05)",8.443667,1.0
253,VECTOR_FIRST_HNSW,"[0.00,0.05)",22.796166,0.0
253,HNSW_HYBRID,"[0.00,0.05)",8.6355,1.0
253,IVFFLAT_HYBRID,"[0.00,0.05)",7.965875,1.0
256,SQL_FIRST,"[0.00,0.05)",8.407917,1.0
256,VECTOR_FIRST_HNSW,"[0.00,0.05)",22.790917,0.2
256,HNSW_HYBRID,"[0.00,0.05)",9.165333,1.0
256,IVFFLAT_HYBRID,"[0.00,0.05)",8.959875,1.0
261,SQL_FIRST,"[0.00,0.05)",4.4365,1.0
261,VECTOR_FIRST_HNSW,"[0.00,0.05)",22.661,0.0
261,HNSW_HYBRID,"[0.00,0.05)",4.700541,1.0
261,IVFFLAT_HYBRID,"[0.00,0.05)",4.183834,1.0
263,SQL_FIRST,"[0.00,0.05)",9.154583,1.0
263,VECTOR_FIRST_HNSW,"[0.00,0.05)",22.856375,0.5
263,HNSW_HYBRID,"[0.00,0.05)",9.379208,1.0
263,IVFFLAT_HYBRID,"[0.00,0.05)",8.911208,1.0
264,SQL_FIRST,"[0.00,0.05)",7.529791,1.0
264,VECTOR_FIRST_HNSW,"[0.00,0.05)",22.647167,0.2
264,HNSW_HYBRID,"[0.00,0.05)",7.562583,1.0
264,IVFFLAT_HYBRID,"[0.00,0.05)",6.970834,1.0
269,SQL_FIRST,"[0.00,0.05)",4.511209,1.0
269,VECTOR_FIRST_HNSW,"[0.00,0.05)",23.115666,0.0
269,HNSW_HYBRID,"[0.00,0.05)",4.610541,1.0
269,IVFFLAT_HYBRID,"[0.00,0.05)",4.194167,1.0
270,SQL_FIRST,"[0.00,0.05)",9.1795,1.0
270,VECTOR_FIRST_HNSW,"[0.00,0.05)",22.963791,0.1
270,HNSW_HYBRID,"[0.00,0.05)",9.513875,1.0
270,IVFFLAT_HYBRID,"[0.00,0.05)",8.807083,1.0
271,SQL_FIRST,"[0.00,0.05)",9.754042,1.0
271,VECTOR_FIRST_HNSW,"[0.00,0.05)",22.777917,0.3
271,HNSW_HYBRID,"[0.00,0.05)",9.921417,1.0
271,IVFFLAT_HYBRID,"[0.00,0.05)",9.332292,1.0
273,SQL_FIRST,"[0.00,0.05)",8.933333,1.0
273,VECTOR_FIRST_HNSW,"[0.00,0.05)",22.773666,0.5
273,HNSW_HYBRID,"[0.00,0.05)",9.103667,1.0
273,IVFFLAT_HYBRID,"[0.00,0.05)",8.818958,1.0
274,SQL_FIRST,"[0.00,0.05)",10.5215,1.0
274,VECTOR_FIRST_HNSW,"[0.00,0.05)",22.710834,0.8
274,HNSW_HYBRID,"[0.00,0.05)",10.72575,1.0
274,IVFFLAT_HYBRID,"[0.00,0.05)",10.232458,1.0
276,SQL_FIRST,"[0.00,0.05)",9.365458,1.0
276,VECTOR_FIRST_HNSW,"[0.00,0.05)",22.815583,0.8
276,HNSW_HYBRID,"[0.00,0.05)",9.616292,1.0
276,IVFFLAT_HYBRID,"[0.00,0.05)",9.172584,1.0
278,SQL_FIRST,"[0.00,0.05)",7.910417,1.0
278,VECTOR_FIRST_HNSW,"[0.00,0.05)",22.717375,0.1
278,HNSW_HYBRID,"[0.00,0.05)",8.036666,1.0
278,IVFFLAT_HYBRID,"[0.00,0.05)",7.224375,1.0
279,SQL_FIRST,"[0.00,0.05)",7.023291,1.0
279,VECTOR_FIRST_HNSW,"[0.00,0.05)",22.712958,0.1
279,HNSW_HYBRID,"[0.00,0.05)",20.629333,1.0
279,IVFFLAT_HYBRID,"[0.00,0.05)",10.28425,1.0
280,SQL_FIRST,"[0.00,0.05)",15.533291,1.0
280,VECTOR_FIRST_HNSW,"[0.00,0.05)",24.983625,0.2
280,HNSW_HYBRID,"[0.00,0.05)",8.326709,1.0
280,IVFFLAT_HYBRID,"[0.00,0.05)",7.937875,1.0
283,SQL_FIRST,"[0.00,0.05)",4.750125,1.0
283,VECTOR_FIRST_HNSW,"[0.00,0.05)",23.384416,0.0
283,HNSW_HYBRID,"[0.00,0.05)",4.387083,1.0
283,IVFFLAT_HYBRID,"[0.00,0.05)",3.98125,1.0
285,SQL_FIRST,"[0.00,0.05)",9.837875,1.0
285,VECTOR_FIRST_HNSW,"[0.00,0.05)",22.934541,0.3
285,HNSW_HYBRID,"[0.00,0.05)",10.003,1.0
285,IVFFLAT_HYBRID,"[0.00,0.05)",9.481625,1.0
286,SQL_FIRST,"[0.00,0.05)",8.988916,1.0
286,VECTOR_FIRST_HNSW,"[0.00,0.05)",23.036709,0.3
286,HNSW_HYBRID,"[0.00,0.05)",9.296834,1.0
286,IVFFLAT_HYBRID,"[0.00,0.05)",9.102208,1.0
288,SQL_FIRST,"[0.00,0.05)",10.778834,1.0
288,VECTOR_FIRST_HNSW,"[0.00,0.05)",23.194834,0.3
288,HNSW_HYBRID,"[0.00,0.05)",10.924708,1.0
288,IVFFLAT_HYBRID,"[0.00,0.05)",10.841916,1.0
289,SQL_FIRST,"[0.00,0.05)",7.494792,1.0
289,VECTOR_FIRST_HNSW,"[0.00,0.05)",22.703833,0.3
289,HNSW_HYBRID,"[0.00,0.05)",7.672375,1.0
289,IVFFLAT_HYBRID,"[0.00,0.05)",7.004042,1.0
290,SQL_FIRST,"[0.00,0.05)",8.299417,1.0
290,VECTOR_FIRST_HNSW,"[0.00,0.05)",22.710291,0.4
290,HNSW_HYBRID,"[0.00,0.05)",8.680167,1.0
290,IVFFLAT_HYBRID,"[0.00,0.05)",8.083541,1.0
291,SQL_FIRST,"[0.00,0.05)",4.670459,1.0
291,VECTOR_FIRST_HNSW,"[0.00,0.05)",22.709167,0.2
291,HNSW_HYBRID,"[0.00,0.05)",4.888333,1.0
291,IVFFLAT_HYBRID,"[0.00,0.05)",4.371541,1.0
292,SQL_FIRST,"[0.00,0.05)",6.383292,1.0
292,VECTOR_FIRST_HNSW,"[0.00,0.05)",23.14875,0.3
292,HNSW_HYBRID,"[0.00,0.05)",6.636041,1.0
292,IVFFLAT_HYBRID,"[0.00,0.05)",5.884334,1.0
293,SQL_FIRST,"[0.00,0.05)",8.742875,1.0
293,VECTOR_FIRST_HNSW,"[0.00,0.05)",22.713375,0.1
293,HNSW_HYBRID,"[0.00,0.05)",8.861458,1.0
293,IVFFLAT_HYBRID,"[0.00,0.05)",8.347,1.0
297,SQL_FIRST,"[0.00,0.05)",8.9255,1.0
297,VECTOR_FIRST_HNSW,"[0.00,0.05)",22.710417,0.3
297,HNSW_HYBRID,"[0.00,0.05)",9.133083,1.0
297,IVFFLAT_HYBRID,"[0.00,0.05)",8.533708,1.0
299,SQL_FIRST,"[0.00,0.05)",9.000042,1.0
299,VECTOR_FIRST_HNSW,"[0.00,0.05)",22.823125,0.4
299,HNSW_HYBRID,"[0.00,0.05)",9.273542,1.0
299,IVFFLAT_HYBRID,"[0.00,0.05)",8.593625,1.0
300,SQL_FIRST,"[0.00,0.05)",8.849583,1.0
300,VECTOR_FIRST_HNSW,"[0.00,0.05)",22.833042,0.4
300,HNSW_HYBRID,"[0.00,0.05)",9.073958,1.0
300,IVFFLAT_HYBRID,"[0.00,0.05)",8.449584,1.0
305,SQL_FIRST,"[0.00,0.05)",9.296041,1.0
305,VECTOR_FIRST_HNSW,"[0.00,0.05)",22.697583,0.2
305,HNSW_HYBRID,"[0.00,0.05)",9.424458,1.0
305,IVFFLAT_HYBRID,"[0.00,0.05)",8.80525,1.0
306,SQL_FIRST,"[0.00,0.05)",8.947959,1.0
306,VECTOR_FIRST_HNSW,"[0.00,0.05)",22.742625,0.3
306,HNSW_HYBRID,"[0.00,0.05)",9.106833,1.0
306,IVFFLAT_HYBRID,"[0.00,0.05)",8.452584,1.0
307,SQL_FIRST,"[0.00,0.05)",9.358584,1.0
307,VECTOR_FIRST_HNSW,"[0.00,0.05)",22.7565,0.4
307,HNSW_HYBRID,"[0.00,0.05)",9.927292,1.0
307,IVFFLAT_HYBRID,"[0.00,0.05)",9.428333,1.0
308,SQL_FIRST,"[0.00,0.05)",8.872125,1.0
308,VECTOR_FIRST_HNSW,"[0.00,0.05)",22.649625,0.5
308,HNSW_HYBRID,"[0.00,0.05)",9.109416,1.0
308,IVFFLAT_HYBRID,"[0.00,0.05)",8.672542,1.0
309,SQL_FIRST,"[0.00,0.05)",10.638958,1.0
309,VECTOR_FIRST_HNSW,"[0.00,0.05)",22.703416,0.1
309,HNSW_HYBRID,"[0.00,0.05)",10.810708,1.0
309,IVFFLAT_HYBRID,"[0.00,0.05)",10.111542,1.0
311,SQL_FIRST,"[0.00,0.05)",9.283667,1.0
311,VECTOR_FIRST_HNSW,"[0.00,0.05)",22.629125,0.9
311,HNSW_HYBRID,"[0.00,0.05)",9.528459,1.0
311,IVFFLAT_HYBRID,"[0.00,0.05)",8.878209,1.0
317,SQL_FIRST,"[0.00,0.05)",6.349125,1.0
317,VECTOR_FIRST_HNSW,"[0.00,0.05)",22.640292,0.0
317,HNSW_HYBRID,"[0.00,0.05)",6.594417,1.0
317,IVFFLAT_HYBRID,"[0.00,0.05)",5.958958,1.0
319,SQL_FIRST,"[0.00,0.05)",9.908666,1.0
319,VECTOR_FIRST_HNSW,"[0.00,0.05)",22.796333,0.0
319,HNSW_HYBRID,"[0.00,0.05)",9.940125,1.0
319,IVFFLAT_HYBRID,"[0.00,0.05)",9.392625,1.0
321,SQL_FIRST,"[0.00,0.05)",6.974041,1.0
321,VECTOR_FIRST_HNSW,"[0.00,0.05)",23.565375,0.0
321,HNSW_HYBRID,"[0.00,0.05)",7.75725,1.0
321,IVFFLAT_HYBRID,"[0.00,0.05)",6.4915,1.0
323,SQL_FIRST,"[0.00,0.05)",5.8035,1.0
323,VECTOR_FIRST_HNSW,"[0.00,0.05)",23.269958,0.2
323,HNSW_HYBRID,"[0.00,0.05)",5.515417,1.0
323,IVFFLAT_HYBRID,"[0.00,0.05)",5.395666,1.0
325,SQL_FIRST,"[0.00,0.05)",8.420625,1.0
325,VECTOR_FIRST_HNSW,"[0.00,0.05)",22.691958,0.2
325,HNSW_HYBRID,"[0.00,0.05)",8.697584,1.0
325,IVFFLAT_HYBRID,"[0.00,0.05)",8.092959,1.0
328,SQL_FIRST,"[0.00,0.05)",8.66625,1.0
328,VECTOR_FIRST_HNSW,"[0.00,0.05)",22.798334,0.1
328,HNSW_HYBRID,"[0.00,0.05)",8.915541,1.0
328,IVFFLAT_HYBRID,"[0.00,0.05)",8.4215,1.0
330,SQL_FIRST,"[0.00,0.05)",9.097459,1.0
330,VECTOR_FIRST_HNSW,"[0.00,0.05)",22.722375,0.1
330,HNSW_HYBRID,"[0.00,0.05)",9.327583,1.0
330,IVFFLAT_HYBRID,"[0.00,0.05)",9.104709,1.0
335,SQL_FIRST,"[0.00,0.05)",9.678083,1.0
335,VECTOR_FIRST_HNSW,"[0.00,0.05)",22.730708,0.2
335,HNSW_HYBRID,"[0.00,0.05)",10.116084,1.0
335,IVFFLAT_HYBRID,"[0.00,0.05)",9.416375,1.0
337,SQL_FIRST,"[0.00,0.05)",8.849958,1.0
337,VECTOR_FIRST_HNSW,"[0.00,0.05)",22.892375,0.5
337,HNSW_HYBRID,"[0.00,0.05)",9.091333,1.0
337,IVFFLAT_HYBRID,"[0.00,0.05)",8.686916,1.0
339,SQL_FIRST,"[0.00,0.05)",7.029208,1.0
339,VECTOR_FIRST_HNSW,"[0.00,0.05)",22.787375,0.0
339,HNSW_HYBRID,"[0.00,0.05)",6.871834,1.0
339,IVFFLAT_HYBRID,"[0.00,0.05)",6.126792,1.0
340,SQL_FIRST,"[0.00,0.05)",4.706917,1.0
340,VECTOR_FIRST_HNSW,"[0.00,0.05)",22.813833,0.2
340,HNSW_HYBRID,"[0.00,0.05)",4.978042,1.0
340,IVFFLAT_HYBRID,"[0.00,0.05)",4.485708,1.0
341,SQL_FIRST,"[0.00,0.05)",4.770666,1.0
341,VECTOR_FIRST_HNSW,"[0.00,0.05)",22.694625,0.1
341,HNSW_HYBRID,"[0.00,0.05)",4.806417,1.0
341,IVFFLAT_HYBRID,"[0.00,0.05)",4.410042,1.0
342,SQL_FIRST,"[0.00,0.05)",9.61025,1.0
342,VECTOR_FIRST_HNSW,"[0.00,0.05)",22.723,0.3
342,HNSW_HYBRID,"[0.00,0.05)",9.871709,1.0
342,IVFFLAT_HYBRID,"[0.00,0.05)",9.328375,1.0
346,SQL_FIRST,"[0.00,0.05)",9.479709,1.0
346,VECTOR_FIRST_HNSW,"[0.00,0.05)",22.665125,0.3
346,HNSW_HYBRID,"[0.00,0.05)",9.857292,1.0
346,IVFFLAT_HYBRID,"[0.00,0.05)",9.301084,1.0
347,SQL_FIRST,"[0.00,0.05)",4.656,1.0
347,VECTOR_FIRST_HNSW,"[0.00,0.05)",22.619875,0.0
347,HNSW_HYBRID,"[0.00,0.05)",4.883125,1.0
347,IVFFLAT_HYBRID,"[0.00,0.05)",4.412375,1.0
350,SQL_FIRST,"[0.00,0.05)",8.69925,1.0
350,VECTOR_FIRST_HNSW,"[0.00,0.05)",22.682375,0.5
350,HNSW_HYBRID,"[0.00,0.05)",8.991125,1.0
350,IVFFLAT_HYBRID,"[0.00,0.05)",8.14075,1.0
357,SQL_FIRST,"[0.00,0.05)",10.832542,1.0
357,VECTOR_FIRST_HNSW,"[0.00,0.05)",22.835833,0.2
357,HNSW_HYBRID,"[0.00,0.05)",10.967625,1.0
357,IVFFLAT_HYBRID,"[0.00,0.05)",10.639958,1.0
358,SQL_FIRST,"[0.00,0.05)",9.179375,1.0
358,VECTOR_FIRST_HNSW,"[0.00,0.05)",22.729333,0.1
358,HNSW_HYBRID,"[0.00,0.05)",9.553708,1.0
358,IVFFLAT_HYBRID,"[0.00,0.05)",9.333709,1.0
359,SQL_FIRST,"[0.00,0.05)",7.607,1.0
359,VECTOR_FIRST_HNSW,"[0.00,0.05)",22.613,0.1
359,HNSW_HYBRID,"[0.00,0.05)",7.394625,1.0
359,IVFFLAT_HYBRID,"[0.00,0.05)",6.835041,1.0
361,SQL_FIRST,"[0.00,0.05)",5.592166,1.0
361,VECTOR_FIRST_HNSW,"[0.00,0.05)",22.71175,0.0
361,HNSW_HYBRID,"[0.00,0.05)",5.853375,1.0
361,IVFFLAT_HYBRID,"[0.00,0.05)",5.234792,1.0
363,SQL_FIRST,"[0.00,0.05)",10.762458,1.0
363,VECTOR_FIRST_HNSW,"[0.00,0.05)",22.715208,0.4
363,HNSW_HYBRID,"[0.00,0.05)",10.955,1.0
363,IVFFLAT_HYBRID,"[0.00,0.05)",10.51675,1.0
364,SQL_FIRST,"[0.00,0.05)",8.848583,1.0
364,VECTOR_FIRST_HNSW,"[0.00,0.05)",22.70575,0.2
364,HNSW_HYBRID,"[0.00,0.05)",8.940958,1.0
364,IVFFLAT_HYBRID,"[0.00,0.05)",8.314416,1.0
367,SQL_FIRST,"[0.00,0.05)",9.147125,1.0
367,VECTOR_FIRST_HNSW,"[0.00,0.05)",22.694291,0.4
367,HNSW_HYBRID,"[0.00,0.05)",9.3485,1.0
367,IVFFLAT_HYBRID,"[0.00,0.05)",8.873542,1.0
370,SQL_FIRST,"[0.00,0.05)",8.253917,1.0
370,VECTOR_FIRST_HNSW,"[0.00,0.05)",22.754042,0.1
370,HNSW_HYBRID,"[0.00,0.05)",8.47125,1.0
370,IVFFLAT_HYBRID,"[0.00,0.05)",7.679125,1.0
372,SQL_FIRST,"[0.00,0.05)",10.2185,1.0
372,VECTOR_FIRST_HNSW,"[0.00,0.05)",22.6575,0.5
372,HNSW_HYBRID,"[0.00,0.05)",10.615,1.0
372,IVFFLAT_HYBRID,"[0.00,0.05)",10.106125,1.0
374,SQL_FIRST,"[0.00,0.05)",8.867042,1.0
374,VECTOR_FIRST_HNSW,"[0.00,0.05)",22.872417,0.7
374,HNSW_HYBRID,"[0.00,0.05)",9.041,1.0
374,IVFFLAT_HYBRID,"[0.00,0.05)",8.481708,1.0
375,SQL_FIRST,"[0.00,0.05)",10.670292,1.0
375,VECTOR_FIRST_HNSW,"[0.00,0.05)",22.782208,0.4
375,HNSW_HYBRID,"[0.00,0.05)",10.871,1.0
375,IVFFLAT_HYBRID,"[0.00,0.05)",10.465959,1.0
376,SQL_FIRST,"[0.00,0.05)",9.161166,1.0
376,VECTOR_FIRST_HNSW,"[0.00,0.05)",22.692334,0.7
376,HNSW_HYBRID,"[0.00,0.05)",9.419041,1.0
376,IVFFLAT_HYBRID,"[0.00,0.05)",8.918125,1.0
377,SQL_FIRST,"[0.00,0.05)",9.241459,1.0
377,VECTOR_FIRST_HNSW,"[0.00,0.05)",22.815917,0.6
377,HNSW_HYBRID,"[0.00,0.05)",9.42975,1.0
377,IVFFLAT_HYBRID,"[0.00,0.05)",9.158958,1.0
378,SQL_FIRST,"[0.00,0.05)",9.763834,1.0
378,VECTOR_FIRST_HNSW,"[0.00,0.05)",22.745041,0.1
378,HNSW_HYBRID,"[0.00,0.05)",9.939667,1.0
378,IVFFLAT_HYBRID,"[0.00,0.05)",9.309417,1.0
379,SQL_FIRST,"[0.00,0.05)",8.617208,1.0
379,VECTOR_FIRST_HNSW,"[0.00,0.05)",22.781583,0.1
379,HNSW_HYBRID,"[0.00,0.05)",8.81025,1.0
379,IVFFLAT_HYBRID,"[0.00,0.05)",8.375084,1.0
381,SQL_FIRST,"[0.00,0.05)",9.924292,1.0
381,VECTOR_FIRST_HNSW,"[0.00,0.05)",22.825458,0.3
381,HNSW_HYBRID,"[0.00,0.05)",10.116625,1.0
381,IVFFLAT_HYBRID,"[0.00,0.05)",9.636541,1.0
383,SQL_FIRST,"[0.00,0.05)",8.828542,1.0
383,VECTOR_FIRST_HNSW,"[0.00,0.05)",22.806083,0.3
383,HNSW_HYBRID,"[0.00,0.05)",9.101792,1.0
383,IVFFLAT_HYBRID,"[0.00,0.05)",8.46375,1.0
384,SQL_FIRST,"[0.00,0.05)",8.987167,1.0
384,VECTOR_FIRST_HNSW,"[0.00,0.05)",22.667875,0.4
384,HNSW_HYBRID,"[0.00,0.05)",9.3625,1.0
384,IVFFLAT_HYBRID,"[0.00,0.05)",8.546917,1.0
386,SQL_FIRST,"[0.00,0.05)",9.110292,1.0
386,VECTOR_FIRST_HNSW,"[0.00,0.05)",22.758916,0.5
386,HNSW_HYBRID,"[0.00,0.05)",9.371167,1.0
386,IVFFLAT_HYBRID,"[0.00,0.05)",8.717083,1.0
387,SQL_FIRST,"[0.00,0.05)",7.887375,1.0
387,VECTOR_FIRST_HNSW,"[0.00,0.05)",22.639666,0.4
387,HNSW_HYBRID,"[0.00,0.05)",8.013917,1.0
387,IVFFLAT_HYBRID,"[0.00,0.05)",7.367667,1.0
391,SQL_FIRST,"[0.00,0.05)",5.544833,1.0
391,VECTOR_FIRST_HNSW,"[0.00,0.05)",22.66775,0.1
391,HNSW_HYBRID,"[0.00,0.05)",5.699166,1.0
391,IVFFLAT_HYBRID,"[0.00,0.05)",5.247833,1.0
392,SQL_FIRST,"[0.00,0.05)",9.108458,1.0
392,VECTOR_FIRST_HNSW,"[0.00,0.05)",22.778959,0.7
392,HNSW_HYBRID,"[0.00,0.05)",9.4285,1.0
392,IVFFLAT_HYBRID,"[0.00,0.05)",9.008708,1.0
394,SQL_FIRST,"[0.00,0.05)",9.316875,1.0
394,VECTOR_FIRST_HNSW,"[0.00,0.05)",22.620583,0.5
394,HNSW_HYBRID,"[0.00,0.05)",9.473625,1.0
394,IVFFLAT_HYBRID,"[0.00,0.05)",8.928834,1.0
396,SQL_FIRST,"[0.00,0.05)",6.326959,1.0
396,VECTOR_FIRST_HNSW,"[0.00,0.05)",22.97025,0.2
396,HNSW_HYBRID,"[0.00,0.05)",6.442667,1.0
396,IVFFLAT_HYBRID,"[0.00,0.05)",5.888,1.0
397,SQL_FIRST,"[0.00,0.05)",9.123,1.0
397,VECTOR_FIRST_HNSW,"[0.00,0.05)",22.755125,0.5
397,HNSW_HYBRID,"[0.00,0.05)",9.402541,1.0
397,IVFFLAT_HYBRID,"[0.00,0.05)",9.033959,1.0
402,SQL_FIRST,"[0.00,0.05)",4.35575,1.0
402,VECTOR_FIRST_HNSW,"[0.00,0.05)",22.740833,0.1
402,HNSW_HYBRID,"[0.00,0.05)",4.367708,1.0
402,IVFFLAT_HYBRID,"[0.00,0.05)",4.044417,1.0
405,SQL_FIRST,"[0.00,0.05)",8.013084,1.0
405,VECTOR_FIRST_HNSW,"[0.00,0.05)",22.700333,0.4
405,HNSW_HYBRID,"[0.00,0.05)",8.389458,1.0
405,IVFFLAT_HYBRID,"[0.00,0.05)",7.482959,1.0
406,SQL_FIRST,"[0.00,0.05)",9.025208,1.0
406,VECTOR_FIRST_HNSW,"[0.00,0.05)",22.729666,0.4
406,HNSW_HYBRID,"[0.00,0.05)",9.316166,1.0
406,IVFFLAT_HYBRID,"[0.00,0.05)",8.705,1.0
407,SQL_FIRST,"[0.00,0.05)",10.588959,1.0
407,VECTOR_FIRST_HNSW,"[0.00,0.05)",22.673,0.4
407,HNSW_HYBRID,"[0.00,0.05)",10.920833,1.0
407,IVFFLAT_HYBRID,"[0.00,0.05)",11.563792,1.0
410,SQL_FIRST,"[0.00,0.05)",6.930375,1.0
410,VECTOR_FIRST_HNSW,"[0.00,0.05)",24.06575,0.0
410,HNSW_HYBRID,"[0.00,0.05)",6.579125,1.0
410,IVFFLAT_HYBRID,"[0.00,0.05)",5.868125,1.0
412,SQL_FIRST,"[0.00,0.05)",9.807834,1.0
412,VECTOR_FIRST_HNSW,"[0.00,0.05)",23.057625,0.3
412,HNSW_HYBRID,"[0.00,0.05)",9.848917,1.0
412,IVFFLAT_HYBRID,"[0.00,0.05)",9.343125,1.0
413,SQL_FIRST,"[0.00,0.05)",8.382292,1.0
413,VECTOR_FIRST_HNSW,"[0.00,0.05)",22.954375,0.0
413,HNSW_HYBRID,"[0.00,0.05)",9.039709,1.0
413,IVFFLAT_HYBRID,"[0.00,0.05)",8.426084,1.0
414,SQL_FIRST,"[0.00,0.05)",7.9905,1.0
414,VECTOR_FIRST_HNSW,"[0.00,0.05)",22.748042,0.1
414,HNSW_HYBRID,"[0.00,0.05)",8.402959,1.0
414,IVFFLAT_HYBRID,"[0.00,0.05)",8.083084,1.0
415,SQL_FIRST,"[0.00,0.05)",10.790875,1.0
415,VECTOR_FIRST_HNSW,"[0.00,0.05)",23.123375,0.2
415,HNSW_HYBRID,"[0.00,0.05)",11.056125,1.0
415,IVFFLAT_HYBRID,"[0.00,0.05)",10.646125,1.0
416,SQL_FIRST,"[0.00,0.05)",6.808917,1.0
416,VECTOR_FIRST_HNSW,"[0.00,0.05)",22.665333,0.0
416,HNSW_HYBRID,"[0.00,0.05)",6.885625,1.0
416,IVFFLAT_HYBRID,"[0.00,0.05)",6.374875,1.0
417,SQL_FIRST,"[0.00,0.05)",10.475792,1.0
417,VECTOR_FIRST_HNSW,"[0.00,0.05)",22.725375,0.3
417,HNSW_HYBRID,"[0.00,0.05)",10.801125,1.0
417,IVFFLAT_HYBRID,"[0.00,0.05)",10.149334,1.0
418,SQL_FIRST,"[0.00,0.05)",7.193375,1.0
418,VECTOR_FIRST_HNSW,"[0.00,0.05)",22.671125,0.0
418,HNSW_HYBRID,"[0.00,0.05)",7.529,1.0
418,IVFFLAT_HYBRID,"[0.00,0.05)",6.653792,1.0
419,SQL_FIRST,"[0.00,0.05)",9.200292,1.0
419,VECTOR_FIRST_HNSW,"[0.00,0.05)",22.710708,0.4
419,HNSW_HYBRID,"[0.00,0.05)",9.502084,1.0
419,IVFFLAT_HYBRID,"[0.00,0.05)",8.90575,1.0
420,SQL_FIRST,"[0.00,0.05)",8.756458,1.0
420,VECTOR_FIRST_HNSW,"[0.00,0.05)",22.821792,0.4
420,HNSW_HYBRID,"[0.00,0.05)",8.99125,1.0
420,IVFFLAT_HYBRID,"[0.00,0.05)",8.353625,1.0
421,SQL_FIRST,"[0.00,0.05)",7.847708,1.0
421,VECTOR_FIRST_HNSW,"[0.00,0.05)",22.846125,0.2
421,HNSW_HYBRID,"[0.00,0.05)",8.07925,1.0
421,IVFFLAT_HYBRID,"[0.00,0.05)",7.360875,1.0
423,SQL_FIRST,"[0.00,0.05)",10.248417,1.0
423,VECTOR_FIRST_HNSW,"[0.00,0.05)",22.767209,0.4
423,HNSW_HYBRID,"[0.00,0.05)",10.520209,1.0
423,IVFFLAT_HYBRID,"[0.00,0.05)",10.04175,1.0
424,SQL_FIRST,"[0.00,0.05)",4.993167,1.0
424,VECTOR_FIRST_HNSW,"[0.00,0.05)",22.594125,0.1
424,HNSW_HYBRID,"[0.00,0.05)",5.311916,1.0
424,IVFFLAT_HYBRID,"[0.00,0.05)",4.687,1.0
425,SQL_FIRST,"[0.00,0.05)",7.277917,1.0
425,VECTOR_FIRST_HNSW,"[0.00,0.05)",22.694375,0.1
425,HNSW_HYBRID,"[0.00,0.05)",7.533333,1.0
425,IVFFLAT_HYBRID,"[0.00,0.05)",6.865625,1.0
429,SQL_FIRST,"[0.00,0.05)",8.702708,1.0
429,VECTOR_FIRST_HNSW,"[0.00,0.05)",22.82025,0.4
429,HNSW_HYBRID,"[0.00,0.05)",8.957375,1.0
429,IVFFLAT_HYBRID,"[0.00,0.05)",8.517,1.0
430,SQL_FIRST,"[0.00,0.05)",8.718208,1.0
430,VECTOR_FIRST_HNSW,"[0.00,0.05)",22.702584,0.1
430,HNSW_HYBRID,"[0.00,0.05)",9.012334,1.0
430,IVFFLAT_HYBRID,"[0.00,0.05)",8.473875,1.0
432,SQL_FIRST,"[0.00,0.05)",7.478416,1.0
432,VECTOR_FIRST_HNSW,"[0.00,0.05)",22.708583,0.2
432,HNSW_HYBRID,"[0.00,0.05)",7.67375,1.0
432,IVFFLAT_HYBRID,"[0.00,0.05)",6.964,1.0
435,SQL_FIRST,"[0.00,0.05)",8.983292,1.0
435,VECTOR_FIRST_HNSW,"[0.00,0.05)",22.77425,0.3
435,HNSW_HYBRID,"[0.00,0.05)",9.241125,1.0
435,IVFFLAT_HYBRID,"[0.00,0.05)",8.761916,1.0
436,SQL_FIRST,"[0.00,0.05)",9.508,1.0
436,VECTOR_FIRST_HNSW,"[0.00,0.05)",22.6615,0.3
436,HNSW_HYBRID,"[0.00,0.05)",9.779583,1.0
436,IVFFLAT_HYBRID,"[0.00,0.05)",9.002167,1.0
437,SQL_FIRST,"[0.00,0.05)",10.59325,1.0
437,VECTOR_FIRST_HNSW,"[0.00,0.05)",22.671417,0.1
437,HNSW_HYBRID,"[0.00,0.05)",10.913583,1.0
437,IVFFLAT_HYBRID,"[0.00,0.05)",10.477458,1.0
438,SQL_FIRST,"[0.00,0.05)",8.642625,1.0
438,VECTOR_FIRST_HNSW,"[0.00,0.05)",22.703083,0.2
438,HNSW_HYBRID,"[0.00,0.05)",8.90125,1.0
438,IVFFLAT_HYBRID,"[0.00,0.05)",8.500166,1.0
440,SQL_FIRST,"[0.00,0.05)",8.357334,1.0
440,VECTOR_FIRST_HNSW,"[0.00,0.05)",22.8195,0.2
440,HNSW_HYBRID,"[0.00,0.05)",8.80275,1.0
440,IVFFLAT_HYBRID,"[0.00,0.05)",8.455916,1.0
442,SQL_FIRST,"[0.00,0.05)",9.52375,1.0
442,VECTOR_FIRST_HNSW,"[0.00,0.05)",23.555,0.4
442,HNSW_HYBRID,"[0.00,0.05)",9.823875,1.0
442,IVFFLAT_HYBRID,"[0.00,0.05)",9.093042,1.0
444,SQL_FIRST,"[0.00,0.05)",11.159584,1.0
444,VECTOR_FIRST_HNSW,"[0.00,0.05)",23.095125,0.3
444,HNSW_HYBRID,"[0.00,0.05)",10.972583,1.0
444,IVFFLAT_HYBRID,"[0.00,0.05)",10.525833,1.0
445,SQL_FIRST,"[0.00,0.05)",6.745167,1.0
445,VECTOR_FIRST_HNSW,"[0.00,0.05)",22.717167,0.2
445,HNSW_HYBRID,"[0.00,0.05)",6.983,1.0
445,IVFFLAT_HYBRID,"[0.00,0.05)",6.377084,1.0
446,SQL_FIRST,"[0.00,0.05)",8.900875,1.0
446,VECTOR_FIRST_HNSW,"[0.00,0.05)",22.747875,0.4
446,HNSW_HYBRID,"[0.00,0.05)",9.167125,1.0
446,IVFFLAT_HYBRID,"[0.00,0.05)",8.5295,1.0
447,SQL_FIRST,"[0.00,0.05)",10.080583,1.0
447,VECTOR_FIRST_HNSW,"[0.00,0.05)",22.731,0.4
447,HNSW_HYBRID,"[0.00,0.05)",10.253833,1.0
447,IVFFLAT_HYBRID,"[0.00,0.05)",9.629166,1.0
450,SQL_FIRST,"[0.00,0.05)",5.1225,1.0
450,VECTOR_FIRST_HNSW,"[0.00,0.05)",22.731,0.0
450,HNSW_HYBRID,"[0.00,0.05)",5.371084,1.0
450,IVFFLAT_HYBRID,"[0.00,0.05)",4.793875,1.0
452,SQL_FIRST,"[0.00,0.05)",8.937458,1.0
452,VECTOR_FIRST_HNSW,"[0.00,0.05)",22.803208,0.3
452,HNSW_HYBRID,"[0.00,0.05)",9.243666,1.0
452,IVFFLAT_HYBRID,"[0.00,0.05)",8.594625,1.0
455,SQL_FIRST,"[0.00,0.05)",7.457459,1.0
455,VECTOR_FIRST_HNSW,"[0.00,0.05)",22.681209,0.0
455,HNSW_HYBRID,"[0.00,0.05)",7.442375,1.0
455,IVFFLAT_HYBRID,"[0.00,0.05)",6.894375,1.0
456,SQL_FIRST,"[0.00,0.05)",9.172083,1.0
456,VECTOR_FIRST_HNSW,"[0.00,0.05)",23.633209,0.6
456,HNSW_HYBRID,"[0.00,0.05)",10.147209,1.0
456,IVFFLAT_HYBRID,"[0.00,0.05)",9.019791,1.0
458,SQL_FIRST,"[0.00,0.05)",9.147834,1.0
458,VECTOR_FIRST_HNSW,"[0.00,0.05)",22.720667,0.5
458,HNSW_HYBRID,"[0.00,0.05)",9.243917,1.0
458,IVFFLAT_HYBRID,"[0.00,0.05)",8.620916,1.0
459,SQL_FIRST,"[0.00,0.05)",9.104625,1.0
459,VECTOR_FIRST_HNSW,"[0.00,0.05)",22.77575,0.5
459,HNSW_HYBRID,"[0.00,0.05)",9.261958,1.0
459,IVFFLAT_HYBRID,"[0.00,0.05)",8.497291,1.0
460,SQL_FIRST,"[0.00,0.05)",7.716708,1.0
460,VECTOR_FIRST_HNSW,"[0.00,0.05)",22.73,0.2
460,HNSW_HYBRID,"[0.00,0.05)",7.911209,1.0
460,IVFFLAT_HYBRID,"[0.00,0.05)",7.377167,1.0
462,SQL_FIRST,"[0.00,0.05)",9.103291,1.0
462,VECTOR_FIRST_HNSW,"[0.00,0.05)",22.765375,0.4
462,HNSW_HYBRID,"[0.00,0.05)",9.331667,1.0
462,IVFFLAT_HYBRID,"[0.00,0.05)",8.913291,1.0
464,SQL_FIRST,"[0.00,0.05)",6.989334,1.0
464,VECTOR_FIRST_HNSW,"[0.00,0.05)",22.645875,0.0
464,HNSW_HYBRID,"[0.00,0.05)",7.169458,1.0
464,IVFFLAT_HYBRID,"[0.00,0.05)",6.474542,1.0
467,SQL_FIRST,"[0.00,0.05)",7.766958,1.0
467,VECTOR_FIRST_HNSW,"[0.00,0.05)",22.786042,0.2
467,HNSW_HYBRID,"[0.00,0.05)",8.120375,1.0
467,IVFFLAT_HYBRID,"[0.00,0.05)",7.305625,1.0
472,SQL_FIRST,"[0.00,0.05)",8.020125,1.0
472,VECTOR_FIRST_HNSW,"[0.00,0.05)",22.751791,0.2
472,HNSW_HYBRID,"[0.00,0.05)",8.222917,1.0
472,IVFFLAT_HYBRID,"[0.00,0.05)",7.547292,1.0
473,SQL_FIRST,"[0.00,0.05)",8.613042,1.0
473,VECTOR_FIRST_HNSW,"[0.00,0.05)",22.669041,0.4
473,HNSW_HYBRID,"[0.00,0.05)",8.866125,1.0
473,IVFFLAT_HYBRID,"[0.00,0.05)",8.222875,1.0
474,SQL_FIRST,"[0.00,0.05)",8.927916,1.0
474,VECTOR_FIRST_HNSW,"[0.00,0.05)",22.723958,0.6
474,HNSW_HYBRID,"[0.00,0.05)",9.547042,1.0
474,IVFFLAT_HYBRID,"[0.00,0.05)",8.982333,1.0
475,SQL_FIRST,"[0.00,0.05)",9.383167,1.0
475,VECTOR_FIRST_HNSW,"[0.00,0.05)",22.750209,0.4
475,HNSW_HYBRID,"[0.00,0.05)",9.51325,1.0
475,IVFFLAT_HYBRID,"[0.00,0.05)",8.847375,1.0
478,SQL_FIRST,"[0.00,0.05)",10.71225,1.0
478,VECTOR_FIRST_HNSW,"[0.00,0.05)",22.975291,0.3
478,HNSW_HYBRID,"[0.00,0.05)",10.982625,1.0
478,IVFFLAT_HYBRID,"[0.00,0.05)",11.987958,1.0
479,SQL_FIRST,"[0.00,0.05)",4.684959,1.0
479,VECTOR_FIRST_HNSW,"[0.00,0.05)",23.14975,0.0
479,HNSW_HYBRID,"[0.00,0.05)",4.354042,1.0
479,IVFFLAT_HYBRID,"[0.00,0.05)",3.959792,1.0
481,SQL_FIRST,"[0.00,0.05)",8.28325,1.0
481,VECTOR_FIRST_HNSW,"[0.00,0.05)",23.785209,0.1
481,HNSW_HYBRID,"[0.00,0.05)",8.637583,1.0
481,IVFFLAT_HYBRID,"[0.00,0.05)",7.819209,1.0
483,SQL_FIRST,"[0.00,0.05)",9.492792,1.0
483,VECTOR_FIRST_HNSW,"[0.00,0.05)",22.900041,0.3
483,HNSW_HYBRID,"[0.00,0.05)",9.867333,1.0
483,IVFFLAT_HYBRID,"[0.00,0.05)",9.179417,1.0
486,SQL_FIRST,"[0.00,0.05)",8.694708,1.0
486,VECTOR_FIRST_HNSW,"[0.00,0.05)",22.755875,0.3
486,HNSW_HYBRID,"[0.00,0.05)",8.932709,1.0
486,IVFFLAT_HYBRID,"[0.00,0.05)",8.098416,1.0
487,SQL_FIRST,"[0.00,0.05)",1.406542,1.0
487,VECTOR_FIRST_HNSW,"[0.00,0.05)",22.706334,0.0
487,HNSW_HYBRID,"[0.00,0.05)",1.433,1.0
487,IVFFLAT_HYBRID,"[0.00,0.05)",1.210667,1.0
488,SQL_FIRST,"[0.00,0.05)",5.798833,1.0
488,VECTOR_FIRST_HNSW,"[0.00,0.05)",22.690792,0.2
488,HNSW_HYBRID,"[0.00,0.05)",5.870667,1.0
488,IVFFLAT_HYBRID,"[0.00,0.05)",5.366917,1.0
494,SQL_FIRST,"[0.00,0.05)",8.9675,1.0
494,VECTOR_FIRST_HNSW,"[0.00,0.05)",22.874458,0.5
494,HNSW_HYBRID,"[0.00,0.05)",9.286458,1.0
494,IVFFLAT_HYBRID,"[0.00,0.05)",8.822209,1.0
