strategy,ef_search,probes,n,mean_latency_ms,median_latency_ms,p95_latency_ms,std_latency_ms,mean_recall_at_10,min_recall_at_10,p05_recall,fraction_recall_at_least_095
HNSW_HYBRID,50,1,250,8.504834868,9.261021,11.06863545,2.0942980986927173,1.0,1.0,1.0,1.0
IVFFLAT_HYBRID,50,1,250,8.05760216,8.8298125,10.6545035,2.152716674315458,1.0,1.0,1.0,1.0
SQL_FIRST,50,1,250,8.038923708,8.8032505,10.647775,2.2178653928602783,1.0,1.0,1.0,1.0
VECTOR_FIRST_HNSW,50,1,250,23.130391856,22.9343955,23.37085205,1.7517520277407905,0.27040000000000003,0.0,0.0,0.004
HNSW_HYBRID,50,10,250,8.500149219999999,9.275834,10.9996189,2.070040733312622,1.0,1.0,1.0,1.0
IVFFLAT_HYBRID,50,10,250,8.047052976000002,8.807271,10.71065465,2.1143095842801913,1.0,1.0,1.0,1.0
SQL_FIRST,50,10,250,8.01817648,8.849666500000001,10.5966141,2.1053950484041013,1.0,1.0,1.0,1.0
VECTOR_FIRST_HNSW,50,10,250,23.041603155999997,22.9438125,23.396906549999997,0.6503787629813509,0.27040000000000003,0.0,0.0,0.004
HNSW_HYBRID,50,50,250,8.522221976,9.335229,11.09572225,2.08968954704807,1.0,1.0,1.0,1.0
IVFFLAT_HYBRID,50,50,250,8.080898487999999,8.902666,10.68697675,2.124440315416545,1.0,1.0,1.0,1.0
SQL_FIRST,50,50,250,8.050918164,8.8983545,10.7531856,2.134528117699362,1.0,1.0,1.0,1.0
VECTOR_FIRST_HNSW,50,50,250,23.026646172,22.9703125,23.37935015,0.21283357625696123,0.27040000000000003,0.0,0.0,0.004
HNSW_HYBRID,50,200,250,8.552409676,9.331603999999999,11.1809231,2.102695305658091,1.0,1.0,1.0,1.0
IVFFLAT_HYBRID,50,200,250,8.124930136000001,8.866708500000001,10.820845499999999,2.2859890306169874,1.0,1.0,1.0,1.0
SQL_FIRST,50,200,250,8.070187996,8.865438000000001,10.76118125,2.1994461040604434,1.0,1.0,1.0,1.0
VECTOR_FIRST_HNSW,50,200,250,23.040003352,22.998520499999998,23.27294345,0.2830798527349586,0.27040000000000003,0.0,0.0,0.004
HNSW_HYBRID,100,1,250,8.547343812,9.3717085,11.069285749999999,2.091553413159495,1.0,1.0,1.0,1.0
IVFFLAT_HYBRID,100,1,250,8.104941340000002,8.922395999999999,10.6822087,2.127752468553296,1.0,1.0,1.0,1.0
SQL_FIRST,100,1,250,8.063633976,8.8478545,10.667068899999999,2.1188158462617652,1.0,1.0,1.0,1.0
VECTOR_FIRST_HNSW,100,1,250,23.051313512,23.0049165,23.34005365,0.20330080765952194,0.27040000000000003,0.0,0.0,0.004
HNSW_HYBRID,100,10,250,8.535594504,9.3285835,11.0806811,2.0863607788649814,1.0,1.0,1.0,1.0
IVFFLAT_HYBRID,100,10,250,8.0805025,8.8777085,10.72665175,2.124159815119271,1.0,1.0,1.0,1.0
SQL_FIRST,100,10,250,8.075470476,8.904187,10.7197141,2.1383390673298637,1.0,1.0,1.0,1.0
VECTOR_FIRST_HNSW,100,10,250,23.069399483999998,22.9859375,23.3512545,0.6037078071402641,0.27040000000000003,0.0,0.0,0.004
HNSW_HYBRID,100,50,250,8.529137188,9.313396000000001,11.086723099999999,2.0893522732201775,1.0,1.0,1.0,1.0
IVFFLAT_HYBRID,100,50,250,8.071779028,8.902646,10.721916999999998,2.1231095158194377,1.0,1.0,1.0,1.0
SQL_FIRST,100,50,250,8.043457176,8.8345,10.73281645,2.127949469147045,1.0,1.0,1.0,1.0
VECTOR_FIRST_HNSW,100,50,250,23.032180160000003,22.971624499999997,23.28131685,0.5313073915968912,0.27040000000000003,0.0,0.0,0.004
HNSW_HYBRID,100,200,250,8.530361571999999,9.320479500000001,11.12712745,2.080085181664751,1.0,1.0,1.0,1.0
IVFFLAT_HYBRID,100,200,250,8.075648184000002,8.866896,10.79345625,2.1181037198879804,1.0,1.0,1.0,1.0
SQL_FIRST,100,200,250,8.050608024,8.846167,10.729064549999999,2.121981595236958,1.0,1.0,1.0,1.0
VECTOR_FIRST_HNSW,100,200,250,23.029502304,23.0003125,23.32202895,0.16195257447931313,0.27040000000000003,0.0,0.0,0.004
HNSW_HYBRID,200,1,250,8.531694492,9.321395500000001,11.103908449999999,2.0825779811449077,1.0,1.0,1.0,1.0
IVFFLAT_HYBRID,200,1,250,8.069018844,8.8762705,10.65413765,2.109121738264464,1.0,1.0,1.0,1.0
SQL_FIRST,200,1,250,8.04380232,8.85675,10.66339985,2.1179175510726207,1.0,1.0,1.0,1.0
VECTOR_FIRST_HNSW,200,1,250,23.034920460000002,23.002771,23.243275,0.14963383846220119,0.27040000000000003,0.0,0.0,0.004
HNSW_HYBRID,200,10,250,8.560523843999999,9.307853999999999,11.095170649999998,2.154743647276223,1.0,1.0,1.0,1.0
IVFFLAT_HYBRID,200,10,250,8.068150015999999,8.8513545,10.70730395,2.103763764928431,1.0,1.0,1.0,1.0
SQL_FIRST,200,10,250,8.073434976,8.898896,10.71817295,2.127767246054657,1.0,1.0,1.0,1.0
VECTOR_FIRST_HNSW,200,10,250,23.097102512000003,23.0059585,23.33563995,0.5394713213209996,0.27040000000000003,0.0,0.0,0.004
HNSW_HYBRID,200,50,250,8.515762023999999,9.289542,11.0854064,2.085582265057189,1.0,1.0,1.0,1.0
IVFFLAT_HYBRID,200,50,250,8.066184964,8.9025005,10.737298249999998,2.116998584649872,1.0,1.0,1.0,1.0
SQL_FIRST,200,50,250,8.051382828000001,8.814458,10.68567865,2.154358216394982,1.0,1.0,1.0,1.0
VECTOR_FIRST_HNSW,200,50,250,23.054628528000002,22.988354,23.295424999999998,0.7053997791190227,0.27040000000000003,0.0,0.0,0.004
HNSW_HYBRID,200,200,250,8.528739495999998,9.3355625,11.06512745,2.0840194950362108,1.0,1.0,1.0,1.0
IVFFLAT_HYBRID,200,200,250,8.077589996,8.9256875,10.6711102,2.1150044916773454,1.0,1.0,1.0,1.0
SQL_FIRST,200,200,250,8.053733492000001,8.883438,10.68642485,2.1201511338694234,1.0,1.0,1.0,1.0
VECTOR_FIRST_HNSW,200,200,250,23.023006152,23.00125,23.1717603,0.1316384743639502,0.27040000000000003,0.0,0.0,0.004
HNSW_HYBRID,400,1,250,8.528523868,9.316104,11.067278799999999,2.078158746466724,1.0,1.0,1.0,1.0
IVFFLAT_HYBRID,400,1,250,8.075249531999999,8.916457999999999,10.7365564,2.1135566678122806,1.0,1.0,1.0,1.0
SQL_FIRST,400,1,250,8.056992996,8.876333500000001,10.7564625,2.1258750212590694,1.0,1.0,1.0,1.0
VECTOR_FIRST_HNSW,400,1,250,23.020348332,23.008083499999998,23.2119962,0.09741470582659945,0.27040000000000003,0.0,0.0,0.004
HNSW_HYBRID,400,10,250,8.535022484,9.3040205,11.09367745,2.090410526487936,1.0,1.0,1.0,1.0
IVFFLAT_HYBRID,400,10,250,8.112476652,8.936104,10.800637499999999,2.139007073451656,1.0,1.0,1.0,1.0
SQL_FIRST,400,10,250,8.081732332,8.908937,10.69648505,2.1375704040606545,1.0,1.0,1.0,1.0
VECTOR_FIRST_HNSW,400,10,250,23.125159008,23.009813,23.39911685,0.9596741901745052,0.27040000000000003,0.0,0.0,0.004
HNSW_HYBRID,400,50,250,8.511888864000001,9.303771,11.0403651,2.0793431819154002,1.0,1.0,1.0,1.0
IVFFLAT_HYBRID,400,50,250,8.075321284,8.898208,10.720441999999998,2.116920115714603,1.0,1.0,1.0,1.0
SQL_FIRST,400,50,250,8.035580648,8.862813,10.6484375,2.1125173184000183,1.0,1.0,1.0,1.0
VECTOR_FIRST_HNSW,400,50,250,23.019270032,22.9994375,23.21030595,0.11181109285564318,0.27040000000000003,0.0,0.0,0.004
HNSW_HYBRID,400,200,250,8.53306486,9.328041500000001,11.137635199999998,2.0752181564595094,1.0,1.0,1.0,1.0
IVFFLAT_HYBRID,400,200,250,8.098782012,8.9276455,10.798135449999998,2.1153458694241363,1.0,1.0,1.0,1.0
SQL_FIRST,400,200,250,8.056123844,8.884979,10.6626462,2.1143951436187947,1.0,1.0,1.0,1.0
VECTOR_FIRST_HNSW,400,200,250,23.071038800000004,23.0079375,23.281562349999998,0.5284549733764508,0.27040000000000003,0.0,0.0,0.004
