bucket,bucket_label,strategy,hot_p50,hot_p95,hot_recall_mean,hot_n,cold_p50,cold_p95,cold_recall_mean,cold_n,hot_2nd_p50,hot_2nd_p95,hot_2nd_recall_mean,hot_2nd_n,inflation_ratio
sel_000_005,0.0-0.5%,SQL_FIRST,3539.78,7797.82,1.0,15,4912.83,7177.03,1.0,15,2412.25,3592.18,1.0,15,1.39
sel_000_005,0.0-0.5%,VECTOR_FIRST_HNSW,5.32,10.24,0.047,15,5.61,12.46,0.047,15,5.6,8.61,0.047,15,1.05
sel_000_005,0.0-0.5%,HNSW_HYBRID,5.64,8.36,0.08,15,4.77,7.72,0.08,15,3.71,6.24,0.08,15,0.85
sel_000_005,0.0-0.5%,IVFFLAT_HYBRID,4.04,5.78,0.047,15,3.59,7.25,0.047,15,2.9,5.24,0.047,15,0.89
sel_005_010,0.5-1.0%,SQL_FIRST,2494.72,3310.35,1.0,15,2363.49,3462.42,1.0,15,3592.72,4619.24,1.0,15,0.95
sel_005_010,0.5-1.0%,VECTOR_FIRST_HNSW,5.57,8.65,0.113,15,5.56,10.73,0.113,15,6.53,10.01,0.113,15,1.0
sel_005_010,0.5-1.0%,HNSW_HYBRID,4.71,6.21,0.12,15,4.83,6.5,0.12,15,4.04,6.41,0.12,15,1.03
sel_005_010,0.5-1.0%,IVFFLAT_HYBRID,3.01,4.03,0.107,15,3.34,4.79,0.107,15,3.16,5.76,0.107,15,1.11
sel_010_025,1.0-2.5%,SQL_FIRST,2795.78,8507.01,1.0,15,2485.63,4725.98,1.0,15,2875.61,17811.74,1.0,15,0.89
sel_010_025,1.0-2.5%,VECTOR_FIRST_HNSW,5.62,12.03,0.14,15,6.34,7.82,0.14,15,5.39,13.81,0.14,15,1.13
sel_010_025,1.0-2.5%,HNSW_HYBRID,6.46,12.9,0.147,15,5.38,8.0,0.147,15,4.45,10.98,0.147,15,0.83
sel_010_025,1.0-2.5%,IVFFLAT_HYBRID,3.26,8.23,0.153,15,3.11,5.02,0.153,15,3.26,21.39,0.153,15,0.95
sel_025_050,2.5-5.0%,SQL_FIRST,321.8,4357.75,0.993,15,2405.41,5048.72,0.993,15,4044.53,7565.27,0.993,15,7.47
sel_025_050,2.5-5.0%,VECTOR_FIRST_HNSW,3.51,7.39,0.113,15,5.13,7.46,0.113,15,6.46,8.9,0.113,15,1.46
sel_025_050,2.5-5.0%,HNSW_HYBRID,3.65,6.73,0.113,15,4.44,6.65,0.113,15,4.92,7.1,0.113,15,1.22
sel_025_050,2.5-5.0%,IVFFLAT_HYBRID,2.9,4.04,0.213,15,3.16,9.07,0.213,15,4.1,10.34,0.213,15,1.09
sel_050_100,5.0-100%,SQL_FIRST,3621.92,7131.29,1.0,15,3655.23,5669.76,1.0,15,3438.75,5226.5,1.0,15,1.01
sel_050_100,5.0-100%,VECTOR_FIRST_HNSW,7.35,9.4,0.1,15,6.32,12.14,0.1,15,5.51,7.6,0.1,15,0.86
sel_050_100,5.0-100%,HNSW_HYBRID,5.46,15.83,0.1,15,5.41,9.19,0.1,15,4.71,50.1,0.1,15,0.99
sel_050_100,5.0-100%,IVFFLAT_HYBRID,3.73,26.49,0.273,15,3.56,5.74,0.273,15,4.25,5.82,0.273,15,0.95
