bucket,bucket_label,strategy,n_seeds,queries_per_seed,mean_recall,std_recall,min_recall,max_recall,empirical_ci95,empirical_ci_width,bernstein_bound_per_query,ci_within_pac,delta
sel_000_005,0.0-0.5%,HNSW_HYBRID,30,5,0.184,0.0418,0.1,0.26,"[0.170, 0.199]",0.0293,0.1239,True,0.05
sel_000_005,0.0-0.5%,IVFFLAT_HYBRID,30,5,0.0433,0.0263,0.0,0.12,"[0.035, 0.053]",0.018,0.095,True,0.05
sel_000_005,0.0-0.5%,SQL_FIRST,30,5,1.0,0.0,1.0,1.0,"[1.000, 1.000]",0.0,0.0824,True,0.05
sel_000_005,0.0-0.5%,VECTOR_FIRST_HNSW,30,5,0.112,0.0419,0.02,0.2,"[0.097, 0.127]",0.0293,0.11,True,0.05
sel_005_010,0.5-1.0%,HNSW_HYBRID,30,5,0.1807,0.056,0.08,0.3,"[0.161, 0.200]",0.0387,0.1202,True,0.05
sel_005_010,0.5-1.0%,IVFFLAT_HYBRID,30,5,0.0887,0.0318,0.04,0.18,"[0.078, 0.100]",0.022,0.0997,True,0.05
sel_005_010,0.5-1.0%,SQL_FIRST,30,5,1.0,0.0,1.0,1.0,"[1.000, 1.000]",0.0,0.0824,True,0.05
sel_005_010,0.5-1.0%,VECTOR_FIRST_HNSW,30,5,0.1707,0.0525,0.08,0.26,"[0.153, 0.189]",0.036,0.1187,True,0.05
sel_010_025,1.0-2.5%,HNSW_HYBRID,30,5,0.2073,0.0552,0.08,0.3,"[0.188, 0.226]",0.038,0.1323,True,0.05
sel_010_025,1.0-2.5%,IVFFLAT_HYBRID,30,5,0.1753,0.0466,0.1,0.3,"[0.159, 0.192]",0.0327,0.1104,True,0.05
sel_010_025,1.0-2.5%,SQL_FIRST,30,5,1.0,0.0,1.0,1.0,"[1.000, 1.000]",0.0,0.0824,True,0.05
sel_010_025,1.0-2.5%,VECTOR_FIRST_HNSW,30,5,0.1913,0.0535,0.08,0.3,"[0.171, 0.210]",0.0387,0.1299,True,0.05
sel_025_050,2.5-5.0%,HNSW_HYBRID,30,5,0.174,0.0681,0.06,0.34,"[0.151, 0.198]",0.0473,0.1297,True,0.05
sel_025_050,2.5-5.0%,IVFFLAT_HYBRID,30,5,0.1933,0.0738,0.1,0.38,"[0.169, 0.219]",0.05,0.1164,True,0.05
sel_025_050,2.5-5.0%,SQL_FIRST,30,5,1.0,0.0,1.0,1.0,"[1.000, 1.000]",0.0,0.0824,True,0.05
sel_025_050,2.5-5.0%,VECTOR_FIRST_HNSW,30,5,0.1567,0.0716,0.02,0.32,"[0.132, 0.182]",0.05,0.1284,True,0.05
sel_050_100,5.0-100%,HNSW_HYBRID,30,5,0.178,0.0774,0.06,0.38,"[0.151, 0.206]",0.0547,0.1302,True,0.05
sel_050_100,5.0-100%,IVFFLAT_HYBRID,30,5,0.21,0.0589,0.12,0.34,"[0.190, 0.232]",0.042,0.1185,True,0.05
sel_050_100,5.0-100%,SQL_FIRST,30,5,1.0,0.0,1.0,1.0,"[1.000, 1.000]",0.0,0.0824,True,0.05
sel_050_100,5.0-100%,VECTOR_FIRST_HNSW,30,5,0.1873,0.0602,0.08,0.32,"[0.167, 0.208]",0.0407,0.1276,True,0.05
