bucket,bucket_label,strategy,n_queries,wall_p50_ms,wall_p95_ms,wall_p99_ms,recall_mean,recall_min,recall_max,speedup_vs_sql_first
sel_000_005,0.0-0.5%,SQL_FIRST,25,182.05,315.76,329.93,1.0,1.0,1.0,1.0
sel_000_005,0.0-0.5%,VECTOR_FIRST_HNSW,25,3.25,7.44,7.86,0.072,0.0,0.2,56.05
sel_000_005,0.0-0.5%,HNSW_HYBRID,25,4.02,6.64,6.94,0.112,0.0,0.3,45.24
sel_000_005,0.0-0.5%,IVFFLAT_HYBRID,25,3.71,161.33,175.27,0.048,0.0,0.1,49.12
sel_005_010,0.5-1.0%,SQL_FIRST,25,167.23,328.2,343.57,1.0,1.0,1.0,1.0
sel_005_010,0.5-1.0%,VECTOR_FIRST_HNSW,25,2.68,6.84,7.23,0.124,0.0,0.5,62.42
sel_005_010,0.5-1.0%,HNSW_HYBRID,25,2.93,4.55,4.69,0.152,0.0,0.5,57.05
sel_005_010,0.5-1.0%,IVFFLAT_HYBRID,25,3.01,163.18,177.32,0.092,0.0,0.3,55.58
sel_010_025,1.0-2.5%,SQL_FIRST,25,3148.56,5516.27,5835.52,1.0,1.0,1.0,1.0
sel_010_025,1.0-2.5%,VECTOR_FIRST_HNSW,25,6.42,30.75,33.04,0.164,0.0,0.5,490.74
sel_010_025,1.0-2.5%,HNSW_HYBRID,25,3.88,17.61,18.83,0.172,0.0,0.6,811.9
sel_010_025,1.0-2.5%,IVFFLAT_HYBRID,25,3.54,184.61,200.49,0.212,0.0,0.5,890.18
sel_025_050,2.5-5.0%,SQL_FIRST,25,175.18,317.64,331.62,0.996,0.9,1.0,1.0
sel_025_050,2.5-5.0%,VECTOR_FIRST_HNSW,25,2.91,7.41,7.79,0.204,0.0,0.6,60.22
sel_025_050,2.5-5.0%,HNSW_HYBRID,25,3.13,4.4,4.49,0.216,0.0,0.6,55.91
sel_025_050,2.5-5.0%,IVFFLAT_HYBRID,25,3.04,147.76,160.66,0.18,0.0,0.6,57.55
sel_050_100,5.0-100%,SQL_FIRST,25,157.04,292.44,304.51,1.0,1.0,1.0,1.0
sel_050_100,5.0-100%,VECTOR_FIRST_HNSW,25,2.62,5.34,5.58,0.192,0.0,0.7,60.03
sel_050_100,5.0-100%,HNSW_HYBRID,25,2.57,3.65,3.75,0.192,0.0,0.7,61.15
sel_050_100,5.0-100%,IVFFLAT_HYBRID,25,2.85,163.91,178.24,0.216,0.0,0.6,55.08
