q_error_label,q_error_factor,observed_q_error,estimated_rows,actual_rows,row_misest_ratio,bucket,bucket_label,strategy,n_queries,recall_mean,wall_p50_ms,wall_p95_ms
0.1x_under,0.1,1488.7,10,14887,1.0,sel_000_005,0.0-0.5%,SQL_FIRST,5,1.0,3681.1,4173.04
0.1x_under,0.1,1488.7,10,14887,1.0,sel_000_005,0.0-0.5%,VECTOR_FIRST_HNSW,5,0.08,17.61,18.35
0.1x_under,0.1,1488.7,10,14887,1.0,sel_000_005,0.0-0.5%,HNSW_HYBRID,5,0.16,40.47,54.42
0.1x_under,0.1,1488.7,10,14887,1.0,sel_000_005,0.0-0.5%,IVFFLAT_HYBRID,5,0.06,197.47,227.61
0.1x_under,0.1,2512.1,10,25121,1.0,sel_005_010,0.5-1.0%,SQL_FIRST,5,1.0,4297.4,15518.99
0.1x_under,0.1,2512.1,10,25121,1.0,sel_005_010,0.5-1.0%,VECTOR_FIRST_HNSW,5,0.18,35.12,476.88
0.1x_under,0.1,2512.1,10,25121,1.0,sel_005_010,0.5-1.0%,HNSW_HYBRID,5,0.2,18.64,94.17
0.1x_under,0.1,2512.1,10,25121,1.0,sel_005_010,0.5-1.0%,IVFFLAT_HYBRID,5,0.08,225.44,1251.15
0.1x_under,0.1,4524.2,10,45242,1.0,sel_010_025,1.0-2.5%,SQL_FIRST,5,1.0,8040.41,10940.58
0.1x_under,0.1,4524.2,10,45242,1.0,sel_010_025,1.0-2.5%,VECTOR_FIRST_HNSW,5,0.22,30.59,53.27
0.1x_under,0.1,4524.2,10,45242,1.0,sel_010_025,1.0-2.5%,HNSW_HYBRID,5,0.24,11.37,20.62
0.1x_under,0.1,4524.2,10,45242,1.0,sel_010_025,1.0-2.5%,IVFFLAT_HYBRID,5,0.2,174.35,244.14
0.1x_under,0.1,4489.9,10,44899,1.0,sel_025_050,2.5-5.0%,SQL_FIRST,5,1.0,7207.46,17885.54
0.1x_under,0.1,4489.9,10,44899,1.0,sel_025_050,2.5-5.0%,VECTOR_FIRST_HNSW,5,0.12,22.18,64.91
0.1x_under,0.1,4489.9,10,44899,1.0,sel_025_050,2.5-5.0%,HNSW_HYBRID,5,0.12,19.16,46.92
0.1x_under,0.1,4489.9,10,44899,1.0,sel_025_050,2.5-5.0%,IVFFLAT_HYBRID,5,0.3,179.22,641.81
0.1x_under,0.1,5006.8,10,50068,1.0,sel_050_100,5.0-100%,SQL_FIRST,5,1.0,6845.11,26282.14
0.1x_under,0.1,5006.8,10,50068,1.0,sel_050_100,5.0-100%,VECTOR_FIRST_HNSW,5,0.22,33.91,1254.0
0.1x_under,0.1,5006.8,10,50068,1.0,sel_050_100,5.0-100%,HNSW_HYBRID,5,0.22,13.0,316.36
0.1x_under,0.1,5006.8,10,50068,1.0,sel_050_100,5.0-100%,IVFFLAT_HYBRID,5,0.18,233.97,2806.51
0.2x_under,0.2,1487.7,10,14877,1.0,sel_000_005,0.0-0.5%,SQL_FIRST,5,1.0,4314.39,6174.12
0.2x_under,0.2,1487.7,10,14877,1.0,sel_000_005,0.0-0.5%,VECTOR_FIRST_HNSW,5,0.16,16.3,27.26
0.2x_under,0.2,1487.7,10,14877,1.0,sel_000_005,0.0-0.5%,HNSW_HYBRID,5,0.24,35.62,72.9
0.2x_under,0.2,1487.7,10,14877,1.0,sel_000_005,0.0-0.5%,IVFFLAT_HYBRID,5,0.06,178.4,195.59
0.2x_under,0.2,2489.9,10,24899,1.0,sel_005_010,0.5-1.0%,SQL_FIRST,5,1.0,3963.71,4549.18
0.2x_under,0.2,2489.9,10,24899,1.0,sel_005_010,0.5-1.0%,VECTOR_FIRST_HNSW,5,0.18,24.6,46.74
0.2x_under,0.2,2489.9,10,24899,1.0,sel_005_010,0.5-1.0%,HNSW_HYBRID,5,0.2,23.85,42.62
0.2x_under,0.2,2489.9,10,24899,1.0,sel_005_010,0.5-1.0%,IVFFLAT_HYBRID,5,0.08,189.97,206.48
0.2x_under,0.2,4500.0,10,45000,1.0,sel_010_025,1.0-2.5%,SQL_FIRST,5,1.0,5157.73,8966.48
0.2x_under,0.2,4500.0,10,45000,1.0,sel_010_025,1.0-2.5%,VECTOR_FIRST_HNSW,5,0.32,20.62,296.76
0.2x_under,0.2,4500.0,10,45000,1.0,sel_010_025,1.0-2.5%,HNSW_HYBRID,5,0.32,12.96,19.97
0.2x_under,0.2,4500.0,10,45000,1.0,sel_010_025,1.0-2.5%,IVFFLAT_HYBRID,5,0.1,269.01,593.71
0.2x_under,0.2,4515.4,10,45154,1.0,sel_025_050,2.5-5.0%,SQL_FIRST,5,1.0,4251.11,5210.6
0.2x_under,0.2,4515.4,10,45154,1.0,sel_025_050,2.5-5.0%,VECTOR_FIRST_HNSW,5,0.16,12.66,33.88
0.2x_under,0.2,4515.4,10,45154,1.0,sel_025_050,2.5-5.0%,HNSW_HYBRID,5,0.16,12.88,28.34
0.2x_under,0.2,4515.4,10,45154,1.0,sel_025_050,2.5-5.0%,IVFFLAT_HYBRID,5,0.16,203.14,244.05
0.2x_under,0.2,4989.5,10,49895,1.0,sel_050_100,5.0-100%,SQL_FIRST,5,1.0,6828.62,8226.16
0.2x_under,0.2,4989.5,10,49895,1.0,sel_050_100,5.0-100%,VECTOR_FIRST_HNSW,5,0.18,22.79,47.04
0.2x_under,0.2,4989.5,10,49895,1.0,sel_050_100,5.0-100%,HNSW_HYBRID,5,0.18,14.53,21.41
0.2x_under,0.2,4989.5,10,49895,1.0,sel_050_100,5.0-100%,IVFFLAT_HYBRID,5,0.3,267.7,294.01
0.5x_under,0.5,1498.8,10,14988,1.0,sel_000_005,0.0-0.5%,SQL_FIRST,5,1.0,7164.77,11792.65
0.5x_under,0.5,1498.8,10,14988,1.0,sel_000_005,0.0-0.5%,VECTOR_FIRST_HNSW,5,0.12,25.52,66.63
0.5x_under,0.5,1498.8,10,14988,1.0,sel_000_005,0.0-0.5%,HNSW_HYBRID,5,0.2,62.72,71.99
0.5x_under,0.5,1498.8,10,14988,1.0,sel_000_005,0.0-0.5%,IVFFLAT_HYBRID,5,0.04,187.62,303.8
0.5x_under,0.5,2504.6,10,25046,1.0,sel_005_010,0.5-1.0%,SQL_FIRST,5,1.0,4049.4,5674.35
0.5x_under,0.5,2504.6,10,25046,1.0,sel_005_010,0.5-1.0%,VECTOR_FIRST_HNSW,5,0.14,16.48,32.15
0.5x_under,0.5,2504.6,10,25046,1.0,sel_005_010,0.5-1.0%,HNSW_HYBRID,5,0.16,23.1,39.86
0.5x_under,0.5,2504.6,10,25046,1.0,sel_005_010,0.5-1.0%,IVFFLAT_HYBRID,5,0.04,219.88,328.65
0.5x_under,0.5,4486.0,10,44860,1.0,sel_010_025,1.0-2.5%,SQL_FIRST,5,1.0,8088.33,27110.87
0.5x_under,0.5,4486.0,10,44860,1.0,sel_010_025,1.0-2.5%,VECTOR_FIRST_HNSW,5,0.16,23.62,45.95
0.5x_under,0.5,4486.0,10,44860,1.0,sel_010_025,1.0-2.5%,HNSW_HYBRID,5,0.18,21.23,34.49
0.5x_under,0.5,4486.0,10,44860,1.0,sel_010_025,1.0-2.5%,IVFFLAT_HYBRID,5,0.2,227.68,320.25
0.5x_under,0.5,4529.4,10,45294,1.0,sel_025_050,2.5-5.0%,SQL_FIRST,5,1.0,3940.18,5399.65
0.5x_under,0.5,4529.4,10,45294,1.0,sel_025_050,2.5-5.0%,VECTOR_FIRST_HNSW,5,0.18,19.97,37.71
0.5x_under,0.5,4529.4,10,45294,1.0,sel_025_050,2.5-5.0%,HNSW_HYBRID,5,0.18,10.06,20.26
0.5x_under,0.5,4529.4,10,45294,1.0,sel_025_050,2.5-5.0%,IVFFLAT_HYBRID,5,0.32,179.68,328.19
0.5x_under,0.5,4987.1,10,49871,1.0,sel_050_100,5.0-100%,SQL_FIRST,5,1.0,4375.79,7457.54
0.5x_under,0.5,4987.1,10,49871,1.0,sel_050_100,5.0-100%,VECTOR_FIRST_HNSW,5,0.26,15.87,23.53
0.5x_under,0.5,4987.1,10,49871,1.0,sel_050_100,5.0-100%,HNSW_HYBRID,5,0.26,14.16,18.05
0.5x_under,0.5,4987.1,10,49871,1.0,sel_050_100,5.0-100%,IVFFLAT_HYBRID,5,0.18,210.53,223.38
1.0x_baseline,1.0,1493.5,10,14935,1.0,sel_000_005,0.0-0.5%,SQL_FIRST,5,1.0,4203.73,6786.8
1.0x_baseline,1.0,1493.5,10,14935,1.0,sel_000_005,0.0-0.5%,VECTOR_FIRST_HNSW,5,0.1,19.18,32.3
1.0x_baseline,1.0,1493.5,10,14935,1.0,sel_000_005,0.0-0.5%,HNSW_HYBRID,5,0.14,65.6,81.52
1.0x_baseline,1.0,1493.5,10,14935,1.0,sel_000_005,0.0-0.5%,IVFFLAT_HYBRID,5,0.02,198.44,210.04
1.0x_baseline,1.0,2490.3,10,24903,1.0,sel_005_010,0.5-1.0%,SQL_FIRST,5,1.0,4188.18,7182.18
1.0x_baseline,1.0,2490.3,10,24903,1.0,sel_005_010,0.5-1.0%,VECTOR_FIRST_HNSW,5,0.12,16.81,24.73
1.0x_baseline,1.0,2490.3,10,24903,1.0,sel_005_010,0.5-1.0%,HNSW_HYBRID,5,0.16,23.56,36.01
1.0x_baseline,1.0,2490.3,10,24903,1.0,sel_005_010,0.5-1.0%,IVFFLAT_HYBRID,5,0.1,178.09,205.15
1.0x_baseline,1.0,4508.3,10,45083,1.0,sel_010_025,1.0-2.5%,SQL_FIRST,5,1.0,3337.6,3977.98
1.0x_baseline,1.0,4508.3,10,45083,1.0,sel_010_025,1.0-2.5%,VECTOR_FIRST_HNSW,5,0.22,16.38,63.38
1.0x_baseline,1.0,4508.3,10,45083,1.0,sel_010_025,1.0-2.5%,HNSW_HYBRID,5,0.24,11.34,24.21
1.0x_baseline,1.0,4508.3,10,45083,1.0,sel_010_025,1.0-2.5%,IVFFLAT_HYBRID,5,0.18,179.28,242.35
1.0x_baseline,1.0,4483.4,10,44834,1.0,sel_025_050,2.5-5.0%,SQL_FIRST,5,1.0,3954.86,5369.67
1.0x_baseline,1.0,4483.4,10,44834,1.0,sel_025_050,2.5-5.0%,VECTOR_FIRST_HNSW,5,0.16,15.07,21.62
1.0x_baseline,1.0,4483.4,10,44834,1.0,sel_025_050,2.5-5.0%,HNSW_HYBRID,5,0.16,9.8,15.67
1.0x_baseline,1.0,4483.4,10,44834,1.0,sel_025_050,2.5-5.0%,IVFFLAT_HYBRID,5,0.18,206.03,422.85
1.0x_baseline,1.0,5000.1,10,50001,1.0,sel_050_100,5.0-100%,SQL_FIRST,5,1.0,3594.01,5155.78
1.0x_baseline,1.0,5000.1,10,50001,1.0,sel_050_100,5.0-100%,VECTOR_FIRST_HNSW,5,0.16,21.98,36.85
1.0x_baseline,1.0,5000.1,10,50001,1.0,sel_050_100,5.0-100%,HNSW_HYBRID,5,0.16,14.42,40.92
1.0x_baseline,1.0,5000.1,10,50001,1.0,sel_050_100,5.0-100%,IVFFLAT_HYBRID,5,0.26,197.43,222.42
2.0x_over,2.0,1514.6,10,15146,1.0,sel_000_005,0.0-0.5%,SQL_FIRST,5,1.0,146.07,2676.81
2.0x_over,2.0,1514.6,10,15146,1.0,sel_000_005,0.0-0.5%,VECTOR_FIRST_HNSW,5,0.14,6.14,6.76
2.0x_over,2.0,1514.6,10,15146,1.0,sel_000_005,0.0-0.5%,HNSW_HYBRID,5,0.18,4.01,16.17
2.0x_over,2.0,1514.6,10,15146,1.0,sel_000_005,0.0-0.5%,IVFFLAT_HYBRID,5,0.04,166.96,350.9
2.0x_over,2.0,2508.4,10,25084,1.0,sel_005_010,0.5-1.0%,SQL_FIRST,5,1.0,179.14,725.71
2.0x_over,2.0,2508.4,10,25084,1.0,sel_005_010,0.5-1.0%,VECTOR_FIRST_HNSW,5,0.04,7.82,41.07
2.0x_over,2.0,2508.4,10,25084,1.0,sel_005_010,0.5-1.0%,HNSW_HYBRID,5,0.08,3.11,4.71
2.0x_over,2.0,2508.4,10,25084,1.0,sel_005_010,0.5-1.0%,IVFFLAT_HYBRID,5,0.12,189.69,367.49
2.0x_over,2.0,4467.7,10,44677,1.0,sel_010_025,1.0-2.5%,SQL_FIRST,5,1.0,419.0,732.75
2.0x_over,2.0,4467.7,10,44677,1.0,sel_010_025,1.0-2.5%,VECTOR_FIRST_HNSW,5,0.16,7.13,49.8
2.0x_over,2.0,4467.7,10,44677,1.0,sel_010_025,1.0-2.5%,HNSW_HYBRID,5,0.16,2.06,5.83
2.0x_over,2.0,4467.7,10,44677,1.0,sel_010_025,1.0-2.5%,IVFFLAT_HYBRID,5,0.16,178.63,206.41
2.0x_over,2.0,4515.8,10,45158,1.0,sel_025_050,2.5-5.0%,SQL_FIRST,5,1.0,300.46,799.22
2.0x_over,2.0,4515.8,10,45158,1.0,sel_025_050,2.5-5.0%,VECTOR_FIRST_HNSW,5,0.26,6.46,14.41
2.0x_over,2.0,4515.8,10,45158,1.0,sel_025_050,2.5-5.0%,HNSW_HYBRID,5,0.26,2.37,3.3
2.0x_over,2.0,4515.8,10,45158,1.0,sel_025_050,2.5-5.0%,IVFFLAT_HYBRID,5,0.24,171.58,185.08
2.0x_over,2.0,4991.4,10,49914,1.0,sel_050_100,5.0-100%,SQL_FIRST,5,1.0,241.73,524.43
2.0x_over,2.0,4991.4,10,49914,1.0,sel_050_100,5.0-100%,VECTOR_FIRST_HNSW,5,0.22,9.32,33.56
2.0x_over,2.0,4991.4,10,49914,1.0,sel_050_100,5.0-100%,HNSW_HYBRID,5,0.22,3.25,7.95
2.0x_over,2.0,4991.4,10,49914,1.0,sel_050_100,5.0-100%,IVFFLAT_HYBRID,5,0.22,202.39,366.15
5.0x_over,5.0,1500.0,10,15000,1.0,sel_000_005,0.0-0.5%,SQL_FIRST,5,1.0,607.63,765.3
5.0x_over,5.0,1500.0,10,15000,1.0,sel_000_005,0.0-0.5%,VECTOR_FIRST_HNSW,5,0.18,9.52,14.05
5.0x_over,5.0,1500.0,10,15000,1.0,sel_000_005,0.0-0.5%,HNSW_HYBRID,5,0.24,5.73,23.7
5.0x_over,5.0,1500.0,10,15000,1.0,sel_000_005,0.0-0.5%,IVFFLAT_HYBRID,5,0.04,175.9,292.32
5.0x_over,5.0,2522.4,10,25224,1.0,sel_005_010,0.5-1.0%,SQL_FIRST,5,1.0,797.2,1024.56
5.0x_over,5.0,2522.4,10,25224,1.0,sel_005_010,0.5-1.0%,VECTOR_FIRST_HNSW,5,0.08,10.97,15.93
5.0x_over,5.0,2522.4,10,25224,1.0,sel_005_010,0.5-1.0%,HNSW_HYBRID,5,0.1,13.23,21.12
5.0x_over,5.0,2522.4,10,25224,1.0,sel_005_010,0.5-1.0%,IVFFLAT_HYBRID,5,0.08,171.73,196.76
5.0x_over,5.0,4509.7,10,45097,1.0,sel_010_025,1.0-2.5%,SQL_FIRST,5,1.0,179.85,237.75
5.0x_over,5.0,4509.7,10,45097,1.0,sel_010_025,1.0-2.5%,VECTOR_FIRST_HNSW,5,0.14,23.97,41.61
5.0x_over,5.0,4509.7,10,45097,1.0,sel_010_025,1.0-2.5%,HNSW_HYBRID,5,0.16,2.35,2.6
5.0x_over,5.0,4509.7,10,45097,1.0,sel_010_025,1.0-2.5%,IVFFLAT_HYBRID,5,0.24,314.44,528.08
5.0x_over,5.0,4487.7,10,44877,1.0,sel_025_050,2.5-5.0%,SQL_FIRST,5,1.0,716.02,1023.58
5.0x_over,5.0,4487.7,10,44877,1.0,sel_025_050,2.5-5.0%,VECTOR_FIRST_HNSW,5,0.08,7.96,9.14
5.0x_over,5.0,4487.7,10,44877,1.0,sel_025_050,2.5-5.0%,HNSW_HYBRID,5,0.14,4.98,5.66
5.0x_over,5.0,4487.7,10,44877,1.0,sel_025_050,2.5-5.0%,IVFFLAT_HYBRID,5,0.3,171.91,283.87
5.0x_over,5.0,4943.2,10,49432,1.0,sel_050_100,5.0-100%,SQL_FIRST,5,1.0,1011.94,2107.92
5.0x_over,5.0,4943.2,10,49432,1.0,sel_050_100,5.0-100%,VECTOR_FIRST_HNSW,5,0.06,14.37,18.14
5.0x_over,5.0,4943.2,10,49432,1.0,sel_050_100,5.0-100%,HNSW_HYBRID,5,0.08,5.58,7.85
5.0x_over,5.0,4943.2,10,49432,1.0,sel_050_100,5.0-100%,IVFFLAT_HYBRID,5,0.22,227.65,634.53
10.0x_over,10.0,1514.6,10,15146,1.0,sel_000_005,0.0-0.5%,SQL_FIRST,5,1.0,1549.73,3419.15
10.0x_over,10.0,1514.6,10,15146,1.0,sel_000_005,0.0-0.5%,VECTOR_FIRST_HNSW,5,0.16,13.7,201.98
10.0x_over,10.0,1514.6,10,15146,1.0,sel_000_005,0.0-0.5%,HNSW_HYBRID,5,0.18,33.04,437.18
10.0x_over,10.0,1514.6,10,15146,1.0,sel_000_005,0.0-0.5%,IVFFLAT_HYBRID,5,0.04,424.54,1018.68
10.0x_over,10.0,2487.5,10,24875,1.0,sel_005_010,0.5-1.0%,SQL_FIRST,5,1.0,948.89,1663.93
10.0x_over,10.0,2487.5,10,24875,1.0,sel_005_010,0.5-1.0%,VECTOR_FIRST_HNSW,5,0.18,10.56,18.77
10.0x_over,10.0,2487.5,10,24875,1.0,sel_005_010,0.5-1.0%,HNSW_HYBRID,5,0.22,14.53,16.18
10.0x_over,10.0,2487.5,10,24875,1.0,sel_005_010,0.5-1.0%,IVFFLAT_HYBRID,5,0.08,171.79,339.46
10.0x_over,10.0,4486.0,10,44860,1.0,sel_010_025,1.0-2.5%,SQL_FIRST,5,1.0,665.86,1057.62
10.0x_over,10.0,4486.0,10,44860,1.0,sel_010_025,1.0-2.5%,VECTOR_FIRST_HNSW,5,0.2,10.53,175.63
10.0x_over,10.0,4486.0,10,44860,1.0,sel_010_025,1.0-2.5%,HNSW_HYBRID,5,0.2,8.03,11.97
10.0x_over,10.0,4486.0,10,44860,1.0,sel_010_025,1.0-2.5%,IVFFLAT_HYBRID,5,0.22,186.02,1018.69
10.0x_over,10.0,4439.7,10,44397,1.0,sel_025_050,2.5-5.0%,SQL_FIRST,5,1.0,392.51,634.41
10.0x_over,10.0,4439.7,10,44397,1.0,sel_025_050,2.5-5.0%,VECTOR_FIRST_HNSW,5,0.12,8.27,33.0
10.0x_over,10.0,4439.7,10,44397,1.0,sel_025_050,2.5-5.0%,HNSW_HYBRID,5,0.12,4.61,13.7
10.0x_over,10.0,4439.7,10,44397,1.0,sel_025_050,2.5-5.0%,IVFFLAT_HYBRID,5,0.26,184.48,418.83
10.0x_over,10.0,5022.1,10,50221,1.0,sel_050_100,5.0-100%,SQL_FIRST,5,1.0,368.22,1323.49
10.0x_over,10.0,5022.1,10,50221,1.0,sel_050_100,5.0-100%,VECTOR_FIRST_HNSW,5,0.22,10.88,26.07
10.0x_over,10.0,5022.1,10,50221,1.0,sel_050_100,5.0-100%,HNSW_HYBRID,5,0.22,2.76,9.29
10.0x_over,10.0,5022.1,10,50221,1.0,sel_050_100,5.0-100%,IVFFLAT_HYBRID,5,0.14,262.99,485.39
