query,candidate_vectors,matched_rows,latency_ms,vectors_scanned,topk
category == 'Speaker',100,10,88.02628517150879,100,"[708177, 701258, 565419, 236647, 565814, 36267, 886630, 957845, 453447, 923811]"
category == 'Watch',100,10,17.124176025390625,100,"[932085, 561813, 562594, 600499, 619660, 2176, 454263, 722642, 480497, 225116]"
category == 'TV',100,10,29.723167419433594,100,"[908244, 3752, 701919, 87578, 224263, 391655, 2837, 159953, 882946, 221339]"
category == 'Camera',100,10,22.829055786132812,100,"[435345, 455537, 843384, 68299, 886222, 882, 871568, 930567, 180955, 899809]"
category == 'Monitor',100,10,46.82207107543945,100,"[934876, 706771, 36538, 721706, 4009, 368702, 59844, 678385, 158759, 931948]"
category == 'Phone',100,10,17.770051956176758,100,"[872728, 746931, 910119, 49874, 478814, 904911, 565484, 102903, 915482, 860056]"
category == 'Tablet',100,9,39.758920669555664,100,"[695756, 562167, 568573, 779712, 619829, 541845, 171663, 956733, 931721]"
category == 'Laptop',100,9,47.07026481628418,100,"[893601, 931632, 871066, 791852, 486457, 36139, 806773, 240996, 91348]"
brand == 'Apple',100,10,16.167163848876953,100,"[932085, 435345, 893601, 562167, 746931, 3752, 910119, 779712, 701919, 4009]"
brand == 'Asus',100,9,28.41806411743164,100,"[695756, 455537, 478814, 159953, 171663, 104122, 710644, 569837, 678385]"
brand == 'Lenovo',100,7,21.374940872192383,100,"[843384, 886630, 721706, 87578, 368702, 806773, 871048]"
brand == 'HP',100,10,105.84902763366699,100,"[701258, 562594, 568573, 36267, 480497, 391655, 930567, 988166, 732473, 923811]"
brand == 'Sony',100,10,123.98910522460938,100,"[708177, 36538, 619660, 2176, 882, 565484, 915482, 59844, 882961, 556209]"
brand == 'LG',100,10,19.037961959838867,100,"[934876, 565419, 565814, 931632, 722642, 886222, 224263, 541845, 102903, 221339]"
brand == 'Samsung',100,10,16.11924171447754,100,"[600499, 68299, 871066, 619829, 791852, 899809, 465294, 237161, 398306, 931721]"
brand == 'Dell',100,10,34.24525260925293,100,"[561813, 706771, 872728, 908244, 236647, 454263, 49874, 2837, 453447, 180955]"
price < 200,100,8,8.513927459716797,100,"[708177, 882, 565484, 368702, 394507, 710644, 871048, 16429]"
price < 500,100,10,13.203144073486328,100,"[708177, 600499, 562167, 746931, 68299, 619829, 882, 87578, 224263, 565484]"
price < 800,100,10,29.579639434814453,100,"[932085, 708177, 435345, 36538, 600499, 562167, 746931, 565419, 722642, 843384]"
price < 1200,100,10,42.912960052490234,100,"[932085, 561813, 708177, 706771, 695756, 435345, 701258, 872728, 36538, 908244]"
price < 1600,100,10,6.382226943969727,100,"[932085, 934876, 561813, 708177, 706771, 695756, 435345, 701258, 455537, 872728]"
rating > 2.5,100,10,4.541158676147461,100,"[932085, 561813, 695756, 435345, 701258, 455537, 872728, 36538, 562594, 619660]"
rating > 3.0,100,10,15.800237655639648,100,"[932085, 561813, 695756, 435345, 701258, 455537, 872728, 36538, 562167, 746931]"
rating > 3.5,100,10,3.1092166900634766,100,"[932085, 561813, 695756, 701258, 455537, 872728, 562167, 746931, 565419, 2176]"
rating > 4.0,100,10,7.1849822998046875,100,"[932085, 561813, 701258, 455537, 746931, 565419, 2176, 454263, 3752, 722642]"
rating > 4.5,100,7,2.107858657836914,100,"[455537, 746931, 565419, 2176, 480497, 237161, 871048]"
stock == True,100,10,9.106159210205078,100,"[932085, 561813, 695756, 435345, 701258, 455537, 562594, 908244, 600499, 893601]"
stock == False,100,10,1.9659996032714844,100,"[934876, 708177, 706771, 872728, 36538, 619660, 565814, 36267, 2176, 454263]"
category == 'Laptop' and price < 500,100,0,5.248069763183594,100,[]
brand == 'Apple' and rating > 4,100,4,2.830028533935547,100,"[932085, 746931, 3752, 701919]"
category == 'Phone' and stock == True,100,9,3.0078887939453125,100,"[746931, 910119, 49874, 565484, 102903, 915482, 556209, 394507, 670103]"
category == 'TV' and price < 1000,100,7,7.537841796875,100,"[908244, 87578, 224263, 391655, 159953, 882946, 871048]"
