query,matched_rows,latency_ms,vectors_scanned,topk
category == 'Speaker',124993,289.23797607421875,124993,"[708177, 701258, 565419, 236647, 565814, 36267, 886630, 957845, 453447, 923811]"
category == 'Watch',124962,117.91396141052246,124962,"[932085, 561813, 562594, 600499, 619660, 2176, 454263, 722642, 480497, 225116]"
category == 'TV',125467,130.89609146118164,125467,"[908244, 3752, 701919, 87578, 224263, 391655, 2837, 159953, 882946, 221339]"
category == 'Camera',124977,94.34700012207031,124977,"[435345, 455537, 843384, 68299, 886222, 882, 871568, 930567, 180955, 899809]"
category == 'Monitor',125095,132.58910179138184,125095,"[934876, 706771, 36538, 721706, 4009, 368702, 59844, 529986, 678385, 158759]"
category == 'Phone',125051,80.36422729492188,125051,"[872728, 746931, 910119, 49874, 478814, 904911, 565484, 102903, 915482, 860056]"
category == 'Tablet',124703,207.26513862609863,124703,"[695756, 562167, 568573, 779712, 619829, 541845, 171663, 956733, 931721, 403035]"
category == 'Laptop',124752,235.91995239257812,124752,"[893601, 931632, 871066, 791852, 486457, 36139, 806773, 240996, 91348, 997919]"
brand == 'Apple',125152,308.51006507873535,125152,"[932085, 435345, 893601, 562167, 746931, 3752, 910119, 779712, 701919, 4009]"
brand == 'Asus',125072,256.3161849975586,125072,"[695756, 455537, 478814, 159953, 171663, 104122, 710644, 569837, 678385, 656997]"
brand == 'Lenovo',125057,262.2389793395996,125057,"[843384, 886630, 721706, 87578, 368702, 806773, 871048, 947001, 403035, 871600]"
brand == 'HP',124562,210.78896522521973,124562,"[701258, 562594, 568573, 36267, 480497, 391655, 930567, 988166, 732473, 923811]"
brand == 'Sony',125233,445.0700283050537,125233,"[708177, 36538, 619660, 2176, 882, 565484, 915482, 59844, 882961, 556209]"
brand == 'LG',124969,370.57995796203613,124969,"[934876, 565419, 565814, 931632, 722642, 886222, 224263, 541845, 102903, 221339]"
brand == 'Samsung',125146,164.3540859222412,125146,"[600499, 68299, 871066, 619829, 791852, 899809, 465294, 237161, 398306, 931721]"
brand == 'Dell',124809,280.3061008453369,124809,"[561813, 706771, 872728, 908244, 236647, 454263, 49874, 2837, 453447, 180955]"
price < 200,76848,270.2929973602295,76848,"[708177, 882, 565484, 368702, 394507, 529986, 710644, 871048, 16429, 530400]"
price < 500,230466,488.6918067932129,230466,"[708177, 600499, 562167, 746931, 68299, 619829, 882, 87578, 224263, 565484]"
price < 800,385065,807.7919483184814,385065,"[932085, 708177, 435345, 36538, 600499, 562167, 746931, 565419, 722642, 843384]"
price < 1200,589991,1010.3960037231445,589991,"[932085, 561813, 708177, 706771, 695756, 435345, 701258, 872728, 36538, 908244]"
price < 1600,795149,1190.3557777404785,795149,"[932085, 934876, 561813, 708177, 706771, 695756, 435345, 701258, 455537, 872728]"
rating > 2.5,612283,969.6969985961914,612283,"[932085, 561813, 695756, 435345, 701258, 455537, 872728, 36538, 562594, 619660]"
rating > 3.0,487262,1067.3589706420898,487262,"[932085, 561813, 695756, 435345, 701258, 455537, 872728, 36538, 562167, 746931]"
rating > 3.5,362073,412.153959274292,362073,"[932085, 561813, 695756, 701258, 455537, 872728, 562167, 746931, 565419, 2176]"
rating > 4.0,236721,474.69019889831543,236721,"[932085, 561813, 701258, 455537, 746931, 565419, 2176, 454263, 3752, 722642]"
rating > 4.5,112086,148.94914627075195,112086,"[455537, 746931, 565419, 2176, 480497, 237161, 871048, 385660, 933949, 561694]"
stock == True,500146,587.4049663543701,500146,"[932085, 561813, 695756, 435345, 701258, 455537, 562594, 908244, 600499, 893601]"
stock == False,499854,1305.5317401885986,499854,"[934876, 708177, 706771, 872728, 36538, 619660, 565814, 36267, 2176, 454263]"
category == 'Laptop' and price < 500,28864,212.36395835876465,28864,"[997919, 845066, 792391, 863299, 746111, 201884, 564313, 244305, 570424, 705721]"
brand == 'Apple' and rating > 4,29805,32.89079666137695,29805,"[932085, 746931, 3752, 701919, 929921, 561694, 703365, 72761, 811700, 701108]"
category == 'Phone' and stock == True,62437,64.54300880432129,62437,"[746931, 910119, 49874, 565484, 102903, 915482, 556209, 394507, 564914, 670103]"
category == 'TV' and price < 1000,61215,42.909860610961914,61215,"[908244, 87578, 224263, 391655, 159953, 882946, 871048, 17310, 376161, 390261]"
