predicate,strategy,rows,selectivity,latency_ms,vectors_scanned,matched_rows
category == 'Speaker',POST,124993,0.124993,2611.6862297058105,100,10
category == 'Watch',POST,124962,0.124962,2328.1610012054443,100,10
category == 'TV',POST,125467,0.125467,2645.364999771118,100,10
category == 'Camera',POST,124977,0.124977,4070.003032684326,100,10
category == 'Monitor',POST,125095,0.125095,2935.2259635925293,100,10
category == 'Phone',POST,125051,0.125051,3555.614948272705,100,10
category == 'Tablet',POST,124703,0.124703,2883.4140300750732,100,9
category == 'Laptop',POST,124752,0.124752,2555.746793746948,100,9
brand == 'Apple',POST,125152,0.125152,2722.5351333618164,100,10
brand == 'Asus',POST,125072,0.125072,2917.8078174591064,100,9
brand == 'Lenovo',POST,125057,0.125057,2264.117956161499,100,7
brand == 'HP',POST,124562,0.124562,2369.8248863220215,100,10
brand == 'Sony',POST,125233,0.125233,2299.8039722442627,100,10
brand == 'LG',POST,124969,0.124969,2315.408945083618,100,10
brand == 'Samsung',POST,125146,0.125146,2464.043140411377,100,10
brand == 'Dell',POST,124809,0.124809,3010.361909866333,100,10
price < 200,POST,76848,0.076848,2351.984977722168,100,8
price < 500,POST,230466,0.230466,2283.9579582214355,100,10
price < 800,POST,385065,0.385065,2610.477924346924,100,10
price < 1200,POST,589991,0.589991,2224.930763244629,100,10
price < 1600,POST,795149,0.795149,2632.9240798950195,100,10
rating > 2.5,POST,612283,0.612283,2263.1800174713135,100,10
rating > 3.0,POST,487262,0.487262,2145.7982063293457,100,10
rating > 3.5,POST,362073,0.362073,2118.6718940734863,100,10
rating > 4.0,POST,236721,0.236721,2524.0697860717773,100,10
rating > 4.5,POST,112086,0.112086,2183.069944381714,100,7
stock == True,POST,500146,0.500146,2580.5320739746094,100,10
stock == False,POST,499854,0.499854,2267.322778701782,100,10
category == 'Laptop' and price < 500,POST,28864,0.028864,2477.879047393799,100,0
brand == 'Apple' and rating > 4,POST,29805,0.029805,2222.867250442505,100,4
category == 'Phone' and stock == True,POST,62437,0.062437,2204.472780227661,100,9
category == 'TV' and price < 1000,POST,61215,0.061215,2808.161973953247,100,7
