q_error_label,q_error_factor,observed_q_error,estimated_rows,actual_rows,bucket,strategy,query_idx,recall_at_10,planning_ms,execution_ms,wall_ms,N
0.1x_under,0.1,1488.7,10,14887,sel_000_005,SQL_FIRST,0,1.0,0.139,1859.944,3675.276,1000000
0.1x_under,0.1,1488.7,10,14887,sel_000_005,VECTOR_FIRST_HNSW,0,0.2,0.938,12.281,16.588,1000000
0.1x_under,0.1,1488.7,10,14887,sel_000_005,HNSW_HYBRID,0,0.2,0.072,22.656,26.29,1000000
0.1x_under,0.1,1488.7,10,14887,sel_000_005,IVFFLAT_HYBRID,0,0.0,0.073,206.871,208.833,1000000
0.1x_under,0.1,1498.8,10,14988,sel_000_005,SQL_FIRST,1,1.0,0.113,1841.669,3681.098,1000000
0.1x_under,0.1,1498.8,10,14988,sel_000_005,VECTOR_FIRST_HNSW,1,0.0,0.781,13.034,17.605,1000000
0.1x_under,0.1,1498.8,10,14988,sel_000_005,HNSW_HYBRID,1,0.1,0.457,50.794,55.113,1000000
0.1x_under,0.1,1498.8,10,14988,sel_000_005,IVFFLAT_HYBRID,1,0.1,0.078,195.77,197.469,1000000
0.1x_under,0.1,1487.7,10,14877,sel_000_005,SQL_FIRST,2,1.0,0.241,2390.649,4279.93,1000000
0.1x_under,0.1,1487.7,10,14877,sel_000_005,VECTOR_FIRST_HNSW,2,0.1,0.518,13.926,17.683,1000000
0.1x_under,0.1,1487.7,10,14877,sel_000_005,HNSW_HYBRID,2,0.3,0.197,38.051,40.474,1000000
0.1x_under,0.1,1487.7,10,14877,sel_000_005,IVFFLAT_HYBRID,2,0.0,0.046,173.428,174.895,1000000
0.1x_under,0.1,1493.5,10,14935,sel_000_005,SQL_FIRST,3,1.0,0.117,1656.345,3745.503,1000000
0.1x_under,0.1,1493.5,10,14935,sel_000_005,VECTOR_FIRST_HNSW,3,0.1,0.507,11.332,18.513,1000000
0.1x_under,0.1,1493.5,10,14935,sel_000_005,HNSW_HYBRID,3,0.2,0.147,45.866,51.625,1000000
0.1x_under,0.1,1493.5,10,14935,sel_000_005,IVFFLAT_HYBRID,3,0.1,0.074,100.044,101.917,1000000
0.1x_under,0.1,1493.5,10,14935,sel_000_005,SQL_FIRST,4,1.0,0.12,1369.941,3043.901,1000000
0.1x_under,0.1,1493.5,10,14935,sel_000_005,VECTOR_FIRST_HNSW,4,0.0,0.541,6.725,10.402,1000000
0.1x_under,0.1,1493.5,10,14935,sel_000_005,HNSW_HYBRID,4,0.0,0.086,36.704,40.031,1000000
0.1x_under,0.1,1493.5,10,14935,sel_000_005,IVFFLAT_HYBRID,4,0.1,0.045,229.938,232.301,1000000
0.1x_under,0.1,2512.1,10,25121,sel_005_010,SQL_FIRST,0,1.0,0.152,1462.878,3122.759,1000000
0.1x_under,0.1,2512.1,10,25121,sel_005_010,VECTOR_FIRST_HNSW,0,0.1,0.678,6.459,10.526,1000000
0.1x_under,0.1,2512.1,10,25121,sel_005_010,HNSW_HYBRID,0,0.1,0.162,8.711,11.631,1000000
0.1x_under,0.1,2512.1,10,25121,sel_005_010,IVFFLAT_HYBRID,0,0.2,0.164,178.663,180.741,1000000
0.1x_under,0.1,2504.6,10,25046,sel_005_010,SQL_FIRST,1,1.0,0.154,1501.955,4297.395,1000000
0.1x_under,0.1,2504.6,10,25046,sel_005_010,VECTOR_FIRST_HNSW,1,0.2,0.613,10.785,16.938,1000000
0.1x_under,0.1,2504.6,10,25046,sel_005_010,HNSW_HYBRID,1,0.2,0.137,11.417,14.685,1000000
0.1x_under,0.1,2504.6,10,25046,sel_005_010,IVFFLAT_HYBRID,1,0.1,0.141,181.588,183.563,1000000
0.1x_under,0.1,2487.5,10,24875,sel_005_010,SQL_FIRST,2,1.0,0.103,1241.236,3083.599,1000000
0.1x_under,0.1,2487.5,10,24875,sel_005_010,VECTOR_FIRST_HNSW,2,0.1,0.537,31.317,35.116,1000000
0.1x_under,0.1,2487.5,10,24875,sel_005_010,HNSW_HYBRID,2,0.2,0.168,13.743,18.637,1000000
0.1x_under,0.1,2487.5,10,24875,sel_005_010,IVFFLAT_HYBRID,2,0.0,0.169,1468.812,1477.531,1000000
0.1x_under,0.1,2481.1,10,24811,sel_005_010,SQL_FIRST,3,1.0,0.094,2495.554,5628.102,1000000
0.1x_under,0.1,2481.1,10,24811,sel_005_010,VECTOR_FIRST_HNSW,3,0.4,18.125,531.97,577.828,1000000
0.1x_under,0.1,2481.1,10,24811,sel_005_010,HNSW_HYBRID,3,0.4,0.169,94.961,100.496,1000000
0.1x_under,0.1,2481.1,10,24811,sel_005_010,IVFFLAT_HYBRID,3,0.0,0.154,342.941,345.638,1000000
0.1x_under,0.1,2504.6,10,25046,sel_005_010,SQL_FIRST,4,1.0,0.085,11483.697,17991.707,1000000
0.1x_under,0.1,2504.6,10,25046,sel_005_010,VECTOR_FIRST_HNSW,4,0.1,6.709,29.453,73.068,1000000
0.1x_under,0.1,2504.6,10,25046,sel_005_010,HNSW_HYBRID,4,0.1,0.108,65.487,68.882,1000000
0.1x_under,0.1,2504.6,10,25046,sel_005_010,IVFFLAT_HYBRID,4,0.1,0.051,223.197,225.438,1000000
0.1x_under,0.1,4524.2,10,45242,sel_010_025,SQL_FIRST,0,1.0,0.179,6020.176,11498.189,1000000
0.1x_under,0.1,4524.2,10,45242,sel_010_025,VECTOR_FIRST_HNSW,0,0.0,9.326,23.507,58.545,1000000
0.1x_under,0.1,4524.2,10,45242,sel_010_025,HNSW_HYBRID,0,0.0,4.077,15.517,22.311,1000000
0.1x_under,0.1,4524.2,10,45242,sel_010_025,IVFFLAT_HYBRID,0,0.3,0.293,247.409,250.422,1000000
0.1x_under,0.1,4486.0,10,44860,sel_010_025,SQL_FIRST,1,1.0,0.285,4332.58,8040.407,1000000
0.1x_under,0.1,4486.0,10,44860,sel_010_025,VECTOR_FIRST_HNSW,1,0.3,0.62,13.787,18.285,1000000
0.1x_under,0.1,4486.0,10,44860,sel_010_025,HNSW_HYBRID,1,0.3,1.114,5.277,10.644,1000000
0.1x_under,0.1,4486.0,10,44860,sel_010_025,IVFFLAT_HYBRID,1,0.3,0.182,216.566,219.022,1000000
0.1x_under,0.1,4508.3,10,45083,sel_010_025,SQL_FIRST,2,1.0,0.138,3596.518,8710.136,1000000
0.1x_under,0.1,4508.3,10,45083,sel_010_025,VECTOR_FIRST_HNSW,2,0.7,0.658,19.231,26.712,1000000
0.1x_under,0.1,4508.3,10,45083,sel_010_025,HNSW_HYBRID,2,0.8,0.904,5.144,10.279,1000000
0.1x_under,0.1,4508.3,10,45083,sel_010_025,IVFFLAT_HYBRID,2,0.1,0.177,172.004,174.346,1000000
0.1x_under,0.1,4508.3,10,45083,sel_010_025,SQL_FIRST,3,1.0,0.145,3621.822,7058.865,1000000
0.1x_under,0.1,4508.3,10,45083,sel_010_025,VECTOR_FIRST_HNSW,3,0.1,3.858,19.365,32.176,1000000
0.1x_under,0.1,4508.3,10,45083,sel_010_025,HNSW_HYBRID,3,0.1,1.289,8.753,13.859,1000000
0.1x_under,0.1,4508.3,10,45083,sel_010_025,IVFFLAT_HYBRID,3,0.0,0.157,122.275,124.277,1000000
0.1x_under,0.1,4508.3,10,45083,sel_010_025,SQL_FIRST,4,1.0,0.109,3859.027,7970.124,1000000
0.1x_under,0.1,4508.3,10,45083,sel_010_025,VECTOR_FIRST_HNSW,4,0.0,1.094,18.016,30.589,1000000
0.1x_under,0.1,4508.3,10,45083,sel_010_025,HNSW_HYBRID,4,0.0,0.899,8.883,11.37,1000000
0.1x_under,0.1,4508.3,10,45083,sel_010_025,IVFFLAT_HYBRID,4,0.3,0.055,165.077,166.922,1000000
0.1x_under,0.1,4489.9,10,44899,sel_025_050,SQL_FIRST,0,1.0,0.132,6240.058,19409.346,1000000
0.1x_under,0.1,4489.9,10,44899,sel_025_050,VECTOR_FIRST_HNSW,0,0.0,6.642,23.924,52.699,1000000
0.1x_under,0.1,4489.9,10,44899,sel_025_050,HNSW_HYBRID,0,0.0,7.967,38.222,50.139,1000000
0.1x_under,0.1,4489.9,10,44899,sel_025_050,IVFFLAT_HYBRID,0,0.2,0.279,728.386,730.597,1000000
0.1x_under,0.1,4515.8,10,45158,sel_025_050,SQL_FIRST,1,1.0,0.196,6458.336,11790.337,1000000
0.1x_under,0.1,4515.8,10,45158,sel_025_050,VECTOR_FIRST_HNSW,1,0.1,2.644,54.48,67.969,1000000
0.1x_under,0.1,4515.8,10,45158,sel_025_050,HNSW_HYBRID,1,0.1,0.985,26.903,34.029,1000000
0.1x_under,0.1,4515.8,10,45158,sel_025_050,IVFFLAT_HYBRID,1,0.0,0.157,284.214,286.67,1000000
0.1x_under,0.1,4515.4,10,45154,sel_025_050,SQL_FIRST,2,1.0,0.217,4341.851,7207.456,1000000
0.1x_under,0.1,4515.4,10,45154,sel_025_050,VECTOR_FIRST_HNSW,2,0.4,1.211,15.094,22.181,1000000
0.1x_under,0.1,4515.4,10,45154,sel_025_050,HNSW_HYBRID,2,0.4,1.59,13.023,19.161,1000000
0.1x_under,0.1,4515.4,10,45154,sel_025_050,IVFFLAT_HYBRID,2,0.5,0.158,177.42,179.222,1000000
0.1x_under,0.1,4439.7,10,44397,sel_025_050,SQL_FIRST,3,1.0,0.447,3419.186,5380.841,1000000
0.1x_under,0.1,4439.7,10,44397,sel_025_050,VECTOR_FIRST_HNSW,3,0.0,0.558,9.826,12.956,1000000
0.1x_under,0.1,4439.7,10,44397,sel_025_050,HNSW_HYBRID,3,0.0,3.089,5.99,11.225,1000000
0.1x_under,0.1,4439.7,10,44397,sel_025_050,IVFFLAT_HYBRID,3,0.3,0.064,159.885,161.218,1000000
0.1x_under,0.1,4483.4,10,44834,sel_025_050,SQL_FIRST,4,1.0,0.131,1895.117,3862.19,1000000
0.1x_under,0.1,4483.4,10,44834,sel_025_050,VECTOR_FIRST_HNSW,4,0.1,0.58,8.88,18.327,1000000
0.1x_under,0.1,4483.4,10,44834,sel_025_050,HNSW_HYBRID,4,0.1,1.523,5.565,9.299,1000000
0.1x_under,0.1,4483.4,10,44834,sel_025_050,IVFFLAT_HYBRID,4,0.5,0.187,172.483,174.456,1000000
0.1x_under,0.1,5006.8,10,50068,sel_050_100,SQL_FIRST,0,1.0,0.126,915.494,1423.644,1000000
0.1x_under,0.1,5006.8,10,50068,sel_050_100,VECTOR_FIRST_HNSW,0,0.3,0.093,4.607,6.395,1000000
0.1x_under,0.1,5006.8,10,50068,sel_050_100,HNSW_HYBRID,0,0.3,0.049,2.585,4.549,1000000
0.1x_under,0.1,5006.8,10,50068,sel_050_100,IVFFLAT_HYBRID,0,0.0,0.025,200.597,203.637,1000000
0.1x_under,0.1,5021.6,10,50216,sel_050_100,SQL_FIRST,1,1.0,0.1,5486.622,10237.679,1000000
0.1x_under,0.1,5021.6,10,50216,sel_050_100,VECTOR_FIRST_HNSW,1,0.2,0.644,26.859,33.908,1000000
0.1x_under,0.1,5021.6,10,50216,sel_050_100,HNSW_HYBRID,1,0.2,1.082,8.42,12.95,1000000
0.1x_under,0.1,5021.6,10,50216,sel_050_100,IVFFLAT_HYBRID,1,0.1,0.272,231.813,233.975,1000000
0.1x_under,0.1,5022.1,10,50221,sel_050_100,SQL_FIRST,2,1.0,0.108,1693.127,5281.063,1000000
0.1x_under,0.1,5022.1,10,50221,sel_050_100,VECTOR_FIRST_HNSW,2,0.4,0.636,20.337,25.431,1000000
0.1x_under,0.1,5022.1,10,50221,sel_050_100,HNSW_HYBRID,2,0.4,1.061,8.441,12.996,1000000
0.1x_under,0.1,5022.1,10,50221,sel_050_100,IVFFLAT_HYBRID,2,0.5,0.215,219.966,223.236,1000000
0.1x_under,0.1,4989.5,10,49895,sel_050_100,SQL_FIRST,3,1.0,0.098,2992.083,30293.258,1000000
0.1x_under,0.1,4989.5,10,49895,sel_050_100,VECTOR_FIRST_HNSW,3,0.2,78.064,189.793,548.379,1000000
0.1x_under,0.1,4989.5,10,49895,sel_050_100,HNSW_HYBRID,3,0.2,12.393,133.378,148.104,1000000
0.1x_under,0.1,4989.5,10,49895,sel_050_100,IVFFLAT_HYBRID,3,0.1,0.115,1624.39,1626.587,1000000
0.1x_under,0.1,4987.1,10,49871,sel_050_100,SQL_FIRST,4,1.0,0.2,2167.048,6845.108,1000000
0.1x_under,0.1,4987.1,10,49871,sel_050_100,VECTOR_FIRST_HNSW,4,0.0,426.518,847.114,1430.405,1000000
0.1x_under,0.1,4987.1,10,49871,sel_050_100,HNSW_HYBRID,4,0.0,85.141,271.025,358.419,1000000
0.1x_under,0.1,4987.1,10,49871,sel_050_100,IVFFLAT_HYBRID,4,0.2,0.147,3089.418,3101.496,1000000
0.2x_under,0.2,1487.7,10,14877,sel_000_005,SQL_FIRST,0,1.0,2.45,2442.691,4314.394,1000000
0.2x_under,0.2,1487.7,10,14877,sel_000_005,VECTOR_FIRST_HNSW,0,0.1,8.409,14.471,26.043,1000000
0.2x_under,0.2,1487.7,10,14877,sel_000_005,HNSW_HYBRID,0,0.1,0.049,33.16,35.62,1000000
0.2x_under,0.2,1487.7,10,14877,sel_000_005,IVFFLAT_HYBRID,0,0.1,0.062,183.616,186.527,1000000
0.2x_under,0.2,1493.5,10,14935,sel_000_005,SQL_FIRST,1,1.0,0.099,1314.779,2551.021,1000000
0.2x_under,0.2,1493.5,10,14935,sel_000_005,VECTOR_FIRST_HNSW,1,0.2,1.125,8.631,13.099,1000000
0.2x_under,0.2,1493.5,10,14935,sel_000_005,HNSW_HYBRID,1,0.4,0.211,12.488,15.907,1000000
0.2x_under,0.2,1493.5,10,14935,sel_000_005,IVFFLAT_HYBRID,1,0.1,0.155,195.624,197.856,1000000
0.2x_under,0.2,1514.6,10,15146,sel_000_005,SQL_FIRST,2,1.0,0.168,1006.299,2525.8,1000000
0.2x_under,0.2,1514.6,10,15146,sel_000_005,VECTOR_FIRST_HNSW,2,0.3,0.704,10.851,16.302,1000000
0.2x_under,0.2,1514.6,10,15146,sel_000_005,HNSW_HYBRID,2,0.5,0.183,28.483,32.678,1000000
0.2x_under,0.2,1514.6,10,15146,sel_000_005,IVFFLAT_HYBRID,2,0.0,0.175,176.518,178.403,1000000
0.2x_under,0.2,1500.0,10,15000,sel_000_005,SQL_FIRST,3,1.0,0.723,3892.235,6481.879,1000000
0.2x_under,0.2,1500.0,10,15000,sel_000_005,VECTOR_FIRST_HNSW,3,0.2,0.689,16.629,27.56,1000000
0.2x_under,0.2,1500.0,10,15000,sel_000_005,HNSW_HYBRID,3,0.2,0.194,70.133,74.46,1000000
0.2x_under,0.2,1500.0,10,15000,sel_000_005,IVFFLAT_HYBRID,3,0.0,0.088,105.174,106.639,1000000
0.2x_under,0.2,1493.5,10,14935,sel_000_005,SQL_FIRST,4,1.0,0.125,2602.892,4943.099,1000000
0.2x_under,0.2,1493.5,10,14935,sel_000_005,VECTOR_FIRST_HNSW,4,0.0,0.615,12.231,16.204,1000000
0.2x_under,0.2,1493.5,10,14935,sel_000_005,HNSW_HYBRID,4,0.0,0.208,63.338,66.683,1000000
0.2x_under,0.2,1493.5,10,14935,sel_000_005,IVFFLAT_HYBRID,4,0.1,0.091,149.897,151.675,1000000
0.2x_under,0.2,2489.9,10,24899,sel_005_010,SQL_FIRST,0,1.0,0.091,1544.394,3726.322,1000000
0.2x_under,0.2,2489.9,10,24899,sel_005_010,VECTOR_FIRST_HNSW,0,0.1,1.65,14.424,19.635,1000000
0.2x_under,0.2,2489.9,10,24899,sel_005_010,HNSW_HYBRID,0,0.1,0.162,9.805,12.952,1000000
0.2x_under,0.2,2489.9,10,24899,sel_005_010,IVFFLAT_HYBRID,0,0.1,0.081,188.009,189.733,1000000
0.2x_under,0.2,2481.1,10,24811,sel_005_010,SQL_FIRST,1,1.0,0.125,2405.498,3963.708,1000000
0.2x_under,0.2,2481.1,10,24811,sel_005_010,VECTOR_FIRST_HNSW,1,0.5,13.707,9.581,48.412,1000000
0.2x_under,0.2,2481.1,10,24811,sel_005_010,HNSW_HYBRID,1,0.5,0.145,13.124,16.676,1000000
0.2x_under,0.2,2481.1,10,24811,sel_005_010,IVFFLAT_HYBRID,1,0.1,0.158,187.768,189.968,1000000
0.2x_under,0.2,2504.6,10,25046,sel_005_010,SQL_FIRST,2,1.0,0.283,2117.16,4264.475,1000000
0.2x_under,0.2,2504.6,10,25046,sel_005_010,VECTOR_FIRST_HNSW,2,0.1,1.176,17.655,24.599,1000000
0.2x_under,0.2,2504.6,10,25046,sel_005_010,HNSW_HYBRID,2,0.2,0.144,19.152,23.852,1000000
0.2x_under,0.2,2504.6,10,25046,sel_005_010,IVFFLAT_HYBRID,2,0.1,0.137,207.908,209.717,1000000
0.2x_under,0.2,2522.4,10,25224,sel_005_010,SQL_FIRST,3,1.0,0.079,1272.437,3380.69,1000000
0.2x_under,0.2,2522.4,10,25224,sel_005_010,VECTOR_FIRST_HNSW,3,0.2,0.717,35.541,40.062,1000000
0.2x_under,0.2,2522.4,10,25224,sel_005_010,HNSW_HYBRID,3,0.2,0.16,40.54,44.289,1000000
0.2x_under,0.2,2522.4,10,25224,sel_005_010,IVFFLAT_HYBRID,3,0.0,0.124,187.307,189.342,1000000
0.2x_under,0.2,2512.1,10,25121,sel_005_010,SQL_FIRST,4,1.0,0.28,2104.106,4620.35,1000000
0.2x_under,0.2,2512.1,10,25121,sel_005_010,VECTOR_FIRST_HNSW,4,0.0,0.519,12.004,16.855,1000000
0.2x_under,0.2,2512.1,10,25121,sel_005_010,HNSW_HYBRID,4,0.0,0.221,33.144,35.963,1000000
0.2x_under,0.2,2512.1,10,25121,sel_005_010,IVFFLAT_HYBRID,4,0.1,0.059,191.468,193.519,1000000
0.2x_under,0.2,4500.0,10,45000,sel_010_025,SQL_FIRST,0,1.0,0.148,2876.338,9047.451,1000000
0.2x_under,0.2,4500.0,10,45000,sel_010_025,VECTOR_FIRST_HNSW,0,0.1,11.814,246.272,345.424,1000000
0.2x_under,0.2,4500.0,10,45000,sel_010_025,HNSW_HYBRID,0,0.1,4.392,5.612,21.099,1000000
0.2x_under,0.2,4500.0,10,45000,sel_010_025,IVFFLAT_HYBRID,0,0.0,0.206,456.525,459.377,1000000
0.2x_under,0.2,4499.6,10,44996,sel_010_025,SQL_FIRST,1,1.0,0.143,3409.456,8642.576,1000000
0.2x_under,0.2,4499.6,10,44996,sel_010_025,VECTOR_FIRST_HNSW,1,0.3,0.698,92.835,102.102,1000000
0.2x_under,0.2,4499.6,10,44996,sel_010_025,HNSW_HYBRID,1,0.3,1.488,8.79,12.96,1000000
0.2x_under,0.2,4499.6,10,44996,sel_010_025,IVFFLAT_HYBRID,1,0.1,0.173,624.37,627.288,1000000
0.2x_under,0.2,4499.6,10,44996,sel_010_025,SQL_FIRST,2,1.0,0.156,2532.732,5157.727,1000000
0.2x_under,0.2,4499.6,10,44996,sel_010_025,VECTOR_FIRST_HNSW,2,0.7,0.608,11.62,19.156,1000000
0.2x_under,0.2,4499.6,10,44996,sel_010_025,HNSW_HYBRID,2,0.7,1.012,2.437,6.114,1000000
0.2x_under,0.2,4499.6,10,44996,sel_010_025,IVFFLAT_HYBRID,2,0.2,0.124,164.724,167.08,1000000
0.2x_under,0.2,4467.7,10,44677,sel_010_025,SQL_FIRST,3,1.0,0.139,2013.177,4761.071,1000000
0.2x_under,0.2,4467.7,10,44677,sel_010_025,VECTOR_FIRST_HNSW,3,0.5,0.592,16.386,20.62,1000000
0.2x_under,0.2,4467.7,10,44677,sel_010_025,HNSW_HYBRID,3,0.5,10.683,2.253,15.453,1000000
0.2x_under,0.2,4467.7,10,44677,sel_010_025,IVFFLAT_HYBRID,3,0.0,0.155,266.635,269.013,1000000
0.2x_under,0.2,4507.5,10,45075,sel_010_025,SQL_FIRST,4,1.0,0.113,1891.964,3839.797,1000000
0.2x_under,0.2,4507.5,10,45075,sel_010_025,VECTOR_FIRST_HNSW,4,0.0,0.603,12.065,15.329,1000000
0.2x_under,0.2,4507.5,10,45075,sel_010_025,HNSW_HYBRID,4,0.0,0.929,6.095,9.139,1000000
0.2x_under,0.2,4507.5,10,45075,sel_010_025,IVFFLAT_HYBRID,4,0.2,0.052,196.067,197.855,1000000
0.2x_under,0.2,4515.4,10,45154,sel_025_050,SQL_FIRST,0,1.0,0.123,1185.502,3161.177,1000000
0.2x_under,0.2,4515.4,10,45154,sel_025_050,VECTOR_FIRST_HNSW,0,0.1,0.606,8.672,12.472,1000000
0.2x_under,0.2,4515.4,10,45154,sel_025_050,HNSW_HYBRID,0,0.1,1.167,7.77,11.501,1000000
0.2x_under,0.2,4515.4,10,45154,sel_025_050,IVFFLAT_HYBRID,0,0.1,0.208,189.013,191.065,1000000
0.2x_under,0.2,4489.9,10,44899,sel_025_050,SQL_FIRST,1,1.0,0.344,2341.173,4251.111,1000000
0.2x_under,0.2,4489.9,10,44899,sel_025_050,VECTOR_FIRST_HNSW,1,0.1,0.553,9.19,13.116,1000000
0.2x_under,0.2,4489.9,10,44899,sel_025_050,HNSW_HYBRID,1,0.1,0.91,7.267,9.927,1000000
0.2x_under,0.2,4489.9,10,44899,sel_025_050,IVFFLAT_HYBRID,1,0.1,0.061,222.169,223.997,1000000
0.2x_under,0.2,4489.9,10,44899,sel_025_050,SQL_FIRST,2,1.0,0.117,1075.437,2736.32,1000000
0.2x_under,0.2,4489.9,10,44899,sel_025_050,VECTOR_FIRST_HNSW,2,0.6,0.553,8.243,12.659,1000000
0.2x_under,0.2,4489.9,10,44899,sel_025_050,HNSW_HYBRID,2,0.6,1.072,9.303,13.879,1000000
0.2x_under,0.2,4489.9,10,44899,sel_025_050,IVFFLAT_HYBRID,2,0.1,0.186,247.238,249.062,1000000
0.2x_under,0.2,4529.4,10,45294,sel_025_050,SQL_FIRST,3,1.0,0.167,2712.871,5381.229,1000000
0.2x_under,0.2,4529.4,10,45294,sel_025_050,VECTOR_FIRST_HNSW,3,0.0,0.998,28.845,39.066,1000000
0.2x_under,0.2,4529.4,10,45294,sel_025_050,HNSW_HYBRID,3,0.0,1.063,25.359,31.96,1000000
0.2x_under,0.2,4529.4,10,45294,sel_025_050,IVFFLAT_HYBRID,3,0.3,0.237,199.918,203.142,1000000
0.2x_under,0.2,4531.5,10,45315,sel_025_050,SQL_FIRST,4,1.0,0.127,2407.162,4528.107,1000000
0.2x_under,0.2,4531.5,10,45315,sel_025_050,VECTOR_FIRST_HNSW,4,0.0,0.74,8.906,12.282,1000000
0.2x_under,0.2,4531.5,10,45315,sel_025_050,HNSW_HYBRID,4,0.0,0.907,10.242,12.882,1000000
0.2x_under,0.2,4531.5,10,45315,sel_025_050,IVFFLAT_HYBRID,4,0.2,0.066,164.211,166.386,1000000
0.2x_under,0.2,4989.5,10,49895,sel_050_100,SQL_FIRST,0,1.0,0.136,3536.913,5809.715,1000000
0.2x_under,0.2,4989.5,10,49895,sel_050_100,VECTOR_FIRST_HNSW,0,0.0,0.495,12.657,16.337,1000000
0.2x_under,0.2,4989.5,10,49895,sel_050_100,HNSW_HYBRID,0,0.0,1.1,6.162,9.889,1000000
0.2x_under,0.2,4989.5,10,49895,sel_050_100,IVFFLAT_HYBRID,0,0.5,0.097,296.047,298.906,1000000
0.2x_under,0.2,4991.4,10,49914,sel_050_100,SQL_FIRST,1,1.0,0.173,2465.236,6828.62,1000000
0.2x_under,0.2,4991.4,10,49914,sel_050_100,VECTOR_FIRST_HNSW,1,0.2,0.646,14.688,22.786,1000000
0.2x_under,0.2,4991.4,10,49914,sel_050_100,HNSW_HYBRID,1,0.2,3.865,15.5,23.016,1000000
0.2x_under,0.2,4991.4,10,49914,sel_050_100,IVFFLAT_HYBRID,1,0.3,0.216,190.886,192.88,1000000
0.2x_under,0.2,4943.2,10,49432,sel_050_100,SQL_FIRST,2,1.0,0.151,2792.599,7241.21,1000000
0.2x_under,0.2,4943.2,10,49432,sel_050_100,VECTOR_FIRST_HNSW,2,0.7,0.916,25.694,35.098,1000000
0.2x_under,0.2,4943.2,10,49432,sel_050_100,HNSW_HYBRID,2,0.7,6.444,4.154,13.734,1000000
0.2x_under,0.2,4943.2,10,49432,sel_050_100,IVFFLAT_HYBRID,2,0.3,0.174,265.488,267.699,1000000
0.2x_under,0.2,5003.5,10,50035,sel_050_100,SQL_FIRST,3,1.0,0.158,1036.676,2590.4,1000000
0.2x_under,0.2,5003.5,10,50035,sel_050_100,VECTOR_FIRST_HNSW,3,0.0,0.719,7.997,12.443,1000000
0.2x_under,0.2,5003.5,10,50035,sel_050_100,HNSW_HYBRID,3,0.0,1.076,10.355,14.526,1000000
0.2x_under,0.2,5003.5,10,50035,sel_050_100,IVFFLAT_HYBRID,3,0.2,0.156,156.81,158.186,1000000
0.2x_under,0.2,4987.1,10,49871,sel_050_100,SQL_FIRST,4,1.0,0.144,3590.005,8472.395,1000000
0.2x_under,0.2,4987.1,10,49871,sel_050_100,VECTOR_FIRST_HNSW,4,0.0,11.622,24.227,50.02,1000000
0.2x_under,0.2,4987.1,10,49871,sel_050_100,HNSW_HYBRID,4,0.0,1.709,10.09,15.003,1000000
0.2x_under,0.2,4987.1,10,49871,sel_050_100,IVFFLAT_HYBRID,4,0.2,0.216,271.501,274.407,1000000
0.5x_under,0.5,1498.8,10,14988,sel_000_005,SQL_FIRST,0,1.0,0.142,6778.168,12378.154,1000000
0.5x_under,0.5,1498.8,10,14988,sel_000_005,VECTOR_FIRST_HNSW,0,0.1,0.662,24.517,30.315,1000000
0.5x_under,0.5,1498.8,10,14988,sel_000_005,HNSW_HYBRID,0,0.1,0.199,40.89,42.885,1000000
0.5x_under,0.5,1498.8,10,14988,sel_000_005,IVFFLAT_HYBRID,0,0.0,0.068,186.821,188.721,1000000
0.5x_under,0.5,1495.0,10,14950,sel_000_005,SQL_FIRST,1,1.0,0.228,3691.162,9450.624,1000000
0.5x_under,0.5,1495.0,10,14950,sel_000_005,VECTOR_FIRST_HNSW,1,0.2,0.978,66.984,75.703,1000000
0.5x_under,0.5,1495.0,10,14950,sel_000_005,HNSW_HYBRID,1,0.2,0.254,60.366,62.949,1000000
0.5x_under,0.5,1495.0,10,14950,sel_000_005,IVFFLAT_HYBRID,1,0.0,0.047,327.481,332.567,1000000
0.5x_under,0.5,1496.2,10,14962,sel_000_005,SQL_FIRST,2,1.0,0.092,3519.797,7164.765,1000000
0.5x_under,0.5,1496.2,10,14962,sel_000_005,VECTOR_FIRST_HNSW,2,0.2,0.523,18.348,23.311,1000000
0.5x_under,0.5,1496.2,10,14962,sel_000_005,HNSW_HYBRID,2,0.5,0.19,59.816,62.716,1000000
0.5x_under,0.5,1496.2,10,14962,sel_000_005,IVFFLAT_HYBRID,2,0.0,0.07,168.142,170.358,1000000
0.5x_under,0.5,1493.5,10,14935,sel_000_005,SQL_FIRST,3,1.0,0.126,1407.514,2785.676,1000000
0.5x_under,0.5,1493.5,10,14935,sel_000_005,VECTOR_FIRST_HNSW,3,0.1,0.525,13.567,17.389,1000000
0.5x_under,0.5,1493.5,10,14935,sel_000_005,HNSW_HYBRID,3,0.2,0.086,33.904,37.614,1000000
0.5x_under,0.5,1493.5,10,14935,sel_000_005,IVFFLAT_HYBRID,3,0.1,0.085,98.868,100.497,1000000
0.5x_under,0.5,1493.5,10,14935,sel_000_005,SQL_FIRST,4,1.0,0.094,2630.834,5373.074,1000000
0.5x_under,0.5,1493.5,10,14935,sel_000_005,VECTOR_FIRST_HNSW,4,0.0,0.706,17.16,25.521,1000000
0.5x_under,0.5,1493.5,10,14935,sel_000_005,HNSW_HYBRID,4,0.0,0.168,72.168,74.254,1000000
0.5x_under,0.5,1493.5,10,14935,sel_000_005,IVFFLAT_HYBRID,4,0.1,0.04,183.115,187.62,1000000
0.5x_under,0.5,2504.6,10,25046,sel_005_010,SQL_FIRST,0,1.0,0.127,2175.312,4097.485,1000000
0.5x_under,0.5,2504.6,10,25046,sel_005_010,VECTOR_FIRST_HNSW,0,0.2,0.736,18.413,24.786,1000000
0.5x_under,0.5,2504.6,10,25046,sel_005_010,HNSW_HYBRID,0,0.2,0.208,5.907,8.453,1000000
0.5x_under,0.5,2504.6,10,25046,sel_005_010,IVFFLAT_HYBRID,0,0.0,0.218,217.346,219.88,1000000
0.5x_under,0.5,2522.4,10,25224,sel_005_010,SQL_FIRST,1,1.0,0.184,1469.813,3381.64,1000000
0.5x_under,0.5,2522.4,10,25224,sel_005_010,VECTOR_FIRST_HNSW,1,0.1,0.568,10.164,16.381,1000000
0.5x_under,0.5,2522.4,10,25224,sel_005_010,HNSW_HYBRID,1,0.1,0.089,16.006,18.995,1000000
0.5x_under,0.5,2522.4,10,25224,sel_005_010,IVFFLAT_HYBRID,1,0.0,0.071,185.044,186.757,1000000
0.5x_under,0.5,2507.7,10,25077,sel_005_010,SQL_FIRST,2,1.0,0.264,2899.871,6068.571,1000000
0.5x_under,0.5,2507.7,10,25077,sel_005_010,VECTOR_FIRST_HNSW,2,0.3,0.583,27.891,33.99,1000000
0.5x_under,0.5,2507.7,10,25077,sel_005_010,HNSW_HYBRID,2,0.4,0.199,37.249,43.418,1000000
0.5x_under,0.5,2507.7,10,25077,sel_005_010,IVFFLAT_HYBRID,2,0.1,0.154,334.461,336.172,1000000
0.5x_under,0.5,2508.4,10,25084,sel_005_010,SQL_FIRST,3,1.0,0.268,2013.054,4049.404,1000000
0.5x_under,0.5,2508.4,10,25084,sel_005_010,VECTOR_FIRST_HNSW,3,0.1,0.534,9.879,13.923,1000000
0.5x_under,0.5,2508.4,10,25084,sel_005_010,HNSW_HYBRID,3,0.1,0.077,19.799,23.1,1000000
0.5x_under,0.5,2508.4,10,25084,sel_005_010,IVFFLAT_HYBRID,3,0.0,0.08,150.23,154.304,1000000
0.5x_under,0.5,2487.5,10,24875,sel_005_010,SQL_FIRST,4,1.0,0.15,1694.843,4005.856,1000000
0.5x_under,0.5,2487.5,10,24875,sel_005_010,VECTOR_FIRST_HNSW,4,0.0,0.868,12.3,16.475,1000000
0.5x_under,0.5,2487.5,10,24875,sel_005_010,HNSW_HYBRID,4,0.0,0.264,22.475,25.645,1000000
0.5x_under,0.5,2487.5,10,24875,sel_005_010,IVFFLAT_HYBRID,4,0.1,0.105,296.44,298.585,1000000
0.5x_under,0.5,4486.0,10,44860,sel_010_025,SQL_FIRST,0,1.0,0.173,1755.512,4045.501,1000000
0.5x_under,0.5,4486.0,10,44860,sel_010_025,VECTOR_FIRST_HNSW,0,0.0,0.529,14.485,20.41,1000000
0.5x_under,0.5,4486.0,10,44860,sel_010_025,HNSW_HYBRID,0,0.0,0.134,17.73,21.23,1000000
0.5x_under,0.5,4486.0,10,44860,sel_010_025,IVFFLAT_HYBRID,0,0.3,0.21,318.36,320.348,1000000
0.5x_under,0.5,4508.3,10,45083,sel_010_025,SQL_FIRST,1,1.0,0.145,9838.452,31808.841,1000000
0.5x_under,0.5,4508.3,10,45083,sel_010_025,VECTOR_FIRST_HNSW,1,0.0,5.728,22.023,50.99,1000000
0.5x_under,0.5,4508.3,10,45083,sel_010_025,HNSW_HYBRID,1,0.0,0.271,31.741,35.328,1000000
0.5x_under,0.5,4508.3,10,45083,sel_010_025,IVFFLAT_HYBRID,1,0.2,0.106,317.8,319.865,1000000
0.5x_under,0.5,4509.7,10,45097,sel_010_025,SQL_FIRST,2,1.0,0.146,2489.542,7552.879,1000000
0.5x_under,0.5,4509.7,10,45097,sel_010_025,VECTOR_FIRST_HNSW,2,0.5,0.678,19.091,23.616,1000000
0.5x_under,0.5,4509.7,10,45097,sel_010_025,HNSW_HYBRID,2,0.6,0.09,9.701,12.49,1000000
0.5x_under,0.5,4509.7,10,45097,sel_010_025,IVFFLAT_HYBRID,2,0.2,0.071,224.27,227.681,1000000
0.5x_under,0.5,4486.0,10,44860,sel_010_025,SQL_FIRST,3,1.0,0.193,4286.882,8088.331,1000000
0.5x_under,0.5,4486.0,10,44860,sel_010_025,VECTOR_FIRST_HNSW,3,0.3,0.648,20.496,25.794,1000000
0.5x_under,0.5,4486.0,10,44860,sel_010_025,HNSW_HYBRID,3,0.3,0.211,24.848,31.161,1000000
0.5x_under,0.5,4486.0,10,44860,sel_010_025,IVFFLAT_HYBRID,3,0.0,0.24,110.8,112.213,1000000
0.5x_under,0.5,4492.4,10,44924,sel_010_025,SQL_FIRST,4,1.0,0.19,2939.948,8318.975,1000000
0.5x_under,0.5,4492.4,10,44924,sel_010_025,VECTOR_FIRST_HNSW,4,0.0,1.139,13.572,19.225,1000000
0.5x_under,0.5,4492.4,10,44924,sel_010_025,HNSW_HYBRID,4,0.0,0.044,13.741,15.019,1000000
0.5x_under,0.5,4492.4,10,44924,sel_010_025,IVFFLAT_HYBRID,4,0.3,0.036,164.707,166.234,1000000
0.5x_under,0.5,4529.4,10,45294,sel_025_050,SQL_FIRST,0,1.0,0.17,2655.127,5433.049,1000000
0.5x_under,0.5,4529.4,10,45294,sel_025_050,VECTOR_FIRST_HNSW,0,0.0,0.719,12.166,19.971,1000000
0.5x_under,0.5,4529.4,10,45294,sel_025_050,HNSW_HYBRID,0,0.0,0.131,14.024,15.552,1000000
0.5x_under,0.5,4529.4,10,45294,sel_025_050,IVFFLAT_HYBRID,0,0.1,0.041,328.005,331.999,1000000
0.5x_under,0.5,4487.7,10,44877,sel_025_050,SQL_FIRST,1,1.0,0.154,2757.939,5266.037,1000000
0.5x_under,0.5,4487.7,10,44877,sel_025_050,VECTOR_FIRST_HNSW,1,0.4,0.507,9.281,12.528,1000000
0.5x_under,0.5,4487.7,10,44877,sel_025_050,HNSW_HYBRID,1,0.4,0.039,5.84,8.6,1000000
0.5x_under,0.5,4487.7,10,44877,sel_025_050,IVFFLAT_HYBRID,1,0.3,0.087,177.789,179.678,1000000
0.5x_under,0.5,4529.4,10,45294,sel_025_050,SQL_FIRST,2,1.0,0.184,1104.925,3923.8,1000000
0.5x_under,0.5,4529.4,10,45294,sel_025_050,VECTOR_FIRST_HNSW,2,0.1,0.962,31.36,42.141,1000000
0.5x_under,0.5,4529.4,10,45294,sel_025_050,HNSW_HYBRID,2,0.1,0.138,18.111,21.439,1000000
0.5x_under,0.5,4529.4,10,45294,sel_025_050,IVFFLAT_HYBRID,2,0.2,0.162,311.47,312.965,1000000
0.5x_under,0.5,4531.5,10,45315,sel_025_050,SQL_FIRST,3,1.0,0.098,2171.67,3940.181,1000000
0.5x_under,0.5,4531.5,10,45315,sel_025_050,VECTOR_FIRST_HNSW,3,0.3,3.704,10.645,19.971,1000000
0.5x_under,0.5,4531.5,10,45315,sel_025_050,HNSW_HYBRID,3,0.3,0.076,3.509,10.059,1000000
0.5x_under,0.5,4531.5,10,45315,sel_025_050,IVFFLAT_HYBRID,3,0.5,0.137,120.054,121.845,1000000
0.5x_under,0.5,4483.4,10,44834,sel_025_050,SQL_FIRST,4,1.0,0.129,1627.824,3763.293,1000000
0.5x_under,0.5,4483.4,10,44834,sel_025_050,VECTOR_FIRST_HNSW,4,0.1,0.705,16.258,19.584,1000000
0.5x_under,0.5,4483.4,10,44834,sel_025_050,HNSW_HYBRID,4,0.1,0.113,6.374,7.813,1000000
0.5x_under,0.5,4483.4,10,44834,sel_025_050,IVFFLAT_HYBRID,4,0.5,0.042,168.875,170.66,1000000
0.5x_under,0.5,4987.1,10,49871,sel_050_100,SQL_FIRST,0,1.0,0.298,967.563,2996.37,1000000
0.5x_under,0.5,4987.1,10,49871,sel_050_100,VECTOR_FIRST_HNSW,0,0.0,0.665,12.582,17.295,1000000
0.5x_under,0.5,4987.1,10,49871,sel_050_100,HNSW_HYBRID,0,0.0,1.006,13.507,16.714,1000000
0.5x_under,0.5,4987.1,10,49871,sel_050_100,IVFFLAT_HYBRID,0,0.2,0.092,203.888,210.534,1000000
0.5x_under,0.5,5022.1,10,50221,sel_050_100,SQL_FIRST,1,1.0,0.215,1887.438,3899.084,1000000
0.5x_under,0.5,5022.1,10,50221,sel_050_100,VECTOR_FIRST_HNSW,1,0.4,0.393,8.337,11.644,1000000
0.5x_under,0.5,5022.1,10,50221,sel_050_100,HNSW_HYBRID,1,0.4,1.251,3.663,12.437,1000000
0.5x_under,0.5,5022.1,10,50221,sel_050_100,IVFFLAT_HYBRID,1,0.5,0.076,211.757,213.58,1000000
0.5x_under,0.5,4991.4,10,49914,sel_050_100,SQL_FIRST,2,1.0,0.137,2122.627,4375.79,1000000
0.5x_under,0.5,4991.4,10,49914,sel_050_100,VECTOR_FIRST_HNSW,2,0.8,2.342,18.252,25.092,1000000
0.5x_under,0.5,4991.4,10,49914,sel_050_100,HNSW_HYBRID,2,0.8,1.199,3.291,10.425,1000000
0.5x_under,0.5,4991.4,10,49914,sel_050_100,IVFFLAT_HYBRID,2,0.0,0.263,223.672,225.83,1000000
0.5x_under,0.5,5022.1,10,50221,sel_050_100,SQL_FIRST,3,1.0,0.131,1915.167,6940.244,1000000
0.5x_under,0.5,5022.1,10,50221,sel_050_100,VECTOR_FIRST_HNSW,3,0.1,0.41,10.96,15.456,1000000
0.5x_under,0.5,5022.1,10,50221,sel_050_100,HNSW_HYBRID,3,0.1,2.584,13.265,18.389,1000000
0.5x_under,0.5,5022.1,10,50221,sel_050_100,IVFFLAT_HYBRID,3,0.1,0.118,125.874,127.488,1000000
0.5x_under,0.5,5003.5,10,50035,sel_050_100,SQL_FIRST,4,1.0,0.175,4125.913,7586.867,1000000
0.5x_under,0.5,5003.5,10,50035,sel_050_100,VECTOR_FIRST_HNSW,4,0.0,0.515,12.044,15.871,1000000
0.5x_under,0.5,5003.5,10,50035,sel_050_100,HNSW_HYBRID,4,0.0,0.683,11.498,14.157,1000000
0.5x_under,0.5,5003.5,10,50035,sel_050_100,IVFFLAT_HYBRID,4,0.1,0.067,171.782,173.411,1000000
1.0x_baseline,1.0,1493.5,10,14935,sel_000_005,SQL_FIRST,0,1.0,0.125,2899.154,5876.102,1000000
1.0x_baseline,1.0,1493.5,10,14935,sel_000_005,VECTOR_FIRST_HNSW,0,0.0,0.636,25.515,32.785,1000000
1.0x_baseline,1.0,1493.5,10,14935,sel_000_005,HNSW_HYBRID,0,0.0,0.164,70.238,73.084,1000000
1.0x_baseline,1.0,1493.5,10,14935,sel_000_005,IVFFLAT_HYBRID,0,0.0,0.166,210.102,212.049,1000000
1.0x_baseline,1.0,1496.2,10,14962,sel_000_005,SQL_FIRST,1,1.0,0.129,1472.831,3487.125,1000000
1.0x_baseline,1.0,1496.2,10,14962,sel_000_005,VECTOR_FIRST_HNSW,1,0.1,0.565,14.457,19.179,1000000
1.0x_baseline,1.0,1496.2,10,14962,sel_000_005,HNSW_HYBRID,1,0.1,0.191,33.136,37.214,1000000
1.0x_baseline,1.0,1496.2,10,14962,sel_000_005,IVFFLAT_HYBRID,1,0.0,0.087,189.908,191.759,1000000
1.0x_baseline,1.0,1485.5,10,14855,sel_000_005,SQL_FIRST,2,1.0,1.037,1883.146,7014.472,1000000
1.0x_baseline,1.0,1485.5,10,14855,sel_000_005,VECTOR_FIRST_HNSW,2,0.2,2.374,22.422,30.385,1000000
1.0x_baseline,1.0,1485.5,10,14855,sel_000_005,HNSW_HYBRID,2,0.4,0.176,79.185,83.63,1000000
1.0x_baseline,1.0,1485.5,10,14855,sel_000_005,IVFFLAT_HYBRID,2,0.1,0.095,196.513,198.438,1000000
1.0x_baseline,1.0,1500.0,10,15000,sel_000_005,SQL_FIRST,3,1.0,0.131,2120.826,4203.729,1000000
1.0x_baseline,1.0,1500.0,10,15000,sel_000_005,VECTOR_FIRST_HNSW,3,0.2,0.52,11.884,16.205,1000000
1.0x_baseline,1.0,1500.0,10,15000,sel_000_005,HNSW_HYBRID,3,0.2,0.128,62.046,65.596,1000000
1.0x_baseline,1.0,1500.0,10,15000,sel_000_005,IVFFLAT_HYBRID,3,0.0,0.075,200.614,202.002,1000000
1.0x_baseline,1.0,1487.7,10,14877,sel_000_005,SQL_FIRST,4,1.0,0.125,1624.806,3730.014,1000000
1.0x_baseline,1.0,1487.7,10,14877,sel_000_005,VECTOR_FIRST_HNSW,4,0.0,0.638,10.947,15.612,1000000
1.0x_baseline,1.0,1487.7,10,14877,sel_000_005,HNSW_HYBRID,4,0.0,0.161,25.972,28.496,1000000
1.0x_baseline,1.0,1487.7,10,14877,sel_000_005,IVFFLAT_HYBRID,4,0.0,0.065,185.928,187.534,1000000
1.0x_baseline,1.0,2490.3,10,24903,sel_005_010,SQL_FIRST,0,1.0,0.124,1591.262,3040.068,1000000
1.0x_baseline,1.0,2490.3,10,24903,sel_005_010,VECTOR_FIRST_HNSW,0,0.0,0.668,12.708,15.574,1000000
1.0x_baseline,1.0,2490.3,10,24903,sel_005_010,HNSW_HYBRID,0,0.0,0.058,14.266,17.256,1000000
1.0x_baseline,1.0,2490.3,10,24903,sel_005_010,IVFFLAT_HYBRID,0,0.2,0.084,203.988,206.289,1000000
1.0x_baseline,1.0,2489.9,10,24899,sel_005_010,SQL_FIRST,1,1.0,0.265,2924.533,7828.121,1000000
1.0x_baseline,1.0,2489.9,10,24899,sel_005_010,VECTOR_FIRST_HNSW,1,0.2,0.631,21.865,26.705,1000000
1.0x_baseline,1.0,2489.9,10,24899,sel_005_010,HNSW_HYBRID,1,0.3,0.064,14.264,16.134,1000000
1.0x_baseline,1.0,2489.9,10,24899,sel_005_010,IVFFLAT_HYBRID,1,0.1,0.055,198.971,200.598,1000000
1.0x_baseline,1.0,2507.7,10,25077,sel_005_010,SQL_FIRST,2,1.0,0.128,2227.958,4188.184,1000000
1.0x_baseline,1.0,2507.7,10,25077,sel_005_010,VECTOR_FIRST_HNSW,2,0.3,0.491,11.052,16.809,1000000
1.0x_baseline,1.0,2507.7,10,25077,sel_005_010,HNSW_HYBRID,2,0.4,0.131,32.543,35.646,1000000
1.0x_baseline,1.0,2507.7,10,25077,sel_005_010,IVFFLAT_HYBRID,2,0.1,0.058,173.891,178.092,1000000
1.0x_baseline,1.0,2512.1,10,25121,sel_005_010,SQL_FIRST,3,1.0,0.275,2153.004,4598.396,1000000
1.0x_baseline,1.0,2512.1,10,25121,sel_005_010,VECTOR_FIRST_HNSW,3,0.1,0.527,10.827,14.375,1000000
1.0x_baseline,1.0,2512.1,10,25121,sel_005_010,HNSW_HYBRID,3,0.1,0.117,33.778,36.104,1000000
1.0x_baseline,1.0,2512.1,10,25121,sel_005_010,IVFFLAT_HYBRID,3,0.0,0.038,78.047,79.495,1000000
1.0x_baseline,1.0,2487.5,10,24875,sel_005_010,SQL_FIRST,4,1.0,0.192,1326.632,3696.859,1000000
1.0x_baseline,1.0,2487.5,10,24875,sel_005_010,VECTOR_FIRST_HNSW,4,0.0,0.775,13.321,16.838,1000000
1.0x_baseline,1.0,2487.5,10,24875,sel_005_010,HNSW_HYBRID,4,0.0,0.091,20.62,23.563,1000000
1.0x_baseline,1.0,2487.5,10,24875,sel_005_010,IVFFLAT_HYBRID,4,0.1,0.138,154.917,156.92,1000000
1.0x_baseline,1.0,4508.3,10,45083,sel_010_025,SQL_FIRST,0,1.0,0.142,1396.27,2965.704,1000000
1.0x_baseline,1.0,4508.3,10,45083,sel_010_025,VECTOR_FIRST_HNSW,0,0.0,0.569,11.12,14.903,1000000
1.0x_baseline,1.0,4508.3,10,45083,sel_010_025,HNSW_HYBRID,0,0.0,0.192,11.801,14.626,1000000
1.0x_baseline,1.0,4508.3,10,45083,sel_010_025,IVFFLAT_HYBRID,0,0.4,0.898,175.37,179.282,1000000
1.0x_baseline,1.0,4500.0,10,45000,sel_010_025,SQL_FIRST,1,1.0,0.146,1344.656,3337.599,1000000
1.0x_baseline,1.0,4500.0,10,45000,sel_010_025,VECTOR_FIRST_HNSW,1,0.5,19.634,36.49,68.789,1000000
1.0x_baseline,1.0,4500.0,10,45000,sel_010_025,HNSW_HYBRID,1,0.5,0.143,2.188,9.048,1000000
1.0x_baseline,1.0,4500.0,10,45000,sel_010_025,IVFFLAT_HYBRID,1,0.2,0.297,209.049,211.55,1000000
1.0x_baseline,1.0,4509.7,10,45097,sel_010_025,SQL_FIRST,2,1.0,0.102,1853.707,4079.939,1000000
1.0x_baseline,1.0,4509.7,10,45097,sel_010_025,VECTOR_FIRST_HNSW,2,0.5,4.844,19.371,41.748,1000000
1.0x_baseline,1.0,4509.7,10,45097,sel_010_025,HNSW_HYBRID,2,0.6,0.166,8.079,11.344,1000000
1.0x_baseline,1.0,4509.7,10,45097,sel_010_025,IVFFLAT_HYBRID,2,0.2,0.349,247.69,250.049,1000000
1.0x_baseline,1.0,4508.3,10,45083,sel_010_025,SQL_FIRST,3,1.0,0.201,1308.282,3060.207,1000000
1.0x_baseline,1.0,4508.3,10,45083,sel_010_025,VECTOR_FIRST_HNSW,3,0.1,0.582,7.264,16.377,1000000
1.0x_baseline,1.0,4508.3,10,45083,sel_010_025,HNSW_HYBRID,3,0.1,0.14,22.047,26.6,1000000
1.0x_baseline,1.0,4508.3,10,45083,sel_010_025,IVFFLAT_HYBRID,3,0.0,0.144,118.258,120.543,1000000
1.0x_baseline,1.0,4499.6,10,44996,sel_010_025,SQL_FIRST,4,1.0,0.129,1587.393,3570.142,1000000
1.0x_baseline,1.0,4499.6,10,44996,sel_010_025,VECTOR_FIRST_HNSW,4,0.0,0.618,11.372,15.022,1000000
1.0x_baseline,1.0,4499.6,10,44996,sel_010_025,HNSW_HYBRID,4,0.0,0.173,7.413,9.835,1000000
1.0x_baseline,1.0,4499.6,10,44996,sel_010_025,IVFFLAT_HYBRID,4,0.1,0.112,155.391,157.714,1000000
1.0x_baseline,1.0,4483.4,10,44834,sel_025_050,SQL_FIRST,0,1.0,0.162,1613.19,3954.862,1000000
1.0x_baseline,1.0,4483.4,10,44834,sel_025_050,VECTOR_FIRST_HNSW,0,0.0,0.672,10.63,14.608,1000000
1.0x_baseline,1.0,4483.4,10,44834,sel_025_050,HNSW_HYBRID,0,0.0,0.079,14.394,16.771,1000000
1.0x_baseline,1.0,4483.4,10,44834,sel_025_050,IVFFLAT_HYBRID,0,0.0,0.067,473.908,477.0,1000000
1.0x_baseline,1.0,4439.7,10,44397,sel_025_050,SQL_FIRST,1,1.0,0.163,1696.332,4105.228,1000000
1.0x_baseline,1.0,4439.7,10,44397,sel_025_050,VECTOR_FIRST_HNSW,1,0.1,0.817,16.255,21.844,1000000
1.0x_baseline,1.0,4439.7,10,44397,sel_025_050,HNSW_HYBRID,1,0.1,0.106,7.051,9.801,1000000
1.0x_baseline,1.0,4439.7,10,44397,sel_025_050,IVFFLAT_HYBRID,1,0.2,0.074,204.247,206.027,1000000
1.0x_baseline,1.0,4439.7,10,44397,sel_025_050,SQL_FIRST,2,1.0,0.114,2971.457,5685.778,1000000
1.0x_baseline,1.0,4439.7,10,44397,sel_025_050,VECTOR_FIRST_HNSW,2,0.7,0.601,14.348,20.74,1000000
1.0x_baseline,1.0,4439.7,10,44397,sel_025_050,HNSW_HYBRID,2,0.7,0.082,1.849,5.039,1000000
1.0x_baseline,1.0,4439.7,10,44397,sel_025_050,IVFFLAT_HYBRID,2,0.3,0.043,168.673,170.436,1000000
1.0x_baseline,1.0,4529.4,10,45294,sel_025_050,SQL_FIRST,3,1.0,0.125,1806.681,3677.188,1000000
1.0x_baseline,1.0,4529.4,10,45294,sel_025_050,VECTOR_FIRST_HNSW,3,0.0,0.636,8.681,15.066,1000000
1.0x_baseline,1.0,4529.4,10,45294,sel_025_050,HNSW_HYBRID,3,0.0,0.135,6.182,9.647,1000000
1.0x_baseline,1.0,4529.4,10,45294,sel_025_050,IVFFLAT_HYBRID,3,0.3,0.142,204.177,206.247,1000000
1.0x_baseline,1.0,4439.7,10,44397,sel_025_050,SQL_FIRST,4,1.0,0.222,1153.48,2572.192,1000000
1.0x_baseline,1.0,4439.7,10,44397,sel_025_050,VECTOR_FIRST_HNSW,4,0.0,0.562,9.658,12.677,1000000
1.0x_baseline,1.0,4439.7,10,44397,sel_025_050,HNSW_HYBRID,4,0.0,0.069,8.114,11.254,1000000
1.0x_baseline,1.0,4439.7,10,44397,sel_025_050,IVFFLAT_HYBRID,4,0.1,0.13,173.991,175.779,1000000
1.0x_baseline,1.0,5000.1,10,50001,sel_050_100,SQL_FIRST,0,1.0,0.212,1696.768,3859.404,1000000
1.0x_baseline,1.0,5000.1,10,50001,sel_050_100,VECTOR_FIRST_HNSW,0,0.0,0.608,15.25,19.699,1000000
1.0x_baseline,1.0,5000.1,10,50001,sel_050_100,HNSW_HYBRID,0,0.0,1.119,42.94,47.229,1000000
1.0x_baseline,1.0,5000.1,10,50001,sel_050_100,IVFFLAT_HYBRID,0,0.1,0.165,180.627,182.825,1000000
1.0x_baseline,1.0,5000.1,10,50001,sel_050_100,SQL_FIRST,1,1.0,0.114,1502.941,3303.633,1000000
1.0x_baseline,1.0,5000.1,10,50001,sel_050_100,VECTOR_FIRST_HNSW,1,0.3,0.723,8.826,12.885,1000000
1.0x_baseline,1.0,5000.1,10,50001,sel_050_100,HNSW_HYBRID,1,0.3,2.896,5.43,12.229,1000000
1.0x_baseline,1.0,5000.1,10,50001,sel_050_100,IVFFLAT_HYBRID,1,0.4,0.137,210.747,213.564,1000000
1.0x_baseline,1.0,5003.5,10,50035,sel_050_100,SQL_FIRST,2,1.0,0.204,1124.051,3118.134,1000000
1.0x_baseline,1.0,5003.5,10,50035,sel_050_100,VECTOR_FIRST_HNSW,2,0.5,1.531,12.963,21.98,1000000
1.0x_baseline,1.0,5003.5,10,50035,sel_050_100,HNSW_HYBRID,2,0.5,1.129,10.769,14.418,1000000
1.0x_baseline,1.0,5003.5,10,50035,sel_050_100,IVFFLAT_HYBRID,2,0.5,0.074,223.155,224.635,1000000
1.0x_baseline,1.0,5003.5,10,50035,sel_050_100,SQL_FIRST,3,1.0,0.135,1239.275,3594.011,1000000
1.0x_baseline,1.0,5003.5,10,50035,sel_050_100,VECTOR_FIRST_HNSW,3,0.0,10.467,18.311,35.698,1000000
1.0x_baseline,1.0,5003.5,10,50035,sel_050_100,HNSW_HYBRID,3,0.0,1.263,9.521,15.664,1000000
1.0x_baseline,1.0,5003.5,10,50035,sel_050_100,IVFFLAT_HYBRID,3,0.2,0.138,110.986,113.559,1000000
1.0x_baseline,1.0,5022.1,10,50221,sel_050_100,SQL_FIRST,4,1.0,0.204,2474.392,5479.87,1000000
1.0x_baseline,1.0,5022.1,10,50221,sel_050_100,VECTOR_FIRST_HNSW,4,0.0,10.095,21.571,37.143,1000000
1.0x_baseline,1.0,5022.1,10,50221,sel_050_100,HNSW_HYBRID,4,0.0,1.641,9.557,13.983,1000000
1.0x_baseline,1.0,5022.1,10,50221,sel_050_100,IVFFLAT_HYBRID,4,0.1,0.201,195.541,197.429,1000000
2.0x_over,2.0,1514.6,10,15146,sel_000_005,SQL_FIRST,0,1.0,0.157,2690.313,3254.843,1000000
2.0x_over,2.0,1514.6,10,15146,sel_000_005,VECTOR_FIRST_HNSW,0,0.1,0.07,4.959,6.353,1000000
2.0x_over,2.0,1514.6,10,15146,sel_000_005,HNSW_HYBRID,0,0.1,0.031,17.291,18.91,1000000
2.0x_over,2.0,1514.6,10,15146,sel_000_005,IVFFLAT_HYBRID,0,0.0,0.042,278.189,279.754,1000000
2.0x_over,2.0,1495.0,10,14950,sel_000_005,SQL_FIRST,1,1.0,0.082,77.051,146.068,1000000
2.0x_over,2.0,1495.0,10,14950,sel_000_005,VECTOR_FIRST_HNSW,1,0.2,0.066,4.271,6.136,1000000
2.0x_over,2.0,1495.0,10,14950,sel_000_005,HNSW_HYBRID,1,0.2,0.033,2.155,3.916,1000000
2.0x_over,2.0,1495.0,10,14950,sel_000_005,IVFFLAT_HYBRID,1,0.0,0.047,365.94,368.683,1000000
2.0x_over,2.0,1514.6,10,15146,sel_000_005,SQL_FIRST,2,1.0,0.081,227.913,364.701,1000000
2.0x_over,2.0,1514.6,10,15146,sel_000_005,VECTOR_FIRST_HNSW,2,0.3,0.082,4.917,6.862,1000000
2.0x_over,2.0,1514.6,10,15146,sel_000_005,HNSW_HYBRID,2,0.5,0.029,2.262,4.01,1000000
2.0x_over,2.0,1514.6,10,15146,sel_000_005,IVFFLAT_HYBRID,2,0.0,0.032,165.025,166.956,1000000
2.0x_over,2.0,1488.7,10,14887,sel_000_005,SQL_FIRST,3,1.0,0.076,74.98,142.514,1000000
2.0x_over,2.0,1488.7,10,14887,sel_000_005,VECTOR_FIRST_HNSW,3,0.1,0.088,2.784,4.648,1000000
2.0x_over,2.0,1488.7,10,14887,sel_000_005,HNSW_HYBRID,3,0.1,0.058,3.392,5.201,1000000
2.0x_over,2.0,1488.7,10,14887,sel_000_005,IVFFLAT_HYBRID,3,0.1,0.029,104.63,106.005,1000000
2.0x_over,2.0,1498.8,10,14988,sel_000_005,SQL_FIRST,4,1.0,0.115,59.557,125.301,1000000
2.0x_over,2.0,1498.8,10,14988,sel_000_005,VECTOR_FIRST_HNSW,4,0.0,0.068,2.566,4.094,1000000
2.0x_over,2.0,1498.8,10,14988,sel_000_005,HNSW_HYBRID,4,0.0,0.065,1.479,2.992,1000000
2.0x_over,2.0,1498.8,10,14988,sel_000_005,IVFFLAT_HYBRID,4,0.1,0.025,158.561,161.009,1000000
2.0x_over,2.0,2508.4,10,25084,sel_005_010,SQL_FIRST,0,1.0,0.076,63.105,149.807,1000000
2.0x_over,2.0,2508.4,10,25084,sel_005_010,VECTOR_FIRST_HNSW,0,0.0,0.072,22.221,23.762,1000000
2.0x_over,2.0,2508.4,10,25084,sel_005_010,HNSW_HYBRID,0,0.0,0.04,1.172,2.789,1000000
2.0x_over,2.0,2508.4,10,25084,sel_005_010,IVFFLAT_HYBRID,0,0.1,0.049,404.54,406.444,1000000
2.0x_over,2.0,2508.4,10,25084,sel_005_010,SQL_FIRST,1,1.0,0.088,89.976,179.136,1000000
2.0x_over,2.0,2508.4,10,25084,sel_005_010,VECTOR_FIRST_HNSW,1,0.0,0.117,3.975,5.849,1000000
2.0x_over,2.0,2508.4,10,25084,sel_005_010,HNSW_HYBRID,1,0.1,0.043,1.444,3.106,1000000
2.0x_over,2.0,2508.4,10,25084,sel_005_010,IVFFLAT_HYBRID,1,0.2,0.039,187.534,189.693,1000000
2.0x_over,2.0,2487.5,10,24875,sel_005_010,SQL_FIRST,2,1.0,0.073,66.289,137.016,1000000
2.0x_over,2.0,2487.5,10,24875,sel_005_010,VECTOR_FIRST_HNSW,2,0.1,0.142,43.256,45.395,1000000
2.0x_over,2.0,2487.5,10,24875,sel_005_010,HNSW_HYBRID,2,0.2,0.043,1.299,3.215,1000000
2.0x_over,2.0,2487.5,10,24875,sel_005_010,IVFFLAT_HYBRID,2,0.0,0.049,209.565,211.657,1000000
2.0x_over,2.0,2489.9,10,24899,sel_005_010,SQL_FIRST,3,1.0,0.114,196.283,821.229,1000000
2.0x_over,2.0,2489.9,10,24899,sel_005_010,VECTOR_FIRST_HNSW,3,0.1,0.13,4.306,6.714,1000000
2.0x_over,2.0,2489.9,10,24899,sel_005_010,HNSW_HYBRID,3,0.1,0.047,2.991,5.087,1000000
2.0x_over,2.0,2489.9,10,24899,sel_005_010,IVFFLAT_HYBRID,3,0.1,0.088,101.882,104.234,1000000
2.0x_over,2.0,2508.4,10,25084,sel_005_010,SQL_FIRST,4,1.0,0.181,251.375,343.656,1000000
2.0x_over,2.0,2508.4,10,25084,sel_005_010,VECTOR_FIRST_HNSW,4,0.0,0.068,6.407,7.82,1000000
2.0x_over,2.0,2508.4,10,25084,sel_005_010,HNSW_HYBRID,4,0.0,0.028,0.879,1.744,1000000
2.0x_over,2.0,2508.4,10,25084,sel_005_010,IVFFLAT_HYBRID,4,0.2,0.021,171.921,173.676,1000000
2.0x_over,2.0,4467.7,10,44677,sel_010_025,SQL_FIRST,0,1.0,0.087,199.828,295.64,1000000
2.0x_over,2.0,4467.7,10,44677,sel_010_025,VECTOR_FIRST_HNSW,0,0.1,0.067,1.968,3.335,1000000
2.0x_over,2.0,4467.7,10,44677,sel_010_025,HNSW_HYBRID,0,0.1,0.03,0.793,2.06,1000000
2.0x_over,2.0,4467.7,10,44677,sel_010_025,IVFFLAT_HYBRID,0,0.2,0.023,175.651,178.628,1000000
2.0x_over,2.0,4508.3,10,45083,sel_010_025,SQL_FIRST,1,1.0,0.089,259.646,337.582,1000000
2.0x_over,2.0,4508.3,10,45083,sel_010_025,VECTOR_FIRST_HNSW,1,0.0,0.084,34.925,58.349,1000000
2.0x_over,2.0,4508.3,10,45083,sel_010_025,HNSW_HYBRID,1,0.0,0.052,4.902,6.751,1000000
2.0x_over,2.0,4508.3,10,45083,sel_010_025,IVFFLAT_HYBRID,1,0.2,0.037,207.843,209.501,1000000
2.0x_over,2.0,4524.2,10,45242,sel_010_025,SQL_FIRST,2,1.0,0.154,351.814,433.65,1000000
2.0x_over,2.0,4524.2,10,45242,sel_010_025,VECTOR_FIRST_HNSW,2,0.5,0.066,13.759,15.582,1000000
2.0x_over,2.0,4524.2,10,45242,sel_010_025,HNSW_HYBRID,2,0.5,0.034,0.972,2.163,1000000
2.0x_over,2.0,4524.2,10,45242,sel_010_025,IVFFLAT_HYBRID,2,0.0,0.022,151.987,153.483,1000000
2.0x_over,2.0,4492.4,10,44924,sel_010_025,SQL_FIRST,3,1.0,0.115,325.068,419.005,1000000
2.0x_over,2.0,4492.4,10,44924,sel_010_025,VECTOR_FIRST_HNSW,3,0.2,0.073,5.466,7.132,1000000
2.0x_over,2.0,4492.4,10,44924,sel_010_025,HNSW_HYBRID,3,0.2,0.035,0.817,2.01,1000000
2.0x_over,2.0,4492.4,10,44924,sel_010_025,IVFFLAT_HYBRID,3,0.2,0.022,95.538,96.778,1000000
2.0x_over,2.0,4524.2,10,45242,sel_010_025,SQL_FIRST,4,1.0,0.177,561.758,807.523,1000000
2.0x_over,2.0,4524.2,10,45242,sel_010_025,VECTOR_FIRST_HNSW,4,0.0,0.091,3.619,5.073,1000000
2.0x_over,2.0,4524.2,10,45242,sel_010_025,HNSW_HYBRID,4,0.0,0.045,0.746,2.06,1000000
2.0x_over,2.0,4524.2,10,45242,sel_010_025,IVFFLAT_HYBRID,4,0.2,0.028,192.609,194.069,1000000
2.0x_over,2.0,4515.8,10,45158,sel_025_050,SQL_FIRST,0,1.0,0.156,218.764,300.46,1000000
2.0x_over,2.0,4515.8,10,45158,sel_025_050,VECTOR_FIRST_HNSW,0,0.3,0.073,4.919,6.456,1000000
2.0x_over,2.0,4515.8,10,45158,sel_025_050,HNSW_HYBRID,0,0.3,0.047,0.76,1.927,1000000
2.0x_over,2.0,4515.8,10,45158,sel_025_050,IVFFLAT_HYBRID,0,0.0,0.05,176.571,178.241,1000000
2.0x_over,2.0,4531.5,10,45315,sel_025_050,SQL_FIRST,1,1.0,0.109,65.524,137.308,1000000
2.0x_over,2.0,4531.5,10,45315,sel_025_050,VECTOR_FIRST_HNSW,1,0.2,0.082,8.395,10.919,1000000
2.0x_over,2.0,4531.5,10,45315,sel_025_050,HNSW_HYBRID,1,0.2,0.057,1.185,2.366,1000000
2.0x_over,2.0,4531.5,10,45315,sel_025_050,IVFFLAT_HYBRID,1,0.2,0.022,169.786,171.582,1000000
2.0x_over,2.0,4515.4,10,45154,sel_025_050,SQL_FIRST,2,1.0,0.086,108.554,174.326,1000000
2.0x_over,2.0,4515.4,10,45154,sel_025_050,VECTOR_FIRST_HNSW,2,0.4,0.065,4.307,6.003,1000000
2.0x_over,2.0,4515.4,10,45154,sel_025_050,HNSW_HYBRID,2,0.4,0.036,1.07,2.487,1000000
2.0x_over,2.0,4515.4,10,45154,sel_025_050,IVFFLAT_HYBRID,2,0.5,0.069,185.126,186.784,1000000
2.0x_over,2.0,4491.0,10,44910,sel_025_050,SQL_FIRST,3,1.0,0.081,324.553,409.988,1000000
2.0x_over,2.0,4491.0,10,44910,sel_025_050,VECTOR_FIRST_HNSW,3,0.4,0.075,6.303,15.289,1000000
2.0x_over,2.0,4491.0,10,44910,sel_025_050,HNSW_HYBRID,3,0.4,0.03,0.661,1.794,1000000
2.0x_over,2.0,4491.0,10,44910,sel_025_050,IVFFLAT_HYBRID,3,0.4,0.025,108.889,110.187,1000000
2.0x_over,2.0,4515.4,10,45154,sel_025_050,SQL_FIRST,4,1.0,0.167,523.267,896.525,1000000
2.0x_over,2.0,4515.4,10,45154,sel_025_050,VECTOR_FIRST_HNSW,4,0.0,0.075,3.602,5.269,1000000
2.0x_over,2.0,4515.4,10,45154,sel_025_050,HNSW_HYBRID,4,0.0,0.119,1.62,3.499,1000000
2.0x_over,2.0,4515.4,10,45154,sel_025_050,IVFFLAT_HYBRID,4,0.1,0.033,145.468,147.202,1000000
2.0x_over,2.0,4991.4,10,49914,sel_050_100,SQL_FIRST,0,1.0,0.097,258.095,528.161,1000000
2.0x_over,2.0,4991.4,10,49914,sel_050_100,VECTOR_FIRST_HNSW,0,0.0,0.065,5.47,7.864,1000000
2.0x_over,2.0,4991.4,10,49914,sel_050_100,HNSW_HYBRID,0,0.0,0.088,2.883,9.076,1000000
2.0x_over,2.0,4991.4,10,49914,sel_050_100,IVFFLAT_HYBRID,0,0.0,0.034,200.912,202.389,1000000
2.0x_over,2.0,5003.5,10,50035,sel_050_100,SQL_FIRST,1,1.0,0.13,164.727,241.726,1000000
2.0x_over,2.0,5003.5,10,50035,sel_050_100,VECTOR_FIRST_HNSW,1,0.4,0.107,7.193,9.323,1000000
2.0x_over,2.0,5003.5,10,50035,sel_050_100,HNSW_HYBRID,1,0.4,0.057,0.778,2.051,1000000
2.0x_over,2.0,5003.5,10,50035,sel_050_100,IVFFLAT_HYBRID,1,0.1,0.057,374.329,377.022,1000000
2.0x_over,2.0,5003.5,10,50035,sel_050_100,SQL_FIRST,2,1.0,0.114,81.989,186.112,1000000
2.0x_over,2.0,5003.5,10,50035,sel_050_100,VECTOR_FIRST_HNSW,2,0.5,0.088,21.056,34.281,1000000
2.0x_over,2.0,5003.5,10,50035,sel_050_100,HNSW_HYBRID,2,0.5,0.08,1.636,3.465,1000000
2.0x_over,2.0,5003.5,10,50035,sel_050_100,IVFFLAT_HYBRID,2,0.5,0.22,175.467,177.386,1000000
2.0x_over,2.0,4991.4,10,49914,sel_050_100,SQL_FIRST,3,1.0,0.363,335.249,509.524,1000000
2.0x_over,2.0,4991.4,10,49914,sel_050_100,VECTOR_FIRST_HNSW,3,0.2,0.102,28.778,30.698,1000000
2.0x_over,2.0,4991.4,10,49914,sel_050_100,HNSW_HYBRID,3,0.2,0.041,0.703,3.246,1000000
2.0x_over,2.0,4991.4,10,49914,sel_050_100,IVFFLAT_HYBRID,3,0.4,0.081,199.174,201.066,1000000
2.0x_over,2.0,4943.2,10,49432,sel_050_100,SQL_FIRST,4,1.0,0.098,158.916,235.24,1000000
2.0x_over,2.0,4943.2,10,49432,sel_050_100,VECTOR_FIRST_HNSW,4,0.0,0.076,3.531,5.826,1000000
2.0x_over,2.0,4943.2,10,49432,sel_050_100,HNSW_HYBRID,4,0.0,0.036,0.501,1.535,1000000
2.0x_over,2.0,4943.2,10,49432,sel_050_100,IVFFLAT_HYBRID,4,0.1,0.024,321.009,322.647,1000000
5.0x_over,5.0,1500.0,10,15000,sel_000_005,SQL_FIRST,0,1.0,0.094,446.823,607.635,1000000
5.0x_over,5.0,1500.0,10,15000,sel_000_005,VECTOR_FIRST_HNSW,0,0.0,0.069,2.106,3.402,1000000
5.0x_over,5.0,1500.0,10,15000,sel_000_005,HNSW_HYBRID,0,0.0,0.029,2.537,4.223,1000000
5.0x_over,5.0,1500.0,10,15000,sel_000_005,IVFFLAT_HYBRID,0,0.0,0.036,168.04,170.388,1000000
5.0x_over,5.0,1488.7,10,14887,sel_000_005,SQL_FIRST,1,1.0,0.089,409.569,792.059,1000000
5.0x_over,5.0,1488.7,10,14887,sel_000_005,VECTOR_FIRST_HNSW,1,0.2,0.074,7.29,9.519,1000000
5.0x_over,5.0,1488.7,10,14887,sel_000_005,HNSW_HYBRID,1,0.2,0.077,23.638,26.004,1000000
5.0x_over,5.0,1488.7,10,14887,sel_000_005,IVFFLAT_HYBRID,1,0.1,0.073,191.831,194.723,1000000
5.0x_over,5.0,1498.8,10,14988,sel_000_005,SQL_FIRST,2,1.0,0.098,553.944,658.277,1000000
5.0x_over,5.0,1498.8,10,14988,sel_000_005,VECTOR_FIRST_HNSW,2,0.5,0.073,11.314,14.06,1000000
5.0x_over,5.0,1498.8,10,14988,sel_000_005,HNSW_HYBRID,2,0.8,0.098,8.871,14.509,1000000
5.0x_over,5.0,1498.8,10,14988,sel_000_005,IVFFLAT_HYBRID,2,0.1,0.082,314.52,316.724,1000000
5.0x_over,5.0,1500.0,10,15000,sel_000_005,SQL_FIRST,3,1.0,0.093,80.536,284.358,1000000
5.0x_over,5.0,1500.0,10,15000,sel_000_005,VECTOR_FIRST_HNSW,3,0.2,0.079,10.302,14.005,1000000
5.0x_over,5.0,1500.0,10,15000,sel_000_005,HNSW_HYBRID,3,0.2,0.069,3.382,5.732,1000000
5.0x_over,5.0,1500.0,10,15000,sel_000_005,IVFFLAT_HYBRID,3,0.0,0.08,114.456,115.875,1000000
5.0x_over,5.0,1487.7,10,14877,sel_000_005,SQL_FIRST,4,1.0,0.108,194.857,276.318,1000000
5.0x_over,5.0,1487.7,10,14877,sel_000_005,VECTOR_FIRST_HNSW,4,0.0,0.069,3.889,5.793,1000000
5.0x_over,5.0,1487.7,10,14877,sel_000_005,HNSW_HYBRID,4,0.0,0.031,1.275,2.555,1000000
5.0x_over,5.0,1487.7,10,14877,sel_000_005,IVFFLAT_HYBRID,4,0.0,0.025,174.353,175.895,1000000
5.0x_over,5.0,2522.4,10,25224,sel_005_010,SQL_FIRST,0,1.0,0.324,424.825,797.199,1000000
5.0x_over,5.0,2522.4,10,25224,sel_005_010,VECTOR_FIRST_HNSW,0,0.0,0.083,8.904,12.01,1000000
5.0x_over,5.0,2522.4,10,25224,sel_005_010,HNSW_HYBRID,0,0.0,0.104,19.668,22.935,1000000
5.0x_over,5.0,2522.4,10,25224,sel_005_010,IVFFLAT_HYBRID,0,0.1,0.081,196.307,198.367,1000000
5.0x_over,5.0,2522.4,10,25224,sel_005_010,SQL_FIRST,1,1.0,0.151,74.428,202.459,1000000
5.0x_over,5.0,2522.4,10,25224,sel_005_010,VECTOR_FIRST_HNSW,1,0.1,0.078,15.387,16.909,1000000
5.0x_over,5.0,2522.4,10,25224,sel_005_010,HNSW_HYBRID,1,0.1,0.06,1.513,3.449,1000000
5.0x_over,5.0,2522.4,10,25224,sel_005_010,IVFFLAT_HYBRID,1,0.0,0.068,188.812,190.331,1000000
5.0x_over,5.0,2504.6,10,25046,sel_005_010,SQL_FIRST,2,1.0,0.082,238.164,538.284,1000000
5.0x_over,5.0,2504.6,10,25046,sel_005_010,VECTOR_FIRST_HNSW,2,0.1,0.089,7.618,10.233,1000000
5.0x_over,5.0,2504.6,10,25046,sel_005_010,HNSW_HYBRID,2,0.2,0.071,9.047,13.235,1000000
5.0x_over,5.0,2504.6,10,25046,sel_005_010,IVFFLAT_HYBRID,2,0.1,0.099,167.081,168.719,1000000
5.0x_over,5.0,2522.4,10,25224,sel_005_010,SQL_FIRST,3,1.0,0.226,558.626,1077.022,1000000
5.0x_over,5.0,2522.4,10,25224,sel_005_010,VECTOR_FIRST_HNSW,3,0.2,0.115,7.794,10.973,1000000
5.0x_over,5.0,2522.4,10,25224,sel_005_010,HNSW_HYBRID,3,0.2,0.055,11.307,13.86,1000000
5.0x_over,5.0,2522.4,10,25224,sel_005_010,IVFFLAT_HYBRID,3,0.0,0.107,84.545,86.327,1000000
5.0x_over,5.0,2508.4,10,25084,sel_005_010,SQL_FIRST,4,1.0,0.111,415.492,814.701,1000000
5.0x_over,5.0,2508.4,10,25084,sel_005_010,VECTOR_FIRST_HNSW,4,0.0,0.098,4.059,6.323,1000000
5.0x_over,5.0,2508.4,10,25084,sel_005_010,HNSW_HYBRID,4,0.0,0.043,1.774,3.143,1000000
5.0x_over,5.0,2508.4,10,25084,sel_005_010,IVFFLAT_HYBRID,4,0.2,0.038,168.393,171.734,1000000
5.0x_over,5.0,4509.7,10,45097,sel_010_025,SQL_FIRST,0,1.0,0.129,110.925,179.853,1000000
5.0x_over,5.0,4509.7,10,45097,sel_010_025,VECTOR_FIRST_HNSW,0,0.0,0.072,3.756,7.281,1000000
5.0x_over,5.0,4509.7,10,45097,sel_010_025,HNSW_HYBRID,0,0.0,0.07,0.931,2.347,1000000
5.0x_over,5.0,4509.7,10,45097,sel_010_025,IVFFLAT_HYBRID,0,0.3,0.09,545.932,548.341,1000000
5.0x_over,5.0,4507.5,10,45075,sel_010_025,SQL_FIRST,1,1.0,0.102,148.869,249.257,1000000
5.0x_over,5.0,4507.5,10,45075,sel_010_025,VECTOR_FIRST_HNSW,1,0.2,0.069,21.398,23.967,1000000
5.0x_over,5.0,4507.5,10,45075,sel_010_025,HNSW_HYBRID,1,0.2,0.043,0.864,2.37,1000000
5.0x_over,5.0,4507.5,10,45075,sel_010_025,IVFFLAT_HYBRID,1,0.2,0.025,312.198,314.438,1000000
5.0x_over,5.0,4500.0,10,45000,sel_010_025,SQL_FIRST,2,1.0,0.077,70.475,153.755,1000000
5.0x_over,5.0,4500.0,10,45000,sel_010_025,VECTOR_FIRST_HNSW,2,0.2,0.071,43.557,45.603,1000000
5.0x_over,5.0,4500.0,10,45000,sel_010_025,HNSW_HYBRID,2,0.3,0.038,1.202,2.658,1000000
5.0x_over,5.0,4500.0,10,45000,sel_010_025,IVFFLAT_HYBRID,2,0.2,0.045,445.306,447.035,1000000
5.0x_over,5.0,4509.7,10,45097,sel_010_025,SQL_FIRST,3,1.0,0.087,112.479,191.747,1000000
5.0x_over,5.0,4509.7,10,45097,sel_010_025,VECTOR_FIRST_HNSW,3,0.3,0.09,10.442,11.853,1000000
5.0x_over,5.0,4509.7,10,45097,sel_010_025,HNSW_HYBRID,3,0.3,0.03,0.78,1.614,1000000
5.0x_over,5.0,4509.7,10,45097,sel_010_025,IVFFLAT_HYBRID,3,0.2,0.022,166.708,167.81,1000000
5.0x_over,5.0,4492.4,10,44924,sel_010_025,SQL_FIRST,4,1.0,0.085,107.138,179.05,1000000
5.0x_over,5.0,4492.4,10,44924,sel_010_025,VECTOR_FIRST_HNSW,4,0.0,0.078,23.761,25.623,1000000
5.0x_over,5.0,4492.4,10,44924,sel_010_025,HNSW_HYBRID,4,0.0,0.047,0.784,2.023,1000000
5.0x_over,5.0,4492.4,10,44924,sel_010_025,IVFFLAT_HYBRID,4,0.3,0.03,232.259,234.013,1000000
5.0x_over,5.0,4487.7,10,44877,sel_025_050,SQL_FIRST,0,1.0,0.08,195.029,289.843,1000000
5.0x_over,5.0,4487.7,10,44877,sel_025_050,VECTOR_FIRST_HNSW,0,0.0,0.074,4.884,6.873,1000000
5.0x_over,5.0,4487.7,10,44877,sel_025_050,HNSW_HYBRID,0,0.0,0.06,0.662,2.074,1000000
5.0x_over,5.0,4487.7,10,44877,sel_025_050,IVFFLAT_HYBRID,0,0.4,0.072,187.304,189.789,1000000
5.0x_over,5.0,4491.0,10,44910,sel_025_050,SQL_FIRST,1,1.0,0.113,334.548,783.702,1000000
5.0x_over,5.0,4491.0,10,44910,sel_025_050,VECTOR_FIRST_HNSW,1,0.2,0.077,4.836,6.615,1000000
5.0x_over,5.0,4491.0,10,44910,sel_025_050,HNSW_HYBRID,1,0.2,0.065,3.912,5.594,1000000
5.0x_over,5.0,4491.0,10,44910,sel_025_050,IVFFLAT_HYBRID,1,0.3,0.047,169.964,171.911,1000000
5.0x_over,5.0,4491.0,10,44910,sel_025_050,SQL_FIRST,2,1.0,0.105,313.005,656.331,1000000
5.0x_over,5.0,4491.0,10,44910,sel_025_050,VECTOR_FIRST_HNSW,2,0.1,0.134,6.808,9.217,1000000
5.0x_over,5.0,4491.0,10,44910,sel_025_050,HNSW_HYBRID,2,0.4,0.234,2.442,4.981,1000000
5.0x_over,5.0,4491.0,10,44910,sel_025_050,IVFFLAT_HYBRID,2,0.1,0.062,162.001,163.625,1000000
5.0x_over,5.0,4483.4,10,44834,sel_025_050,SQL_FIRST,3,1.0,0.156,673.459,1083.555,1000000
5.0x_over,5.0,4483.4,10,44834,sel_025_050,VECTOR_FIRST_HNSW,3,0.1,0.115,5.123,8.834,1000000
5.0x_over,5.0,4483.4,10,44834,sel_025_050,HNSW_HYBRID,3,0.1,0.058,2.745,4.065,1000000
5.0x_over,5.0,4483.4,10,44834,sel_025_050,IVFFLAT_HYBRID,3,0.3,0.039,99.395,100.619,1000000
5.0x_over,5.0,4487.7,10,44877,sel_025_050,SQL_FIRST,4,1.0,0.088,402.373,716.021,1000000
5.0x_over,5.0,4487.7,10,44877,sel_025_050,VECTOR_FIRST_HNSW,4,0.0,0.071,6.165,7.959,1000000
5.0x_over,5.0,4487.7,10,44877,sel_025_050,HNSW_HYBRID,4,0.0,0.029,4.295,5.68,1000000
5.0x_over,5.0,4487.7,10,44877,sel_025_050,IVFFLAT_HYBRID,4,0.4,0.056,305.979,307.389,1000000
5.0x_over,5.0,4943.2,10,49432,sel_050_100,SQL_FIRST,0,1.0,1.562,726.145,1058.324,1000000
5.0x_over,5.0,4943.2,10,49432,sel_050_100,VECTOR_FIRST_HNSW,0,0.0,0.096,5.903,8.754,1000000
5.0x_over,5.0,4943.2,10,49432,sel_050_100,HNSW_HYBRID,0,0.0,0.051,3.958,5.582,1000000
5.0x_over,5.0,4943.2,10,49432,sel_050_100,IVFFLAT_HYBRID,0,0.3,0.048,178.101,180.134,1000000
5.0x_over,5.0,5029.0,10,50290,sel_050_100,SQL_FIRST,1,1.0,0.366,1439.507,2370.325,1000000
5.0x_over,5.0,5029.0,10,50290,sel_050_100,VECTOR_FIRST_HNSW,1,0.1,0.136,15.663,18.219,1000000
5.0x_over,5.0,5029.0,10,50290,sel_050_100,HNSW_HYBRID,1,0.1,0.112,6.252,7.985,1000000
5.0x_over,5.0,5029.0,10,50290,sel_050_100,IVFFLAT_HYBRID,1,0.2,0.051,637.828,640.761,1000000
5.0x_over,5.0,5000.1,10,50001,sel_050_100,SQL_FIRST,2,1.0,0.134,457.783,850.909,1000000
5.0x_over,5.0,5000.1,10,50001,sel_050_100,VECTOR_FIRST_HNSW,2,0.2,0.069,15.805,17.84,1000000
5.0x_over,5.0,5000.1,10,50001,sel_050_100,HNSW_HYBRID,2,0.3,0.055,5.605,7.29,1000000
5.0x_over,5.0,5000.1,10,50001,sel_050_100,IVFFLAT_HYBRID,2,0.1,0.067,226.156,227.646,1000000
5.0x_over,5.0,4943.2,10,49432,sel_050_100,SQL_FIRST,3,1.0,0.261,496.879,1011.944,1000000
5.0x_over,5.0,4943.2,10,49432,sel_050_100,VECTOR_FIRST_HNSW,3,0.0,0.09,8.212,11.416,1000000
5.0x_over,5.0,4943.2,10,49432,sel_050_100,HNSW_HYBRID,3,0.0,0.045,1.374,2.429,1000000
5.0x_over,5.0,4943.2,10,49432,sel_050_100,IVFFLAT_HYBRID,3,0.3,0.027,134.972,136.06,1000000
5.0x_over,5.0,5029.0,10,50290,sel_050_100,SQL_FIRST,4,1.0,0.334,451.87,730.366,1000000
5.0x_over,5.0,5029.0,10,50290,sel_050_100,VECTOR_FIRST_HNSW,4,0.0,0.069,12.221,14.373,1000000
5.0x_over,5.0,5029.0,10,50290,sel_050_100,HNSW_HYBRID,4,0.0,0.072,2.105,3.962,1000000
5.0x_over,5.0,5029.0,10,50290,sel_050_100,IVFFLAT_HYBRID,4,0.2,0.028,605.248,609.597,1000000
10.0x_over,10.0,1514.6,10,15146,sel_000_005,SQL_FIRST,0,1.0,0.09,566.153,913.524,1000000
10.0x_over,10.0,1514.6,10,15146,sel_000_005,VECTOR_FIRST_HNSW,0,0.1,0.069,5.05,6.814,1000000
10.0x_over,10.0,1514.6,10,15146,sel_000_005,HNSW_HYBRID,0,0.1,0.06,10.583,12.152,1000000
10.0x_over,10.0,1514.6,10,15146,sel_000_005,IVFFLAT_HYBRID,0,0.0,0.027,303.077,308.239,1000000
10.0x_over,10.0,1485.5,10,14855,sel_000_005,SQL_FIRST,1,1.0,0.667,1071.049,1421.038,1000000
10.0x_over,10.0,1485.5,10,14855,sel_000_005,VECTOR_FIRST_HNSW,1,0.2,0.127,4.995,7.599,1000000
10.0x_over,10.0,1485.5,10,14855,sel_000_005,HNSW_HYBRID,1,0.2,0.033,8.581,10.532,1000000
10.0x_over,10.0,1485.5,10,14855,sel_000_005,IVFFLAT_HYBRID,1,0.0,0.039,212.747,214.293,1000000
10.0x_over,10.0,1493.6,10,14936,sel_000_005,SQL_FIRST,2,1.0,0.143,380.504,2167.54,1000000
10.0x_over,10.0,1493.6,10,14936,sel_000_005,VECTOR_FIRST_HNSW,2,0.2,0.199,14.228,18.415,1000000
10.0x_over,10.0,1493.6,10,14936,sel_000_005,HNSW_HYBRID,2,0.3,0.088,30.192,33.04,1000000
10.0x_over,10.0,1493.6,10,14936,sel_000_005,IVFFLAT_HYBRID,2,0.1,0.082,421.775,424.542,1000000
10.0x_over,10.0,1485.5,10,14855,sel_000_005,SQL_FIRST,3,1.0,0.095,2213.282,3732.049,1000000
10.0x_over,10.0,1485.5,10,14855,sel_000_005,VECTOR_FIRST_HNSW,3,0.3,0.43,239.387,247.871,1000000
10.0x_over,10.0,1485.5,10,14855,sel_000_005,HNSW_HYBRID,3,0.3,0.172,506.172,512.409,1000000
10.0x_over,10.0,1485.5,10,14855,sel_000_005,IVFFLAT_HYBRID,3,0.0,0.138,1110.909,1116.044,1000000
10.0x_over,10.0,1493.5,10,14935,sel_000_005,SQL_FIRST,4,1.0,0.18,839.51,1549.73,1000000
10.0x_over,10.0,1493.5,10,14935,sel_000_005,VECTOR_FIRST_HNSW,4,0.0,0.125,9.291,13.7,1000000
10.0x_over,10.0,1493.5,10,14935,sel_000_005,HNSW_HYBRID,4,0.0,0.06,132.544,136.265,1000000
10.0x_over,10.0,1493.5,10,14935,sel_000_005,IVFFLAT_HYBRID,4,0.1,0.16,626.669,629.243,1000000
10.0x_over,10.0,2487.5,10,24875,sel_005_010,SQL_FIRST,0,1.0,0.157,605.952,1734.711,1000000
10.0x_over,10.0,2487.5,10,24875,sel_005_010,VECTOR_FIRST_HNSW,0,0.0,0.141,16.669,20.35,1000000
10.0x_over,10.0,2487.5,10,24875,sel_005_010,HNSW_HYBRID,0,0.0,0.221,12.745,14.525,1000000
10.0x_over,10.0,2487.5,10,24875,sel_005_010,IVFFLAT_HYBRID,0,0.1,0.207,169.41,171.791,1000000
10.0x_over,10.0,2507.7,10,25077,sel_005_010,SQL_FIRST,1,1.0,0.129,506.28,918.116,1000000
10.0x_over,10.0,2507.7,10,25077,sel_005_010,VECTOR_FIRST_HNSW,1,0.4,0.137,7.737,12.443,1000000
10.0x_over,10.0,2507.7,10,25077,sel_005_010,HNSW_HYBRID,1,0.4,0.066,13.446,15.717,1000000
10.0x_over,10.0,2507.7,10,25077,sel_005_010,IVFFLAT_HYBRID,1,0.1,0.048,177.643,183.443,1000000
10.0x_over,10.0,2522.4,10,25224,sel_005_010,SQL_FIRST,2,1.0,0.297,482.364,948.888,1000000
10.0x_over,10.0,2522.4,10,25224,sel_005_010,VECTOR_FIRST_HNSW,2,0.3,0.086,6.859,10.556,1000000
10.0x_over,10.0,2522.4,10,25224,sel_005_010,HNSW_HYBRID,2,0.5,0.139,13.473,16.294,1000000
10.0x_over,10.0,2522.4,10,25224,sel_005_010,IVFFLAT_HYBRID,2,0.0,0.046,376.352,378.47,1000000
10.0x_over,10.0,2522.4,10,25224,sel_005_010,SQL_FIRST,3,1.0,0.097,774.026,1380.831,1000000
10.0x_over,10.0,2522.4,10,25224,sel_005_010,VECTOR_FIRST_HNSW,3,0.2,0.102,6.354,9.067,1000000
10.0x_over,10.0,2522.4,10,25224,sel_005_010,HNSW_HYBRID,3,0.2,0.055,10.89,14.309,1000000
10.0x_over,10.0,2522.4,10,25224,sel_005_010,IVFFLAT_HYBRID,3,0.0,0.079,118.27,120.475,1000000
10.0x_over,10.0,2508.4,10,25084,sel_005_010,SQL_FIRST,4,1.0,0.227,281.805,783.292,1000000
10.0x_over,10.0,2508.4,10,25084,sel_005_010,VECTOR_FIRST_HNSW,4,0.0,0.155,6.273,9.449,1000000
10.0x_over,10.0,2508.4,10,25084,sel_005_010,HNSW_HYBRID,4,0.0,0.069,4.693,7.205,1000000
10.0x_over,10.0,2508.4,10,25084,sel_005_010,IVFFLAT_HYBRID,4,0.2,0.081,168.296,170.188,1000000
10.0x_over,10.0,4486.0,10,44860,sel_010_025,SQL_FIRST,0,1.0,0.095,581.093,808.922,1000000
10.0x_over,10.0,4486.0,10,44860,sel_010_025,VECTOR_FIRST_HNSW,0,0.0,0.114,196.701,204.105,1000000
10.0x_over,10.0,4486.0,10,44860,sel_010_025,HNSW_HYBRID,0,0.0,0.167,2.912,12.929,1000000
10.0x_over,10.0,4486.0,10,44860,sel_010_025,IVFFLAT_HYBRID,0,0.3,0.174,708.018,713.746,1000000
10.0x_over,10.0,4507.5,10,45075,sel_010_025,SQL_FIRST,1,1.0,0.1,337.111,665.856,1000000
10.0x_over,10.0,4507.5,10,45075,sel_010_025,VECTOR_FIRST_HNSW,1,0.2,0.093,50.32,61.735,1000000
10.0x_over,10.0,4507.5,10,45075,sel_010_025,HNSW_HYBRID,1,0.2,0.087,6.03,8.025,1000000
10.0x_over,10.0,4507.5,10,45075,sel_010_025,IVFFLAT_HYBRID,1,0.2,0.068,183.247,186.021,1000000
10.0x_over,10.0,4492.4,10,44924,sel_010_025,SQL_FIRST,2,1.0,0.117,325.391,472.303,1000000
10.0x_over,10.0,4492.4,10,44924,sel_010_025,VECTOR_FIRST_HNSW,2,0.6,0.243,5.991,10.533,1000000
10.0x_over,10.0,4492.4,10,44924,sel_010_025,HNSW_HYBRID,2,0.6,0.113,2.16,5.792,1000000
10.0x_over,10.0,4492.4,10,44924,sel_010_025,IVFFLAT_HYBRID,2,0.1,0.076,1089.726,1094.921,1000000
10.0x_over,10.0,4492.4,10,44924,sel_010_025,SQL_FIRST,3,1.0,0.123,596.564,1119.795,1000000
10.0x_over,10.0,4492.4,10,44924,sel_010_025,VECTOR_FIRST_HNSW,3,0.2,0.077,5.628,7.802,1000000
10.0x_over,10.0,4492.4,10,44924,sel_010_025,HNSW_HYBRID,3,0.2,0.063,1.841,8.11,1000000
10.0x_over,10.0,4492.4,10,44924,sel_010_025,IVFFLAT_HYBRID,3,0.2,0.079,115.886,117.464,1000000
10.0x_over,10.0,4492.4,10,44924,sel_010_025,SQL_FIRST,4,1.0,0.196,204.425,333.388,1000000
10.0x_over,10.0,4492.4,10,44924,sel_010_025,VECTOR_FIRST_HNSW,4,0.0,0.15,3.846,6.067,1000000
10.0x_over,10.0,4492.4,10,44924,sel_010_025,HNSW_HYBRID,4,0.0,0.052,0.994,2.393,1000000
10.0x_over,10.0,4492.4,10,44924,sel_010_025,IVFFLAT_HYBRID,4,0.3,0.04,152.36,154.465,1000000
10.0x_over,10.0,4439.7,10,44397,sel_025_050,SQL_FIRST,0,1.0,0.1,264.807,529.017,1000000
10.0x_over,10.0,4439.7,10,44397,sel_025_050,VECTOR_FIRST_HNSW,0,0.0,0.08,5.968,8.117,1000000
10.0x_over,10.0,4439.7,10,44397,sel_025_050,HNSW_HYBRID,0,0.0,0.045,3.317,4.611,1000000
10.0x_over,10.0,4439.7,10,44397,sel_025_050,IVFFLAT_HYBRID,0,0.2,0.03,182.944,184.483,1000000
10.0x_over,10.0,4529.4,10,45294,sel_025_050,SQL_FIRST,1,1.0,0.177,306.359,382.169,1000000
10.0x_over,10.0,4529.4,10,45294,sel_025_050,VECTOR_FIRST_HNSW,1,0.2,0.075,4.211,6.361,1000000
10.0x_over,10.0,4529.4,10,45294,sel_025_050,HNSW_HYBRID,1,0.2,0.029,0.715,2.213,1000000
10.0x_over,10.0,4529.4,10,45294,sel_025_050,IVFFLAT_HYBRID,1,0.1,0.021,202.624,204.626,1000000
10.0x_over,10.0,4515.4,10,45154,sel_025_050,SQL_FIRST,2,1.0,0.084,308.526,392.507,1000000
10.0x_over,10.0,4515.4,10,45154,sel_025_050,VECTOR_FIRST_HNSW,2,0.4,0.088,5.751,8.268,1000000
10.0x_over,10.0,4515.4,10,45154,sel_025_050,HNSW_HYBRID,2,0.4,0.076,2.635,5.192,1000000
10.0x_over,10.0,4515.4,10,45154,sel_025_050,IVFFLAT_HYBRID,2,0.5,0.053,470.144,472.382,1000000
10.0x_over,10.0,4529.4,10,45294,sel_025_050,SQL_FIRST,3,1.0,0.072,70.566,141.863,1000000
10.0x_over,10.0,4529.4,10,45294,sel_025_050,VECTOR_FIRST_HNSW,3,0.0,0.081,4.855,10.963,1000000
10.0x_over,10.0,4529.4,10,45294,sel_025_050,HNSW_HYBRID,3,0.0,0.036,0.893,1.921,1000000
10.0x_over,10.0,4529.4,10,45294,sel_025_050,IVFFLAT_HYBRID,3,0.3,0.026,118.358,119.885,1000000
10.0x_over,10.0,4531.5,10,45315,sel_025_050,SQL_FIRST,4,1.0,0.193,356.828,660.76,1000000
10.0x_over,10.0,4531.5,10,45315,sel_025_050,VECTOR_FIRST_HNSW,4,0.0,0.076,36.49,38.505,1000000
10.0x_over,10.0,4531.5,10,45315,sel_025_050,HNSW_HYBRID,4,0.0,0.054,11.214,15.821,1000000
10.0x_over,10.0,4531.5,10,45315,sel_025_050,IVFFLAT_HYBRID,4,0.2,0.038,178.215,179.667,1000000
10.0x_over,10.0,5022.1,10,50221,sel_050_100,SQL_FIRST,0,1.0,0.096,465.294,772.128,1000000
10.0x_over,10.0,5022.1,10,50221,sel_050_100,VECTOR_FIRST_HNSW,0,0.1,0.087,8.22,11.07,1000000
10.0x_over,10.0,5022.1,10,50221,sel_050_100,HNSW_HYBRID,0,0.1,0.045,2.529,3.825,1000000
10.0x_over,10.0,5022.1,10,50221,sel_050_100,IVFFLAT_HYBRID,0,0.1,0.039,260.595,262.992,1000000
10.0x_over,10.0,5029.0,10,50290,sel_050_100,SQL_FIRST,1,1.0,0.127,247.212,368.216,1000000
10.0x_over,10.0,5029.0,10,50290,sel_050_100,VECTOR_FIRST_HNSW,1,0.1,0.084,4.032,8.092,1000000
10.0x_over,10.0,5029.0,10,50290,sel_050_100,HNSW_HYBRID,1,0.1,0.039,0.89,2.229,1000000
10.0x_over,10.0,5029.0,10,50290,sel_050_100,IVFFLAT_HYBRID,1,0.2,0.045,211.194,212.793,1000000
10.0x_over,10.0,4987.1,10,49871,sel_050_100,SQL_FIRST,2,1.0,0.096,86.646,160.785,1000000
10.0x_over,10.0,4987.1,10,49871,sel_050_100,VECTOR_FIRST_HNSW,2,0.6,0.073,4.927,10.875,1000000
10.0x_over,10.0,4987.1,10,49871,sel_050_100,HNSW_HYBRID,2,0.6,0.058,1.174,2.76,1000000
10.0x_over,10.0,4987.1,10,49871,sel_050_100,IVFFLAT_HYBRID,2,0.1,0.036,164.636,166.161,1000000
10.0x_over,10.0,4987.1,10,49871,sel_050_100,SQL_FIRST,3,1.0,0.196,632.859,1461.333,1000000
10.0x_over,10.0,4987.1,10,49871,sel_050_100,VECTOR_FIRST_HNSW,3,0.3,0.126,25.312,29.814,1000000
10.0x_over,10.0,4987.1,10,49871,sel_050_100,HNSW_HYBRID,3,0.3,0.083,6.625,10.652,1000000
10.0x_over,10.0,4987.1,10,49871,sel_050_100,IVFFLAT_HYBRID,3,0.2,0.103,310.133,317.013,1000000
10.0x_over,10.0,5003.5,10,50035,sel_050_100,SQL_FIRST,4,1.0,0.133,164.599,245.464,1000000
10.0x_over,10.0,5003.5,10,50035,sel_050_100,VECTOR_FIRST_HNSW,4,0.0,0.071,7.619,9.049,1000000
10.0x_over,10.0,5003.5,10,50035,sel_050_100,HNSW_HYBRID,4,0.0,0.037,0.635,2.389,1000000
10.0x_over,10.0,5003.5,10,50035,sel_050_100,IVFFLAT_HYBRID,4,0.1,0.033,523.753,527.483,1000000
