bucket,strategy,n_seeds,queries_per_seed,mean_recall,std_recall,min_recall,max_recall,ci95_lower,ci95_upper,ci95_width,bernstein_bound_seed_mean,bernstein_bound_per_query,ci_within_pac,delta
sel_000_005,HNSW_HYBRID,30,5,0.184,0.0418,0.1,0.26,0.17,0.1993,0.0293,0.4454,0.1239,True,0.05
sel_000_005,IVFFLAT_HYBRID,30,5,0.0433,0.0263,0.0,0.12,0.0347,0.0527,0.018,0.4373,0.095,True,0.05
sel_000_005,SQL_FIRST,30,5,1.0,0.0,1.0,1.0,1.0,1.0,0.0,0.4236,0.0824,True,0.05
sel_000_005,VECTOR_FIRST_HNSW,30,5,0.112,0.0419,0.02,0.2,0.0973,0.1267,0.0293,0.4454,0.11,True,0.05
sel_005_010,HNSW_HYBRID,30,5,0.1807,0.056,0.08,0.3,0.1613,0.2,0.0387,0.4528,0.1202,True,0.05
sel_005_010,IVFFLAT_HYBRID,30,5,0.0887,0.0318,0.04,0.18,0.078,0.1,0.022,0.4402,0.0997,True,0.05
sel_005_010,SQL_FIRST,30,5,1.0,0.0,1.0,1.0,1.0,1.0,0.0,0.4236,0.0824,True,0.05
sel_005_010,VECTOR_FIRST_HNSW,30,5,0.1707,0.0525,0.08,0.26,0.1527,0.1887,0.036,0.451,0.1187,True,0.05
sel_010_025,HNSW_HYBRID,30,5,0.2073,0.0552,0.08,0.3,0.188,0.226,0.038,0.4524,0.1323,True,0.05
sel_010_025,IVFFLAT_HYBRID,30,5,0.1753,0.0466,0.1,0.3,0.1593,0.192,0.0327,0.4479,0.1104,True,0.05
sel_010_025,SQL_FIRST,30,5,1.0,0.0,1.0,1.0,1.0,1.0,0.0,0.4236,0.0824,True,0.05
sel_010_025,VECTOR_FIRST_HNSW,30,5,0.1913,0.0535,0.08,0.3,0.1713,0.21,0.0387,0.4515,0.1299,True,0.05
sel_025_050,HNSW_HYBRID,30,5,0.174,0.0681,0.06,0.34,0.1507,0.198,0.0473,0.4591,0.1297,True,0.05
sel_025_050,IVFFLAT_HYBRID,30,5,0.1933,0.0738,0.1,0.38,0.1686,0.2187,0.05,0.4621,0.1164,True,0.05
sel_025_050,SQL_FIRST,30,5,1.0,0.0,1.0,1.0,1.0,1.0,0.0,0.4236,0.0824,True,0.05
sel_025_050,VECTOR_FIRST_HNSW,30,5,0.1567,0.0716,0.02,0.32,0.132,0.182,0.05,0.461,0.1284,True,0.05
sel_050_100,HNSW_HYBRID,30,5,0.178,0.0774,0.06,0.38,0.1513,0.206,0.0547,0.464,0.1302,True,0.05
sel_050_100,IVFFLAT_HYBRID,30,5,0.21,0.0589,0.12,0.34,0.19,0.232,0.042,0.4543,0.1185,True,0.05
sel_050_100,SQL_FIRST,30,5,1.0,0.0,1.0,1.0,1.0,1.0,0.0,0.4236,0.0824,True,0.05
sel_050_100,VECTOR_FIRST_HNSW,30,5,0.1873,0.0602,0.08,0.32,0.1673,0.208,0.0407,0.455,0.1276,True,0.05
