N,bucket,strategy,query_idx,recall_at_10,planning_ms,execution_ms,wall_p50_ms,wall_p95_ms,wall_p99_ms,n_repeats,gt_size
1000000,sel_000_005,SQL_FIRST,0,1.0,0.441,3286.811,7297.591,7297.591,7297.591,1,10
1000000,sel_000_005,VECTOR_FIRST_HNSW,0,0.2,6.894,28.573,56.843,56.843,56.843,1,10
1000000,sel_000_005,HNSW_HYBRID,0,0.2,1.219,38.792,45.214,45.214,45.214,1,10
1000000,sel_000_005,IVFFLAT_HYBRID,0,0.0,0.783,440.744,446.799,446.799,446.799,1,10
1000000,sel_005_010,SQL_FIRST,0,1.0,0.696,4853.334,11670.992,11670.992,11670.992,1,10
1000000,sel_005_010,VECTOR_FIRST_HNSW,0,0.0,5.351,27.194,47.557,47.557,47.557,1,10
1000000,sel_005_010,HNSW_HYBRID,0,0.0,1.325,512.1,522.938,522.938,522.938,1,10
1000000,sel_005_010,IVFFLAT_HYBRID,0,0.1,0.518,587.944,597.972,597.972,597.972,1,10
1000000,sel_010_025,SQL_FIRST,0,1.0,1.107,4626.337,8419.092,8419.092,8419.092,1,10
1000000,sel_010_025,VECTOR_FIRST_HNSW,0,0.0,7.026,19.309,44.588,44.588,44.588,1,10
1000000,sel_010_025,HNSW_HYBRID,0,0.0,1.413,75.56,83.573,83.573,83.573,1,10
1000000,sel_010_025,IVFFLAT_HYBRID,0,0.3,0.989,234.92,241.206,241.206,241.206,1,10
1000000,sel_025_050,SQL_FIRST,0,1.0,0.612,873.056,1240.198,1240.198,1240.198,1,10
1000000,sel_025_050,VECTOR_FIRST_HNSW,0,0.0,3.572,4.817,16.857,16.857,16.857,1,10
1000000,sel_025_050,HNSW_HYBRID,0,0.0,0.794,7.352,12.561,12.561,12.561,1,10
1000000,sel_025_050,IVFFLAT_HYBRID,0,0.0,0.763,203.657,210.307,210.307,210.307,1,10
1000000,sel_050_100,SQL_FIRST,0,1.0,0.336,209.294,373.437,373.437,373.437,1,10
1000000,sel_050_100,VECTOR_FIRST_HNSW,0,0.0,0.406,0.879,3.291,3.291,3.291,1,10
1000000,sel_050_100,HNSW_HYBRID,0,0.0,0.339,1.272,3.422,3.422,3.422,1,10
1000000,sel_050_100,IVFFLAT_HYBRID,0,0.0,0.361,2.591,5.181,5.181,5.181,1,10
