seed,bucket,strategy,query_idx,recall_at_10
1000,sel_000_005,SQL_FIRST,0,1.0
1000,sel_000_005,VECTOR_FIRST_HNSW,0,0.0
1000,sel_000_005,HNSW_HYBRID,0,0.1
1000,sel_000_005,IVFFLAT_HYBRID,0,0.1
1000,sel_005_010,SQL_FIRST,0,1.0
1000,sel_005_010,VECTOR_FIRST_HNSW,0,0.1
1000,sel_005_010,HNSW_HYBRID,0,0.1
1000,sel_005_010,IVFFLAT_HYBRID,0,0.2
1000,sel_010_025,SQL_FIRST,0,1.0
1000,sel_010_025,VECTOR_FIRST_HNSW,0,0.0
1000,sel_010_025,HNSW_HYBRID,0,0.1
1000,sel_010_025,IVFFLAT_HYBRID,0,0.1
1000,sel_025_050,SQL_FIRST,0,1.0
1000,sel_025_050,VECTOR_FIRST_HNSW,0,0.0
1000,sel_025_050,HNSW_HYBRID,0,0.0
1000,sel_025_050,IVFFLAT_HYBRID,0,0.2
1000,sel_050_100,SQL_FIRST,0,1.0
1000,sel_050_100,VECTOR_FIRST_HNSW,0,0.3
1000,sel_050_100,HNSW_HYBRID,0,0.0
1000,sel_050_100,IVFFLAT_HYBRID,0,0.3
