cache_state,bucket,strategy,query_idx,recall_at_10,planning_ms,execution_ms,wall_p50_ms,wall_p95_ms,wall_p99_ms,n_repeats,gt_size
hot,sel_000_005,SQL_FIRST,0,1.0,0.818,4087.096,8280.809,8280.809,8280.809,1,10
hot,sel_000_005,VECTOR_FIRST_HNSW,0,0.2,10.143,20.203,50.074,50.074,50.074,1,10
hot,sel_000_005,HNSW_HYBRID,0,0.2,0.4,42.605,47.118,47.118,47.118,1,10
hot,sel_000_005,IVFFLAT_HYBRID,0,0.0,0.376,409.431,414.72,414.72,414.72,1,10
hot,sel_005_010,SQL_FIRST,0,1.0,1.188,3981.316,7686.112,7686.112,7686.112,1,10
hot,sel_005_010,VECTOR_FIRST_HNSW,0,0.0,7.045,22.08,164.932,164.932,164.932,1,10
hot,sel_005_010,HNSW_HYBRID,0,0.0,6.373,37.061,52.982,52.982,52.982,1,10
hot,sel_005_010,IVFFLAT_HYBRID,0,0.1,0.543,362.277,368.032,368.032,368.032,1,10
hot,sel_010_025,SQL_FIRST,0,1.0,1.526,6059.119,12666.844,12666.844,12666.844,1,10
hot,sel_010_025,VECTOR_FIRST_HNSW,0,0.0,6.701,46.498,81.585,81.585,81.585,1,10
hot,sel_010_025,HNSW_HYBRID,0,0.0,1.23,14.857,22.578,22.578,22.578,1,10
hot,sel_010_025,IVFFLAT_HYBRID,0,0.3,0.907,319.92,325.488,325.488,325.488,1,10
hot,sel_025_050,SQL_FIRST,0,1.0,0.422,6795.015,11838.071,11838.071,11838.071,1,10
hot,sel_025_050,VECTOR_FIRST_HNSW,0,0.0,5.308,34.412,191.369,191.369,191.369,1,10
hot,sel_025_050,HNSW_HYBRID,0,0.0,2.805,117.217,136.032,136.032,136.032,1,10
hot,sel_025_050,IVFFLAT_HYBRID,0,0.0,1.389,214.356,221.595,221.595,221.595,1,10
hot,sel_050_100,SQL_FIRST,0,1.0,13.229,2565.649,4888.493,4888.493,4888.493,1,10
hot,sel_050_100,VECTOR_FIRST_HNSW,0,0.0,4.153,9.861,22.862,22.862,22.862,1,10
hot,sel_050_100,HNSW_HYBRID,0,0.0,2.4,24.577,34.046,34.046,34.046,1,10
hot,sel_050_100,IVFFLAT_HYBRID,0,0.0,0.811,167.084,171.861,171.861,171.861,1,10
cold,sel_000_005,SQL_FIRST,0,1.0,1.347,2883.946,4702.339,4702.339,4702.339,1,10
cold,sel_000_005,VECTOR_FIRST_HNSW,0,0.2,4.186,13.855,26.396,26.396,26.396,1,10
cold,sel_000_005,HNSW_HYBRID,0,0.2,0.717,21.905,27.429,27.429,27.429,1,10
cold,sel_000_005,IVFFLAT_HYBRID,0,0.0,0.532,183.784,188.14,188.14,188.14,1,10
cold,sel_005_010,SQL_FIRST,0,1.0,0.38,2063.406,4094.171,4094.171,4094.171,1,10
cold,sel_005_010,VECTOR_FIRST_HNSW,0,0.0,3.701,8.391,20.376,20.376,20.376,1,10
cold,sel_005_010,HNSW_HYBRID,0,0.0,0.683,20.28,25.02,25.02,25.02,1,10
cold,sel_005_010,IVFFLAT_HYBRID,0,0.1,0.49,177.732,180.921,180.921,180.921,1,10
cold,sel_010_025,SQL_FIRST,0,1.0,0.342,2161.206,4357.284,4357.284,4357.284,1,10
cold,sel_010_025,VECTOR_FIRST_HNSW,0,0.0,4.409,7.908,24.043,24.043,24.043,1,10
cold,sel_010_025,HNSW_HYBRID,0,0.0,0.744,7.142,12.479,12.479,12.479,1,10
cold,sel_010_025,IVFFLAT_HYBRID,0,0.3,0.775,197.335,202.179,202.179,202.179,1,10
cold,sel_025_050,SQL_FIRST,0,1.0,0.354,3252.163,5381.298,5381.298,5381.298,1,10
cold,sel_025_050,VECTOR_FIRST_HNSW,0,0.0,4.149,6.621,19.567,19.567,19.567,1,10
cold,sel_025_050,HNSW_HYBRID,0,0.0,0.734,16.404,21.628,21.628,21.628,1,10
cold,sel_025_050,IVFFLAT_HYBRID,0,0.0,0.566,183.479,188.042,188.042,188.042,1,10
cold,sel_050_100,SQL_FIRST,0,1.0,1.167,3285.25,9824.064,9824.064,9824.064,1,10
cold,sel_050_100,VECTOR_FIRST_HNSW,0,0.0,9.198,65.545,103.35,103.35,103.35,1,10
cold,sel_050_100,HNSW_HYBRID,0,0.0,1.369,61.363,68.889,68.889,68.889,1,10
cold,sel_050_100,IVFFLAT_HYBRID,0,0.0,1.247,450.239,458.755,458.755,458.755,1,10
hot_2nd,sel_000_005,SQL_FIRST,0,1.0,12.796,4101.514,8047.435,8047.435,8047.435,1,10
hot_2nd,sel_000_005,VECTOR_FIRST_HNSW,0,0.2,21.033,44.861,82.224,82.224,82.224,1,10
hot_2nd,sel_000_005,HNSW_HYBRID,0,0.2,1.085,39.264,46.777,46.777,46.777,1,10
hot_2nd,sel_000_005,IVFFLAT_HYBRID,0,0.0,1.094,214.512,222.947,222.947,222.947,1,10
hot_2nd,sel_005_010,SQL_FIRST,0,1.0,0.388,2865.973,5931.254,5931.254,5931.254,1,10
hot_2nd,sel_005_010,VECTOR_FIRST_HNSW,0,0.0,4.282,14.685,30.071,30.071,30.071,1,10
hot_2nd,sel_005_010,HNSW_HYBRID,0,0.0,1.136,27.968,34.545,34.545,34.545,1,10
hot_2nd,sel_005_010,IVFFLAT_HYBRID,0,0.1,0.673,263.625,268.706,268.706,268.706,1,10
hot_2nd,sel_010_025,SQL_FIRST,0,1.0,0.484,2775.029,5480.341,5480.341,5480.341,1,10
hot_2nd,sel_010_025,VECTOR_FIRST_HNSW,0,0.0,5.149,13.794,30.034,30.034,30.034,1,10
hot_2nd,sel_010_025,HNSW_HYBRID,0,0.0,1.164,12.768,20.474,20.474,20.474,1,10
hot_2nd,sel_010_025,IVFFLAT_HYBRID,0,0.3,0.629,339.975,345.411,345.411,345.411,1,10
hot_2nd,sel_025_050,SQL_FIRST,0,1.0,1.002,3031.832,4872.298,4872.298,4872.298,1,10
hot_2nd,sel_025_050,VECTOR_FIRST_HNSW,0,0.0,4.48,10.201,25.208,25.208,25.208,1,10
hot_2nd,sel_025_050,HNSW_HYBRID,0,0.0,0.954,23.809,29.698,29.698,29.698,1,10
hot_2nd,sel_025_050,IVFFLAT_HYBRID,0,0.0,0.649,195.509,200.177,200.177,200.177,1,10
hot_2nd,sel_050_100,SQL_FIRST,0,1.0,1.101,2627.931,5062.01,5062.01,5062.01,1,10
hot_2nd,sel_050_100,VECTOR_FIRST_HNSW,0,0.0,4.232,8.845,23.649,23.649,23.649,1,10
hot_2nd,sel_050_100,HNSW_HYBRID,0,0.0,2.092,26.52,36.152,36.152,36.152,1,10
hot_2nd,sel_050_100,IVFFLAT_HYBRID,0,0.0,1.058,207.088,213.277,213.277,213.277,1,10
