query_id,predicate,query_type,strategy,estimated_selectivity,measured_selectivity,top_k,strategy_only_latency_ms,execution_wall_latency_ms,reference_latency_ms,recall,result_ids,reference_ids,plan_verified,plan_verification_status,expected_index,actual_index_names,strategy_parameters,postgres_version,pgvector_version,planner_decision,estimated_rows,explain_latency_ms,planning_latency_ms,actual_latency_ms,selectivity_bucket,best_feasible_fixed_strategy,best_feasible_fixed_latency_ms,planner_regret_vs_best_feasible_fixed_ms,best_actual_fixed_strategy,best_actual_fixed_latency_ms,regret_vs_best_actual_fixed_ms
0,category == 'Speaker',CATEGORY,SQL_FIRST,0.126534,0.124993,10,1572.759125,2175.766875,54.520416,1.0,"[708177, 701258, 565419, 236647, 565814, 36267, 886630, 957845, 453447, 923811]","[708177, 701258, 565419, 236647, 565814, 36267, 886630, 957845, 453447, 923811]",True,verified,,[],"{'index': 'exact-l2-sequential', 'index_name': None, 'session_settings': {'enable_indexscan': 'off'}}",16.14 (Debian 16.14-1.pgdg12+1),0.8.5,"{'query_id': 0, 'predicate': ""category == 'Speaker'"", 'top_k': 10, 'estimated_selectivity': 0.126534, 'target_recall': 0.95, 'selected_strategy': 'SQL_FIRST', 'predicted_latency_ms': 71.338875, 'candidate_strategies': ['SQL_FIRST'], 'rejected_strategies': ['VECTOR_FIRST_HNSW', 'HNSW_HYBRID', 'IVFFLAT_HYBRID'], 'rejection_reasons': {'VECTOR_FIRST_HNSW': 'Observed minimum recall 0.700 is below target 0.950.', 'HNSW_HYBRID': 'Observed minimum recall 0.900 is below target 0.950.', 'IVFFLAT_HYBRID': 'Observed minimum recall 0.400 is below target 0.950.'}, 'recall_feasibility': {'SQL_FIRST': 'reliably_feasible', 'VECTOR_FIRST_HNSW': 'not_reliably_feasible', 'HNSW_HYBRID': 'not_reliably_feasible', 'IVFFLAT_HYBRID': 'not_reliably_feasible'}, 'evidence': [{'strategy': 'SQL_FIRST', 'feasibility': 'reliably_feasible', 'predicted_latency_ms': 71.338875, 'eligible': True, 'reason': 'Exact SQL-first remains the recall-safe fallback.', 'bucket': '>0.10_to_0.25', 'observed_minimum_recall': 1.0, 'observed_fraction_meeting_target': 1.0}, {'strategy': 'VECTOR_FIRST_HNSW', 'feasibility': 'not_reliably_feasible', 'predicted_latency_ms': 128.900958, 'eligible': False, 'reason': 'Observed minimum recall 0.700 is below target 0.950.', 'bucket': '>0.10_to_0.25', 'observed_minimum_recall': 0.7, 'observed_fraction_meeting_target': 0.631578947368421}, {'strategy': 'HNSW_HYBRID', 'feasibility': 'not_reliably_feasible', 'predicted_latency_ms': 3.834291, 'eligible': False, 'reason': 'Observed minimum recall 0.900 is below target 0.950.', 'bucket': '>0.10_to_0.25', 'observed_minimum_recall': 0.9, 'observed_fraction_meeting_target': 0.6842105263157895}, {'strategy': 'IVFFLAT_HYBRID', 'feasibility': 'not_reliably_feasible', 'predicted_latency_ms': 54.889584, 'eligible': False, 'reason': 'Observed minimum recall 0.400 is below target 0.950.', 'bucket': '>0.10_to_0.25', 'observed_minimum_recall': 0.4, 'observed_fraction_meeting_target': 0.10526315789473684}], 'calibration_source': 'sdao/results/db_baseline_20260814Tfinal', 'calibration_model_version': 'empirical_db_calibration_v1', 'decision_reason': 'Selected SQL_FIRST: lowest predicted latency among eligible strategies (SQL_FIRST) in >0.10_to_0.25; Exact SQL-first remains the recall-safe fallback.'}",126534,14.679375,0.061125,2190.5073749999997,>0.10_to_0.25,HNSW_HYBRID,2.742292,1570.0168330000001,HNSW_HYBRID,2.742292,1570.0168330000001
1,category == 'Watch',CATEGORY,SQL_FIRST,0.122234,0.124962,10,48.46525,70.578084,48.863791,1.0,"[942339, 987636, 420802, 202612, 517238, 541805, 974930, 14836, 957556, 956542]","[942339, 987636, 420802, 202612, 517238, 541805, 974930, 14836, 957556, 956542]",True,verified,,[],"{'index': 'exact-l2-sequential', 'index_name': None, 'session_settings': {'enable_indexscan': 'off'}}",16.14 (Debian 16.14-1.pgdg12+1),0.8.5,"{'query_id': 1, 'predicate': ""category == 'Watch'"", 'top_k': 10, 'estimated_selectivity': 0.122234, 'target_recall': 0.95, 'selected_strategy': 'SQL_FIRST', 'predicted_latency_ms': 71.338875, 'candidate_strategies': ['SQL_FIRST'], 'rejected_strategies': ['VECTOR_FIRST_HNSW', 'HNSW_HYBRID', 'IVFFLAT_HYBRID'], 'rejection_reasons': {'VECTOR_FIRST_HNSW': 'Observed minimum recall 0.700 is below target 0.950.', 'HNSW_HYBRID': 'Observed minimum recall 0.900 is below target 0.950.', 'IVFFLAT_HYBRID': 'Observed minimum recall 0.400 is below target 0.950.'}, 'recall_feasibility': {'SQL_FIRST': 'reliably_feasible', 'VECTOR_FIRST_HNSW': 'not_reliably_feasible', 'HNSW_HYBRID': 'not_reliably_feasible', 'IVFFLAT_HYBRID': 'not_reliably_feasible'}, 'evidence': [{'strategy': 'SQL_FIRST', 'feasibility': 'reliably_feasible', 'predicted_latency_ms': 71.338875, 'eligible': True, 'reason': 'Exact SQL-first remains the recall-safe fallback.', 'bucket': '>0.10_to_0.25', 'observed_minimum_recall': 1.0, 'observed_fraction_meeting_target': 1.0}, {'strategy': 'VECTOR_FIRST_HNSW', 'feasibility': 'not_reliably_feasible', 'predicted_latency_ms': 128.900958, 'eligible': False, 'reason': 'Observed minimum recall 0.700 is below target 0.950.', 'bucket': '>0.10_to_0.25', 'observed_minimum_recall': 0.7, 'observed_fraction_meeting_target': 0.631578947368421}, {'strategy': 'HNSW_HYBRID', 'feasibility': 'not_reliably_feasible', 'predicted_latency_ms': 3.834291, 'eligible': False, 'reason': 'Observed minimum recall 0.900 is below target 0.950.', 'bucket': '>0.10_to_0.25', 'observed_minimum_recall': 0.9, 'observed_fraction_meeting_target': 0.6842105263157895}, {'strategy': 'IVFFLAT_HYBRID', 'feasibility': 'not_reliably_feasible', 'predicted_latency_ms': 54.889584, 'eligible': False, 'reason': 'Observed minimum recall 0.400 is below target 0.950.', 'bucket': '>0.10_to_0.25', 'observed_minimum_recall': 0.4, 'observed_fraction_meeting_target': 0.10526315789473684}], 'calibration_source': 'sdao/results/db_baseline_20260814Tfinal', 'calibration_model_version': 'empirical_db_calibration_v1', 'decision_reason': 'Selected SQL_FIRST: lowest predicted latency among eligible strategies (SQL_FIRST) in >0.10_to_0.25; Exact SQL-first remains the recall-safe fallback.'}",122234,1.00975,0.049792,71.637626,>0.10_to_0.25,SQL_FIRST,49.630416,-1.1651659999999993,HNSW_HYBRID,3.433083,45.032167
2,category == 'TV',CATEGORY,SQL_FIRST,0.124867,0.125467,10,53.088583,70.4055,55.100291,1.0,"[408462, 406273, 402106, 239766, 401804, 905339, 150588, 716686, 529249, 115312]","[408462, 406273, 402106, 239766, 401804, 905339, 150588, 716686, 529249, 115312]",True,verified,,[],"{'index': 'exact-l2-sequential', 'index_name': None, 'session_settings': {'enable_indexscan': 'off'}}",16.14 (Debian 16.14-1.pgdg12+1),0.8.5,"{'query_id': 2, 'predicate': ""category == 'TV'"", 'top_k': 10, 'estimated_selectivity': 0.124867, 'target_recall': 0.95, 'selected_strategy': 'SQL_FIRST', 'predicted_latency_ms': 71.338875, 'candidate_strategies': ['SQL_FIRST'], 'rejected_strategies': ['VECTOR_FIRST_HNSW', 'HNSW_HYBRID', 'IVFFLAT_HYBRID'], 'rejection_reasons': {'VECTOR_FIRST_HNSW': 'Observed minimum recall 0.700 is below target 0.950.', 'HNSW_HYBRID': 'Observed minimum recall 0.900 is below target 0.950.', 'IVFFLAT_HYBRID': 'Observed minimum recall 0.400 is below target 0.950.'}, 'recall_feasibility': {'SQL_FIRST': 'reliably_feasible', 'VECTOR_FIRST_HNSW': 'not_reliably_feasible', 'HNSW_HYBRID': 'not_reliably_feasible', 'IVFFLAT_HYBRID': 'not_reliably_feasible'}, 'evidence': [{'strategy': 'SQL_FIRST', 'feasibility': 'reliably_feasible', 'predicted_latency_ms': 71.338875, 'eligible': True, 'reason': 'Exact SQL-first remains the recall-safe fallback.', 'bucket': '>0.10_to_0.25', 'observed_minimum_recall': 1.0, 'observed_fraction_meeting_target': 1.0}, {'strategy': 'VECTOR_FIRST_HNSW', 'feasibility': 'not_reliably_feasible', 'predicted_latency_ms': 128.900958, 'eligible': False, 'reason': 'Observed minimum recall 0.700 is below target 0.950.', 'bucket': '>0.10_to_0.25', 'observed_minimum_recall': 0.7, 'observed_fraction_meeting_target': 0.631578947368421}, {'strategy': 'HNSW_HYBRID', 'feasibility': 'not_reliably_feasible', 'predicted_latency_ms': 3.834291, 'eligible': False, 'reason': 'Observed minimum recall 0.900 is below target 0.950.', 'bucket': '>0.10_to_0.25', 'observed_minimum_recall': 0.9, 'observed_fraction_meeting_target': 0.6842105263157895}, {'strategy': 'IVFFLAT_HYBRID', 'feasibility': 'not_reliably_feasible', 'predicted_latency_ms': 54.889584, 'eligible': False, 'reason': 'Observed minimum recall 0.400 is below target 0.950.', 'bucket': '>0.10_to_0.25', 'observed_minimum_recall': 0.4, 'observed_fraction_meeting_target': 0.10526315789473684}], 'calibration_source': 'sdao/results/db_baseline_20260814Tfinal', 'calibration_model_version': 'empirical_db_calibration_v1', 'decision_reason': 'Selected SQL_FIRST: lowest predicted latency among eligible strategies (SQL_FIRST) in >0.10_to_0.25; Exact SQL-first remains the recall-safe fallback.'}",124867,1.168416,0.090667,71.66458300000001,>0.10_to_0.25,HNSW_HYBRID,2.688167,50.400416,HNSW_HYBRID,2.688167,50.400416
3,category == 'Camera',CATEGORY,SQL_FIRST,0.127967,0.124977,10,50.787458,80.812458,49.289125,1.0,"[889039, 190692, 722075, 546122, 190728, 889916, 886001, 996934, 867686, 855019]","[889039, 190692, 722075, 546122, 190728, 889916, 886001, 996934, 867686, 855019]",True,verified,,[],"{'index': 'exact-l2-sequential', 'index_name': None, 'session_settings': {'enable_indexscan': 'off'}}",16.14 (Debian 16.14-1.pgdg12+1),0.8.5,"{'query_id': 3, 'predicate': ""category == 'Camera'"", 'top_k': 10, 'estimated_selectivity': 0.127967, 'target_recall': 0.95, 'selected_strategy': 'SQL_FIRST', 'predicted_latency_ms': 71.338875, 'candidate_strategies': ['SQL_FIRST'], 'rejected_strategies': ['VECTOR_FIRST_HNSW', 'HNSW_HYBRID', 'IVFFLAT_HYBRID'], 'rejection_reasons': {'VECTOR_FIRST_HNSW': 'Observed minimum recall 0.700 is below target 0.950.', 'HNSW_HYBRID': 'Observed minimum recall 0.900 is below target 0.950.', 'IVFFLAT_HYBRID': 'Observed minimum recall 0.400 is below target 0.950.'}, 'recall_feasibility': {'SQL_FIRST': 'reliably_feasible', 'VECTOR_FIRST_HNSW': 'not_reliably_feasible', 'HNSW_HYBRID': 'not_reliably_feasible', 'IVFFLAT_HYBRID': 'not_reliably_feasible'}, 'evidence': [{'strategy': 'SQL_FIRST', 'feasibility': 'reliably_feasible', 'predicted_latency_ms': 71.338875, 'eligible': True, 'reason': 'Exact SQL-first remains the recall-safe fallback.', 'bucket': '>0.10_to_0.25', 'observed_minimum_recall': 1.0, 'observed_fraction_meeting_target': 1.0}, {'strategy': 'VECTOR_FIRST_HNSW', 'feasibility': 'not_reliably_feasible', 'predicted_latency_ms': 128.900958, 'eligible': False, 'reason': 'Observed minimum recall 0.700 is below target 0.950.', 'bucket': '>0.10_to_0.25', 'observed_minimum_recall': 0.7, 'observed_fraction_meeting_target': 0.631578947368421}, {'strategy': 'HNSW_HYBRID', 'feasibility': 'not_reliably_feasible', 'predicted_latency_ms': 3.834291, 'eligible': False, 'reason': 'Observed minimum recall 0.900 is below target 0.950.', 'bucket': '>0.10_to_0.25', 'observed_minimum_recall': 0.9, 'observed_fraction_meeting_target': 0.6842105263157895}, {'strategy': 'IVFFLAT_HYBRID', 'feasibility': 'not_reliably_feasible', 'predicted_latency_ms': 54.889584, 'eligible': False, 'reason': 'Observed minimum recall 0.400 is below target 0.950.', 'bucket': '>0.10_to_0.25', 'observed_minimum_recall': 0.4, 'observed_fraction_meeting_target': 0.10526315789473684}], 'calibration_source': 'sdao/results/db_baseline_20260814Tfinal', 'calibration_model_version': 'empirical_db_calibration_v1', 'decision_reason': 'Selected SQL_FIRST: lowest predicted latency among eligible strategies (SQL_FIRST) in >0.10_to_0.25; Exact SQL-first remains the recall-safe fallback.'}",127967,1.314542,0.184167,82.31116700000001,>0.10_to_0.25,HNSW_HYBRID,3.492916,47.294542,HNSW_HYBRID,3.492916,47.294542
4,category == 'Monitor',CATEGORY,SQL_FIRST,0.123601,0.125095,10,49.286875,71.525542,48.29725,1.0,"[716433, 112586, 107281, 30116, 101436, 305983, 421011, 201628, 293118, 292815]","[716433, 112586, 107281, 30116, 101436, 305983, 421011, 201628, 293118, 292815]",True,verified,,[],"{'index': 'exact-l2-sequential', 'index_name': None, 'session_settings': {'enable_indexscan': 'off'}}",16.14 (Debian 16.14-1.pgdg12+1),0.8.5,"{'query_id': 4, 'predicate': ""category == 'Monitor'"", 'top_k': 10, 'estimated_selectivity': 0.123601, 'target_recall': 0.95, 'selected_strategy': 'SQL_FIRST', 'predicted_latency_ms': 71.338875, 'candidate_strategies': ['SQL_FIRST'], 'rejected_strategies': ['VECTOR_FIRST_HNSW', 'HNSW_HYBRID', 'IVFFLAT_HYBRID'], 'rejection_reasons': {'VECTOR_FIRST_HNSW': 'Observed minimum recall 0.700 is below target 0.950.', 'HNSW_HYBRID': 'Observed minimum recall 0.900 is below target 0.950.', 'IVFFLAT_HYBRID': 'Observed minimum recall 0.400 is below target 0.950.'}, 'recall_feasibility': {'SQL_FIRST': 'reliably_feasible', 'VECTOR_FIRST_HNSW': 'not_reliably_feasible', 'HNSW_HYBRID': 'not_reliably_feasible', 'IVFFLAT_HYBRID': 'not_reliably_feasible'}, 'evidence': [{'strategy': 'SQL_FIRST', 'feasibility': 'reliably_feasible', 'predicted_latency_ms': 71.338875, 'eligible': True, 'reason': 'Exact SQL-first remains the recall-safe fallback.', 'bucket': '>0.10_to_0.25', 'observed_minimum_recall': 1.0, 'observed_fraction_meeting_target': 1.0}, {'strategy': 'VECTOR_FIRST_HNSW', 'feasibility': 'not_reliably_feasible', 'predicted_latency_ms': 128.900958, 'eligible': False, 'reason': 'Observed minimum recall 0.700 is below target 0.950.', 'bucket': '>0.10_to_0.25', 'observed_minimum_recall': 0.7, 'observed_fraction_meeting_target': 0.631578947368421}, {'strategy': 'HNSW_HYBRID', 'feasibility': 'not_reliably_feasible', 'predicted_latency_ms': 3.834291, 'eligible': False, 'reason': 'Observed minimum recall 0.900 is below target 0.950.', 'bucket': '>0.10_to_0.25', 'observed_minimum_recall': 0.9, 'observed_fraction_meeting_target': 0.6842105263157895}, {'strategy': 'IVFFLAT_HYBRID', 'feasibility': 'not_reliably_feasible', 'predicted_latency_ms': 54.889584, 'eligible': False, 'reason': 'Observed minimum recall 0.400 is below target 0.950.', 'bucket': '>0.10_to_0.25', 'observed_minimum_recall': 0.4, 'observed_fraction_meeting_target': 0.10526315789473684}], 'calibration_source': 'sdao/results/db_baseline_20260814Tfinal', 'calibration_model_version': 'empirical_db_calibration_v1', 'decision_reason': 'Selected SQL_FIRST: lowest predicted latency among eligible strategies (SQL_FIRST) in >0.10_to_0.25; Exact SQL-first remains the recall-safe fallback.'}",123601,2.069167,0.090417,73.685126,>0.10_to_0.25,HNSW_HYBRID,2.785292,46.501583000000004,HNSW_HYBRID,2.785292,46.501583000000004
5,category == 'Phone',CATEGORY,SQL_FIRST,0.122567,0.125051,10,48.112583,67.596542,49.644333,1.0,"[943689, 221336, 893231, 426199, 167626, 275329, 464669, 14279, 564657, 599042]","[943689, 221336, 893231, 426199, 167626, 275329, 464669, 14279, 564657, 599042]",True,verified,,[],"{'index': 'exact-l2-sequential', 'index_name': None, 'session_settings': {'enable_indexscan': 'off'}}",16.14 (Debian 16.14-1.pgdg12+1),0.8.5,"{'query_id': 5, 'predicate': ""category == 'Phone'"", 'top_k': 10, 'estimated_selectivity': 0.122567, 'target_recall': 0.95, 'selected_strategy': 'SQL_FIRST', 'predicted_latency_ms': 71.338875, 'candidate_strategies': ['SQL_FIRST'], 'rejected_strategies': ['VECTOR_FIRST_HNSW', 'HNSW_HYBRID', 'IVFFLAT_HYBRID'], 'rejection_reasons': {'VECTOR_FIRST_HNSW': 'Observed minimum recall 0.700 is below target 0.950.', 'HNSW_HYBRID': 'Observed minimum recall 0.900 is below target 0.950.', 'IVFFLAT_HYBRID': 'Observed minimum recall 0.400 is below target 0.950.'}, 'recall_feasibility': {'SQL_FIRST': 'reliably_feasible', 'VECTOR_FIRST_HNSW': 'not_reliably_feasible', 'HNSW_HYBRID': 'not_reliably_feasible', 'IVFFLAT_HYBRID': 'not_reliably_feasible'}, 'evidence': [{'strategy': 'SQL_FIRST', 'feasibility': 'reliably_feasible', 'predicted_latency_ms': 71.338875, 'eligible': True, 'reason': 'Exact SQL-first remains the recall-safe fallback.', 'bucket': '>0.10_to_0.25', 'observed_minimum_recall': 1.0, 'observed_fraction_meeting_target': 1.0}, {'strategy': 'VECTOR_FIRST_HNSW', 'feasibility': 'not_reliably_feasible', 'predicted_latency_ms': 128.900958, 'eligible': False, 'reason': 'Observed minimum recall 0.700 is below target 0.950.', 'bucket': '>0.10_to_0.25', 'observed_minimum_recall': 0.7, 'observed_fraction_meeting_target': 0.631578947368421}, {'strategy': 'HNSW_HYBRID', 'feasibility': 'not_reliably_feasible', 'predicted_latency_ms': 3.834291, 'eligible': False, 'reason': 'Observed minimum recall 0.900 is below target 0.950.', 'bucket': '>0.10_to_0.25', 'observed_minimum_recall': 0.9, 'observed_fraction_meeting_target': 0.6842105263157895}, {'strategy': 'IVFFLAT_HYBRID', 'feasibility': 'not_reliably_feasible', 'predicted_latency_ms': 54.889584, 'eligible': False, 'reason': 'Observed minimum recall 0.400 is below target 0.950.', 'bucket': '>0.10_to_0.25', 'observed_minimum_recall': 0.4, 'observed_fraction_meeting_target': 0.10526315789473684}], 'calibration_source': 'sdao/results/db_baseline_20260814Tfinal', 'calibration_model_version': 'empirical_db_calibration_v1', 'decision_reason': 'Selected SQL_FIRST: lowest predicted latency among eligible strategies (SQL_FIRST) in >0.10_to_0.25; Exact SQL-first remains the recall-safe fallback.'}",122567,1.298708,0.115041,69.010291,>0.10_to_0.25,HNSW_HYBRID,3.99025,44.122333,HNSW_HYBRID,3.99025,44.122333
6,category == 'Tablet',CATEGORY,SQL_FIRST,0.123001,0.124703,10,55.705459,70.981959,49.986458,1.0,"[598221, 842282, 415400, 877113, 839672, 565415, 565610, 170076, 891908, 912216]","[598221, 842282, 415400, 877113, 839672, 565415, 565610, 170076, 891908, 912216]",True,verified,,[],"{'index': 'exact-l2-sequential', 'index_name': None, 'session_settings': {'enable_indexscan': 'off'}}",16.14 (Debian 16.14-1.pgdg12+1),0.8.5,"{'query_id': 6, 'predicate': ""category == 'Tablet'"", 'top_k': 10, 'estimated_selectivity': 0.123001, 'target_recall': 0.95, 'selected_strategy': 'SQL_FIRST', 'predicted_latency_ms': 71.338875, 'candidate_strategies': ['SQL_FIRST'], 'rejected_strategies': ['VECTOR_FIRST_HNSW', 'HNSW_HYBRID', 'IVFFLAT_HYBRID'], 'rejection_reasons': {'VECTOR_FIRST_HNSW': 'Observed minimum recall 0.700 is below target 0.950.', 'HNSW_HYBRID': 'Observed minimum recall 0.900 is below target 0.950.', 'IVFFLAT_HYBRID': 'Observed minimum recall 0.400 is below target 0.950.'}, 'recall_feasibility': {'SQL_FIRST': 'reliably_feasible', 'VECTOR_FIRST_HNSW': 'not_reliably_feasible', 'HNSW_HYBRID': 'not_reliably_feasible', 'IVFFLAT_HYBRID': 'not_reliably_feasible'}, 'evidence': [{'strategy': 'SQL_FIRST', 'feasibility': 'reliably_feasible', 'predicted_latency_ms': 71.338875, 'eligible': True, 'reason': 'Exact SQL-first remains the recall-safe fallback.', 'bucket': '>0.10_to_0.25', 'observed_minimum_recall': 1.0, 'observed_fraction_meeting_target': 1.0}, {'strategy': 'VECTOR_FIRST_HNSW', 'feasibility': 'not_reliably_feasible', 'predicted_latency_ms': 128.900958, 'eligible': False, 'reason': 'Observed minimum recall 0.700 is below target 0.950.', 'bucket': '>0.10_to_0.25', 'observed_minimum_recall': 0.7, 'observed_fraction_meeting_target': 0.631578947368421}, {'strategy': 'HNSW_HYBRID', 'feasibility': 'not_reliably_feasible', 'predicted_latency_ms': 3.834291, 'eligible': False, 'reason': 'Observed minimum recall 0.900 is below target 0.950.', 'bucket': '>0.10_to_0.25', 'observed_minimum_recall': 0.9, 'observed_fraction_meeting_target': 0.6842105263157895}, {'strategy': 'IVFFLAT_HYBRID', 'feasibility': 'not_reliably_feasible', 'predicted_latency_ms': 54.889584, 'eligible': False, 'reason': 'Observed minimum recall 0.400 is below target 0.950.', 'bucket': '>0.10_to_0.25', 'observed_minimum_recall': 0.4, 'observed_fraction_meeting_target': 0.10526315789473684}], 'calibration_source': 'sdao/results/db_baseline_20260814Tfinal', 'calibration_model_version': 'empirical_db_calibration_v1', 'decision_reason': 'Selected SQL_FIRST: lowest predicted latency among eligible strategies (SQL_FIRST) in >0.10_to_0.25; Exact SQL-first remains the recall-safe fallback.'}",123001,0.687417,0.036166,71.70554200000001,>0.10_to_0.25,SQL_FIRST,48.139875,7.565583999999994,HNSW_HYBRID,3.447125,52.258334
7,category == 'Laptop',CATEGORY,SQL_FIRST,0.129234,0.124752,10,48.270417,64.137917,47.697583,1.0,"[207868, 543133, 280624, 258018, 768332, 153004, 472169, 692410, 57655, 53230]","[207868, 543133, 280624, 258018, 768332, 153004, 472169, 692410, 57655, 53230]",True,verified,,[],"{'index': 'exact-l2-sequential', 'index_name': None, 'session_settings': {'enable_indexscan': 'off'}}",16.14 (Debian 16.14-1.pgdg12+1),0.8.5,"{'query_id': 7, 'predicate': ""category == 'Laptop'"", 'top_k': 10, 'estimated_selectivity': 0.129234, 'target_recall': 0.95, 'selected_strategy': 'SQL_FIRST', 'predicted_latency_ms': 71.338875, 'candidate_strategies': ['SQL_FIRST'], 'rejected_strategies': ['VECTOR_FIRST_HNSW', 'HNSW_HYBRID', 'IVFFLAT_HYBRID'], 'rejection_reasons': {'VECTOR_FIRST_HNSW': 'Observed minimum recall 0.700 is below target 0.950.', 'HNSW_HYBRID': 'Observed minimum recall 0.900 is below target 0.950.', 'IVFFLAT_HYBRID': 'Observed minimum recall 0.400 is below target 0.950.'}, 'recall_feasibility': {'SQL_FIRST': 'reliably_feasible', 'VECTOR_FIRST_HNSW': 'not_reliably_feasible', 'HNSW_HYBRID': 'not_reliably_feasible', 'IVFFLAT_HYBRID': 'not_reliably_feasible'}, 'evidence': [{'strategy': 'SQL_FIRST', 'feasibility': 'reliably_feasible', 'predicted_latency_ms': 71.338875, 'eligible': True, 'reason': 'Exact SQL-first remains the recall-safe fallback.', 'bucket': '>0.10_to_0.25', 'observed_minimum_recall': 1.0, 'observed_fraction_meeting_target': 1.0}, {'strategy': 'VECTOR_FIRST_HNSW', 'feasibility': 'not_reliably_feasible', 'predicted_latency_ms': 128.900958, 'eligible': False, 'reason': 'Observed minimum recall 0.700 is below target 0.950.', 'bucket': '>0.10_to_0.25', 'observed_minimum_recall': 0.7, 'observed_fraction_meeting_target': 0.631578947368421}, {'strategy': 'HNSW_HYBRID', 'feasibility': 'not_reliably_feasible', 'predicted_latency_ms': 3.834291, 'eligible': False, 'reason': 'Observed minimum recall 0.900 is below target 0.950.', 'bucket': '>0.10_to_0.25', 'observed_minimum_recall': 0.9, 'observed_fraction_meeting_target': 0.6842105263157895}, {'strategy': 'IVFFLAT_HYBRID', 'feasibility': 'not_reliably_feasible', 'predicted_latency_ms': 54.889584, 'eligible': False, 'reason': 'Observed minimum recall 0.400 is below target 0.950.', 'bucket': '>0.10_to_0.25', 'observed_minimum_recall': 0.4, 'observed_fraction_meeting_target': 0.10526315789473684}], 'calibration_source': 'sdao/results/db_baseline_20260814Tfinal', 'calibration_model_version': 'empirical_db_calibration_v1', 'decision_reason': 'Selected SQL_FIRST: lowest predicted latency among eligible strategies (SQL_FIRST) in >0.10_to_0.25; Exact SQL-first remains the recall-safe fallback.'}",129234,1.038333,0.09275,65.269,>0.10_to_0.25,HNSW_HYBRID,2.237083,46.033334,HNSW_HYBRID,2.237083,46.033334
8,brand == 'Apple',BRAND,SQL_FIRST,0.125301,0.125152,10,54.153333,69.867625,51.789,1.0,"[695175, 285272, 678764, 340986, 967581, 307306, 699682, 376619, 481098, 464793]","[695175, 285272, 678764, 340986, 967581, 307306, 699682, 376619, 481098, 464793]",True,verified,,[],"{'index': 'exact-l2-sequential', 'index_name': None, 'session_settings': {'enable_indexscan': 'off'}}",16.14 (Debian 16.14-1.pgdg12+1),0.8.5,"{'query_id': 8, 'predicate': ""brand == 'Apple'"", 'top_k': 10, 'estimated_selectivity': 0.125301, 'target_recall': 0.95, 'selected_strategy': 'SQL_FIRST', 'predicted_latency_ms': 71.338875, 'candidate_strategies': ['SQL_FIRST'], 'rejected_strategies': ['VECTOR_FIRST_HNSW', 'HNSW_HYBRID', 'IVFFLAT_HYBRID'], 'rejection_reasons': {'VECTOR_FIRST_HNSW': 'Observed minimum recall 0.700 is below target 0.950.', 'HNSW_HYBRID': 'Observed minimum recall 0.900 is below target 0.950.', 'IVFFLAT_HYBRID': 'Observed minimum recall 0.400 is below target 0.950.'}, 'recall_feasibility': {'SQL_FIRST': 'reliably_feasible', 'VECTOR_FIRST_HNSW': 'not_reliably_feasible', 'HNSW_HYBRID': 'not_reliably_feasible', 'IVFFLAT_HYBRID': 'not_reliably_feasible'}, 'evidence': [{'strategy': 'SQL_FIRST', 'feasibility': 'reliably_feasible', 'predicted_latency_ms': 71.338875, 'eligible': True, 'reason': 'Exact SQL-first remains the recall-safe fallback.', 'bucket': '>0.10_to_0.25', 'observed_minimum_recall': 1.0, 'observed_fraction_meeting_target': 1.0}, {'strategy': 'VECTOR_FIRST_HNSW', 'feasibility': 'not_reliably_feasible', 'predicted_latency_ms': 128.900958, 'eligible': False, 'reason': 'Observed minimum recall 0.700 is below target 0.950.', 'bucket': '>0.10_to_0.25', 'observed_minimum_recall': 0.7, 'observed_fraction_meeting_target': 0.631578947368421}, {'strategy': 'HNSW_HYBRID', 'feasibility': 'not_reliably_feasible', 'predicted_latency_ms': 3.834291, 'eligible': False, 'reason': 'Observed minimum recall 0.900 is below target 0.950.', 'bucket': '>0.10_to_0.25', 'observed_minimum_recall': 0.9, 'observed_fraction_meeting_target': 0.6842105263157895}, {'strategy': 'IVFFLAT_HYBRID', 'feasibility': 'not_reliably_feasible', 'predicted_latency_ms': 54.889584, 'eligible': False, 'reason': 'Observed minimum recall 0.400 is below target 0.950.', 'bucket': '>0.10_to_0.25', 'observed_minimum_recall': 0.4, 'observed_fraction_meeting_target': 0.10526315789473684}], 'calibration_source': 'sdao/results/db_baseline_20260814Tfinal', 'calibration_model_version': 'empirical_db_calibration_v1', 'decision_reason': 'Selected SQL_FIRST: lowest predicted latency among eligible strategies (SQL_FIRST) in >0.10_to_0.25; Exact SQL-first remains the recall-safe fallback.'}",125301,1.863459,0.160917,71.89200100000001,>0.10_to_0.25,SQL_FIRST,50.887959,3.2653740000000013,SQL_FIRST,50.887959,3.2653740000000013
9,brand == 'Asus',BRAND,SQL_FIRST,0.123434,0.125072,10,52.363167,70.493125,52.547125,1.0,"[177646, 292077, 322138, 261319, 151491, 182520, 732351, 521119, 314657, 771950]","[177646, 292077, 322138, 261319, 151491, 182520, 732351, 521119, 314657, 771950]",True,verified,,[],"{'index': 'exact-l2-sequential', 'index_name': None, 'session_settings': {'enable_indexscan': 'off'}}",16.14 (Debian 16.14-1.pgdg12+1),0.8.5,"{'query_id': 9, 'predicate': ""brand == 'Asus'"", 'top_k': 10, 'estimated_selectivity': 0.123434, 'target_recall': 0.95, 'selected_strategy': 'SQL_FIRST', 'predicted_latency_ms': 71.338875, 'candidate_strategies': ['SQL_FIRST'], 'rejected_strategies': ['VECTOR_FIRST_HNSW', 'HNSW_HYBRID', 'IVFFLAT_HYBRID'], 'rejection_reasons': {'VECTOR_FIRST_HNSW': 'Observed minimum recall 0.700 is below target 0.950.', 'HNSW_HYBRID': 'Observed minimum recall 0.900 is below target 0.950.', 'IVFFLAT_HYBRID': 'Observed minimum recall 0.400 is below target 0.950.'}, 'recall_feasibility': {'SQL_FIRST': 'reliably_feasible', 'VECTOR_FIRST_HNSW': 'not_reliably_feasible', 'HNSW_HYBRID': 'not_reliably_feasible', 'IVFFLAT_HYBRID': 'not_reliably_feasible'}, 'evidence': [{'strategy': 'SQL_FIRST', 'feasibility': 'reliably_feasible', 'predicted_latency_ms': 71.338875, 'eligible': True, 'reason': 'Exact SQL-first remains the recall-safe fallback.', 'bucket': '>0.10_to_0.25', 'observed_minimum_recall': 1.0, 'observed_fraction_meeting_target': 1.0}, {'strategy': 'VECTOR_FIRST_HNSW', 'feasibility': 'not_reliably_feasible', 'predicted_latency_ms': 128.900958, 'eligible': False, 'reason': 'Observed minimum recall 0.700 is below target 0.950.', 'bucket': '>0.10_to_0.25', 'observed_minimum_recall': 0.7, 'observed_fraction_meeting_target': 0.631578947368421}, {'strategy': 'HNSW_HYBRID', 'feasibility': 'not_reliably_feasible', 'predicted_latency_ms': 3.834291, 'eligible': False, 'reason': 'Observed minimum recall 0.900 is below target 0.950.', 'bucket': '>0.10_to_0.25', 'observed_minimum_recall': 0.9, 'observed_fraction_meeting_target': 0.6842105263157895}, {'strategy': 'IVFFLAT_HYBRID', 'feasibility': 'not_reliably_feasible', 'predicted_latency_ms': 54.889584, 'eligible': False, 'reason': 'Observed minimum recall 0.400 is below target 0.950.', 'bucket': '>0.10_to_0.25', 'observed_minimum_recall': 0.4, 'observed_fraction_meeting_target': 0.10526315789473684}], 'calibration_source': 'sdao/results/db_baseline_20260814Tfinal', 'calibration_model_version': 'empirical_db_calibration_v1', 'decision_reason': 'Selected SQL_FIRST: lowest predicted latency among eligible strategies (SQL_FIRST) in >0.10_to_0.25; Exact SQL-first remains the recall-safe fallback.'}",123434,1.281208,0.2345,72.00883300000001,>0.10_to_0.25,HNSW_HYBRID,2.983708,49.379459,HNSW_HYBRID,2.983708,49.379459
10,brand == 'Lenovo',BRAND,SQL_FIRST,0.121634,0.125057,10,48.88025,64.54775,77.668916,1.0,"[297239, 433270, 689997, 930391, 169528, 366974, 941307, 827391, 947449, 291507]","[297239, 433270, 689997, 930391, 169528, 366974, 941307, 827391, 947449, 291507]",True,verified,,[],"{'index': 'exact-l2-sequential', 'index_name': None, 'session_settings': {'enable_indexscan': 'off'}}",16.14 (Debian 16.14-1.pgdg12+1),0.8.5,"{'query_id': 10, 'predicate': ""brand == 'Lenovo'"", 'top_k': 10, 'estimated_selectivity': 0.121634, 'target_recall': 0.95, 'selected_strategy': 'SQL_FIRST', 'predicted_latency_ms': 71.338875, 'candidate_strategies': ['SQL_FIRST'], 'rejected_strategies': ['VECTOR_FIRST_HNSW', 'HNSW_HYBRID', 'IVFFLAT_HYBRID'], 'rejection_reasons': {'VECTOR_FIRST_HNSW': 'Observed minimum recall 0.700 is below target 0.950.', 'HNSW_HYBRID': 'Observed minimum recall 0.900 is below target 0.950.', 'IVFFLAT_HYBRID': 'Observed minimum recall 0.400 is below target 0.950.'}, 'recall_feasibility': {'SQL_FIRST': 'reliably_feasible', 'VECTOR_FIRST_HNSW': 'not_reliably_feasible', 'HNSW_HYBRID': 'not_reliably_feasible', 'IVFFLAT_HYBRID': 'not_reliably_feasible'}, 'evidence': [{'strategy': 'SQL_FIRST', 'feasibility': 'reliably_feasible', 'predicted_latency_ms': 71.338875, 'eligible': True, 'reason': 'Exact SQL-first remains the recall-safe fallback.', 'bucket': '>0.10_to_0.25', 'observed_minimum_recall': 1.0, 'observed_fraction_meeting_target': 1.0}, {'strategy': 'VECTOR_FIRST_HNSW', 'feasibility': 'not_reliably_feasible', 'predicted_latency_ms': 128.900958, 'eligible': False, 'reason': 'Observed minimum recall 0.700 is below target 0.950.', 'bucket': '>0.10_to_0.25', 'observed_minimum_recall': 0.7, 'observed_fraction_meeting_target': 0.631578947368421}, {'strategy': 'HNSW_HYBRID', 'feasibility': 'not_reliably_feasible', 'predicted_latency_ms': 3.834291, 'eligible': False, 'reason': 'Observed minimum recall 0.900 is below target 0.950.', 'bucket': '>0.10_to_0.25', 'observed_minimum_recall': 0.9, 'observed_fraction_meeting_target': 0.6842105263157895}, {'strategy': 'IVFFLAT_HYBRID', 'feasibility': 'not_reliably_feasible', 'predicted_latency_ms': 54.889584, 'eligible': False, 'reason': 'Observed minimum recall 0.400 is below target 0.950.', 'bucket': '>0.10_to_0.25', 'observed_minimum_recall': 0.4, 'observed_fraction_meeting_target': 0.10526315789473684}], 'calibration_source': 'sdao/results/db_baseline_20260814Tfinal', 'calibration_model_version': 'empirical_db_calibration_v1', 'decision_reason': 'Selected SQL_FIRST: lowest predicted latency among eligible strategies (SQL_FIRST) in >0.10_to_0.25; Exact SQL-first remains the recall-safe fallback.'}",121634,1.964208,0.091958,66.603916,>0.10_to_0.25,HNSW_HYBRID,3.394792,45.485457999999994,HNSW_HYBRID,3.394792,45.485457999999994
11,brand == 'HP',BRAND,SQL_FIRST,0.124001,0.124562,10,51.510792,69.225041,53.450083,1.0,"[762035, 923824, 814743, 257002, 806212, 390146, 130733, 69850, 852385, 413147]","[762035, 923824, 814743, 257002, 806212, 390146, 130733, 69850, 852385, 413147]",True,verified,,[],"{'index': 'exact-l2-sequential', 'index_name': None, 'session_settings': {'enable_indexscan': 'off'}}",16.14 (Debian 16.14-1.pgdg12+1),0.8.5,"{'query_id': 11, 'predicate': ""brand == 'HP'"", 'top_k': 10, 'estimated_selectivity': 0.124001, 'target_recall': 0.95, 'selected_strategy': 'SQL_FIRST', 'predicted_latency_ms': 71.338875, 'candidate_strategies': ['SQL_FIRST'], 'rejected_strategies': ['VECTOR_FIRST_HNSW', 'HNSW_HYBRID', 'IVFFLAT_HYBRID'], 'rejection_reasons': {'VECTOR_FIRST_HNSW': 'Observed minimum recall 0.700 is below target 0.950.', 'HNSW_HYBRID': 'Observed minimum recall 0.900 is below target 0.950.', 'IVFFLAT_HYBRID': 'Observed minimum recall 0.400 is below target 0.950.'}, 'recall_feasibility': {'SQL_FIRST': 'reliably_feasible', 'VECTOR_FIRST_HNSW': 'not_reliably_feasible', 'HNSW_HYBRID': 'not_reliably_feasible', 'IVFFLAT_HYBRID': 'not_reliably_feasible'}, 'evidence': [{'strategy': 'SQL_FIRST', 'feasibility': 'reliably_feasible', 'predicted_latency_ms': 71.338875, 'eligible': True, 'reason': 'Exact SQL-first remains the recall-safe fallback.', 'bucket': '>0.10_to_0.25', 'observed_minimum_recall': 1.0, 'observed_fraction_meeting_target': 1.0}, {'strategy': 'VECTOR_FIRST_HNSW', 'feasibility': 'not_reliably_feasible', 'predicted_latency_ms': 128.900958, 'eligible': False, 'reason': 'Observed minimum recall 0.700 is below target 0.950.', 'bucket': '>0.10_to_0.25', 'observed_minimum_recall': 0.7, 'observed_fraction_meeting_target': 0.631578947368421}, {'strategy': 'HNSW_HYBRID', 'feasibility': 'not_reliably_feasible', 'predicted_latency_ms': 3.834291, 'eligible': False, 'reason': 'Observed minimum recall 0.900 is below target 0.950.', 'bucket': '>0.10_to_0.25', 'observed_minimum_recall': 0.9, 'observed_fraction_meeting_target': 0.6842105263157895}, {'strategy': 'IVFFLAT_HYBRID', 'feasibility': 'not_reliably_feasible', 'predicted_latency_ms': 54.889584, 'eligible': False, 'reason': 'Observed minimum recall 0.400 is below target 0.950.', 'bucket': '>0.10_to_0.25', 'observed_minimum_recall': 0.4, 'observed_fraction_meeting_target': 0.10526315789473684}], 'calibration_source': 'sdao/results/db_baseline_20260814Tfinal', 'calibration_model_version': 'empirical_db_calibration_v1', 'decision_reason': 'Selected SQL_FIRST: lowest predicted latency among eligible strategies (SQL_FIRST) in >0.10_to_0.25; Exact SQL-first remains the recall-safe fallback.'}",124001,0.99775,0.120041,70.342832,>0.10_to_0.25,SQL_FIRST,54.102,-2.5912079999999946,HNSW_HYBRID,2.691875,48.818917
12,brand == 'Sony',BRAND,SQL_FIRST,0.126534,0.125233,10,71.485167,107.603125,50.060542,1.0,"[390776, 564042, 224306, 216184, 756088, 932968, 957511, 855040, 853890, 842692]","[390776, 564042, 224306, 216184, 756088, 932968, 957511, 855040, 853890, 842692]",True,verified,,[],"{'index': 'exact-l2-sequential', 'index_name': None, 'session_settings': {'enable_indexscan': 'off'}}",16.14 (Debian 16.14-1.pgdg12+1),0.8.5,"{'query_id': 12, 'predicate': ""brand == 'Sony'"", 'top_k': 10, 'estimated_selectivity': 0.126534, 'target_recall': 0.95, 'selected_strategy': 'SQL_FIRST', 'predicted_latency_ms': 71.338875, 'candidate_strategies': ['SQL_FIRST'], 'rejected_strategies': ['VECTOR_FIRST_HNSW', 'HNSW_HYBRID', 'IVFFLAT_HYBRID'], 'rejection_reasons': {'VECTOR_FIRST_HNSW': 'Observed minimum recall 0.700 is below target 0.950.', 'HNSW_HYBRID': 'Observed minimum recall 0.900 is below target 0.950.', 'IVFFLAT_HYBRID': 'Observed minimum recall 0.400 is below target 0.950.'}, 'recall_feasibility': {'SQL_FIRST': 'reliably_feasible', 'VECTOR_FIRST_HNSW': 'not_reliably_feasible', 'HNSW_HYBRID': 'not_reliably_feasible', 'IVFFLAT_HYBRID': 'not_reliably_feasible'}, 'evidence': [{'strategy': 'SQL_FIRST', 'feasibility': 'reliably_feasible', 'predicted_latency_ms': 71.338875, 'eligible': True, 'reason': 'Exact SQL-first remains the recall-safe fallback.', 'bucket': '>0.10_to_0.25', 'observed_minimum_recall': 1.0, 'observed_fraction_meeting_target': 1.0}, {'strategy': 'VECTOR_FIRST_HNSW', 'feasibility': 'not_reliably_feasible', 'predicted_latency_ms': 128.900958, 'eligible': False, 'reason': 'Observed minimum recall 0.700 is below target 0.950.', 'bucket': '>0.10_to_0.25', 'observed_minimum_recall': 0.7, 'observed_fraction_meeting_target': 0.631578947368421}, {'strategy': 'HNSW_HYBRID', 'feasibility': 'not_reliably_feasible', 'predicted_latency_ms': 3.834291, 'eligible': False, 'reason': 'Observed minimum recall 0.900 is below target 0.950.', 'bucket': '>0.10_to_0.25', 'observed_minimum_recall': 0.9, 'observed_fraction_meeting_target': 0.6842105263157895}, {'strategy': 'IVFFLAT_HYBRID', 'feasibility': 'not_reliably_feasible', 'predicted_latency_ms': 54.889584, 'eligible': False, 'reason': 'Observed minimum recall 0.400 is below target 0.950.', 'bucket': '>0.10_to_0.25', 'observed_minimum_recall': 0.4, 'observed_fraction_meeting_target': 0.10526315789473684}], 'calibration_source': 'sdao/results/db_baseline_20260814Tfinal', 'calibration_model_version': 'empirical_db_calibration_v1', 'decision_reason': 'Selected SQL_FIRST: lowest predicted latency among eligible strategies (SQL_FIRST) in >0.10_to_0.25; Exact SQL-first remains the recall-safe fallback.'}",126534,1.127167,0.105875,108.836167,>0.10_to_0.25,SQL_FIRST,57.127208,14.357959000000001,HNSW_HYBRID,2.885959,68.599208
13,brand == 'LG',BRAND,SQL_FIRST,0.126801,0.124969,10,51.487875,70.98,51.090208,1.0,"[596084, 582149, 481526, 170030, 942769, 942665, 376097, 15015, 918545, 265106]","[596084, 582149, 481526, 170030, 942769, 942665, 376097, 15015, 918545, 265106]",True,verified,,[],"{'index': 'exact-l2-sequential', 'index_name': None, 'session_settings': {'enable_indexscan': 'off'}}",16.14 (Debian 16.14-1.pgdg12+1),0.8.5,"{'query_id': 13, 'predicate': ""brand == 'LG'"", 'top_k': 10, 'estimated_selectivity': 0.126801, 'target_recall': 0.95, 'selected_strategy': 'SQL_FIRST', 'predicted_latency_ms': 71.338875, 'candidate_strategies': ['SQL_FIRST'], 'rejected_strategies': ['VECTOR_FIRST_HNSW', 'HNSW_HYBRID', 'IVFFLAT_HYBRID'], 'rejection_reasons': {'VECTOR_FIRST_HNSW': 'Observed minimum recall 0.700 is below target 0.950.', 'HNSW_HYBRID': 'Observed minimum recall 0.900 is below target 0.950.', 'IVFFLAT_HYBRID': 'Observed minimum recall 0.400 is below target 0.950.'}, 'recall_feasibility': {'SQL_FIRST': 'reliably_feasible', 'VECTOR_FIRST_HNSW': 'not_reliably_feasible', 'HNSW_HYBRID': 'not_reliably_feasible', 'IVFFLAT_HYBRID': 'not_reliably_feasible'}, 'evidence': [{'strategy': 'SQL_FIRST', 'feasibility': 'reliably_feasible', 'predicted_latency_ms': 71.338875, 'eligible': True, 'reason': 'Exact SQL-first remains the recall-safe fallback.', 'bucket': '>0.10_to_0.25', 'observed_minimum_recall': 1.0, 'observed_fraction_meeting_target': 1.0}, {'strategy': 'VECTOR_FIRST_HNSW', 'feasibility': 'not_reliably_feasible', 'predicted_latency_ms': 128.900958, 'eligible': False, 'reason': 'Observed minimum recall 0.700 is below target 0.950.', 'bucket': '>0.10_to_0.25', 'observed_minimum_recall': 0.7, 'observed_fraction_meeting_target': 0.631578947368421}, {'strategy': 'HNSW_HYBRID', 'feasibility': 'not_reliably_feasible', 'predicted_latency_ms': 3.834291, 'eligible': False, 'reason': 'Observed minimum recall 0.900 is below target 0.950.', 'bucket': '>0.10_to_0.25', 'observed_minimum_recall': 0.9, 'observed_fraction_meeting_target': 0.6842105263157895}, {'strategy': 'IVFFLAT_HYBRID', 'feasibility': 'not_reliably_feasible', 'predicted_latency_ms': 54.889584, 'eligible': False, 'reason': 'Observed minimum recall 0.400 is below target 0.950.', 'bucket': '>0.10_to_0.25', 'observed_minimum_recall': 0.4, 'observed_fraction_meeting_target': 0.10526315789473684}], 'calibration_source': 'sdao/results/db_baseline_20260814Tfinal', 'calibration_model_version': 'empirical_db_calibration_v1', 'decision_reason': 'Selected SQL_FIRST: lowest predicted latency among eligible strategies (SQL_FIRST) in >0.10_to_0.25; Exact SQL-first remains the recall-safe fallback.'}",126801,1.294917,0.094167,72.369084,>0.10_to_0.25,HNSW_HYBRID,2.765875,48.722,HNSW_HYBRID,2.765875,48.722
14,brand == 'Samsung',BRAND,SQL_FIRST,0.125234,0.125146,10,47.768375,62.719417,49.310792,1.0,"[565920, 528271, 649785, 983167, 155663, 289330, 860104, 452493, 501457, 551817]","[565920, 528271, 649785, 983167, 155663, 289330, 860104, 452493, 501457, 551817]",True,verified,,[],"{'index': 'exact-l2-sequential', 'index_name': None, 'session_settings': {'enable_indexscan': 'off'}}",16.14 (Debian 16.14-1.pgdg12+1),0.8.5,"{'query_id': 14, 'predicate': ""brand == 'Samsung'"", 'top_k': 10, 'estimated_selectivity': 0.125234, 'target_recall': 0.95, 'selected_strategy': 'SQL_FIRST', 'predicted_latency_ms': 71.338875, 'candidate_strategies': ['SQL_FIRST'], 'rejected_strategies': ['VECTOR_FIRST_HNSW', 'HNSW_HYBRID', 'IVFFLAT_HYBRID'], 'rejection_reasons': {'VECTOR_FIRST_HNSW': 'Observed minimum recall 0.700 is below target 0.950.', 'HNSW_HYBRID': 'Observed minimum recall 0.900 is below target 0.950.', 'IVFFLAT_HYBRID': 'Observed minimum recall 0.400 is below target 0.950.'}, 'recall_feasibility': {'SQL_FIRST': 'reliably_feasible', 'VECTOR_FIRST_HNSW': 'not_reliably_feasible', 'HNSW_HYBRID': 'not_reliably_feasible', 'IVFFLAT_HYBRID': 'not_reliably_feasible'}, 'evidence': [{'strategy': 'SQL_FIRST', 'feasibility': 'reliably_feasible', 'predicted_latency_ms': 71.338875, 'eligible': True, 'reason': 'Exact SQL-first remains the recall-safe fallback.', 'bucket': '>0.10_to_0.25', 'observed_minimum_recall': 1.0, 'observed_fraction_meeting_target': 1.0}, {'strategy': 'VECTOR_FIRST_HNSW', 'feasibility': 'not_reliably_feasible', 'predicted_latency_ms': 128.900958, 'eligible': False, 'reason': 'Observed minimum recall 0.700 is below target 0.950.', 'bucket': '>0.10_to_0.25', 'observed_minimum_recall': 0.7, 'observed_fraction_meeting_target': 0.631578947368421}, {'strategy': 'HNSW_HYBRID', 'feasibility': 'not_reliably_feasible', 'predicted_latency_ms': 3.834291, 'eligible': False, 'reason': 'Observed minimum recall 0.900 is below target 0.950.', 'bucket': '>0.10_to_0.25', 'observed_minimum_recall': 0.9, 'observed_fraction_meeting_target': 0.6842105263157895}, {'strategy': 'IVFFLAT_HYBRID', 'feasibility': 'not_reliably_feasible', 'predicted_latency_ms': 54.889584, 'eligible': False, 'reason': 'Observed minimum recall 0.400 is below target 0.950.', 'bucket': '>0.10_to_0.25', 'observed_minimum_recall': 0.4, 'observed_fraction_meeting_target': 0.10526315789473684}], 'calibration_source': 'sdao/results/db_baseline_20260814Tfinal', 'calibration_model_version': 'empirical_db_calibration_v1', 'decision_reason': 'Selected SQL_FIRST: lowest predicted latency among eligible strategies (SQL_FIRST) in >0.10_to_0.25; Exact SQL-first remains the recall-safe fallback.'}",125234,1.091375,0.129333,63.940125,>0.10_to_0.25,SQL_FIRST,47.990125,-0.2217500000000001,HNSW_HYBRID,2.766208,45.002167
15,brand == 'Dell',BRAND,SQL_FIRST,0.127067,0.124809,10,49.154208,65.035541,49.096667,1.0,"[918194, 961400, 261934, 57481, 781626, 255150, 946854, 124232, 337440, 674773]","[918194, 961400, 261934, 57481, 781626, 255150, 946854, 124232, 337440, 674773]",True,verified,,[],"{'index': 'exact-l2-sequential', 'index_name': None, 'session_settings': {'enable_indexscan': 'off'}}",16.14 (Debian 16.14-1.pgdg12+1),0.8.5,"{'query_id': 15, 'predicate': ""brand == 'Dell'"", 'top_k': 10, 'estimated_selectivity': 0.127067, 'target_recall': 0.95, 'selected_strategy': 'SQL_FIRST', 'predicted_latency_ms': 71.338875, 'candidate_strategies': ['SQL_FIRST'], 'rejected_strategies': ['VECTOR_FIRST_HNSW', 'HNSW_HYBRID', 'IVFFLAT_HYBRID'], 'rejection_reasons': {'VECTOR_FIRST_HNSW': 'Observed minimum recall 0.700 is below target 0.950.', 'HNSW_HYBRID': 'Observed minimum recall 0.900 is below target 0.950.', 'IVFFLAT_HYBRID': 'Observed minimum recall 0.400 is below target 0.950.'}, 'recall_feasibility': {'SQL_FIRST': 'reliably_feasible', 'VECTOR_FIRST_HNSW': 'not_reliably_feasible', 'HNSW_HYBRID': 'not_reliably_feasible', 'IVFFLAT_HYBRID': 'not_reliably_feasible'}, 'evidence': [{'strategy': 'SQL_FIRST', 'feasibility': 'reliably_feasible', 'predicted_latency_ms': 71.338875, 'eligible': True, 'reason': 'Exact SQL-first remains the recall-safe fallback.', 'bucket': '>0.10_to_0.25', 'observed_minimum_recall': 1.0, 'observed_fraction_meeting_target': 1.0}, {'strategy': 'VECTOR_FIRST_HNSW', 'feasibility': 'not_reliably_feasible', 'predicted_latency_ms': 128.900958, 'eligible': False, 'reason': 'Observed minimum recall 0.700 is below target 0.950.', 'bucket': '>0.10_to_0.25', 'observed_minimum_recall': 0.7, 'observed_fraction_meeting_target': 0.631578947368421}, {'strategy': 'HNSW_HYBRID', 'feasibility': 'not_reliably_feasible', 'predicted_latency_ms': 3.834291, 'eligible': False, 'reason': 'Observed minimum recall 0.900 is below target 0.950.', 'bucket': '>0.10_to_0.25', 'observed_minimum_recall': 0.9, 'observed_fraction_meeting_target': 0.6842105263157895}, {'strategy': 'IVFFLAT_HYBRID', 'feasibility': 'not_reliably_feasible', 'predicted_latency_ms': 54.889584, 'eligible': False, 'reason': 'Observed minimum recall 0.400 is below target 0.950.', 'bucket': '>0.10_to_0.25', 'observed_minimum_recall': 0.4, 'observed_fraction_meeting_target': 0.10526315789473684}], 'calibration_source': 'sdao/results/db_baseline_20260814Tfinal', 'calibration_model_version': 'empirical_db_calibration_v1', 'decision_reason': 'Selected SQL_FIRST: lowest predicted latency among eligible strategies (SQL_FIRST) in >0.10_to_0.25; Exact SQL-first remains the recall-safe fallback.'}",127067,1.106584,0.098459,66.240584,>0.10_to_0.25,SQL_FIRST,49.552917,-0.39870900000000375,SQL_FIRST,49.552917,-0.39870900000000375
16,price < 200,PRICE,SQL_FIRST,0.074157,0.076848,10,582.898334,595.621042,235.106416,1.0,"[684893, 223703, 967417, 392160, 925011, 869205, 349167, 929950, 682947, 725090]","[684893, 223703, 967417, 392160, 925011, 869205, 349167, 929950, 682947, 725090]",True,verified,,['sift1m_items_price_idx'],"{'index': 'exact-l2-sequential', 'index_name': None, 'session_settings': {'enable_indexscan': 'off'}}",16.14 (Debian 16.14-1.pgdg12+1),0.8.5,"{'query_id': 16, 'predicate': 'price < 200', 'top_k': 10, 'estimated_selectivity': 0.074157, 'target_recall': 0.95, 'selected_strategy': 'SQL_FIRST', 'predicted_latency_ms': 330.761417, 'candidate_strategies': ['SQL_FIRST'], 'rejected_strategies': ['VECTOR_FIRST_HNSW', 'HNSW_HYBRID', 'IVFFLAT_HYBRID'], 'rejection_reasons': {'VECTOR_FIRST_HNSW': 'Observed minimum recall 0.400 is below target 0.950.', 'HNSW_HYBRID': 'Observed minimum recall 0.900 is below target 0.950.', 'IVFFLAT_HYBRID': 'Observed minimum recall 0.600 is below target 0.950.'}, 'recall_feasibility': {'SQL_FIRST': 'reliably_feasible', 'VECTOR_FIRST_HNSW': 'not_reliably_feasible', 'HNSW_HYBRID': 'not_reliably_feasible', 'IVFFLAT_HYBRID': 'not_reliably_feasible'}, 'evidence': [{'strategy': 'SQL_FIRST', 'feasibility': 'reliably_feasible', 'predicted_latency_ms': 330.761417, 'eligible': True, 'reason': 'Exact SQL-first remains the recall-safe fallback.', 'bucket': '>0.05_to_0.10', 'observed_minimum_recall': 1.0, 'observed_fraction_meeting_target': 1.0}, {'strategy': 'VECTOR_FIRST_HNSW', 'feasibility': 'not_reliably_feasible', 'predicted_latency_ms': 110.51025, 'eligible': False, 'reason': 'Observed minimum recall 0.400 is below target 0.950.', 'bucket': '>0.05_to_0.10', 'observed_minimum_recall': 0.4, 'observed_fraction_meeting_target': 0.0}, {'strategy': 'HNSW_HYBRID', 'feasibility': 'not_reliably_feasible', 'predicted_latency_ms': 175.575292, 'eligible': False, 'reason': 'Observed minimum recall 0.900 is below target 0.950.', 'bucket': '>0.05_to_0.10', 'observed_minimum_recall': 0.9, 'observed_fraction_meeting_target': 0.3333333333333333}, {'strategy': 'IVFFLAT_HYBRID', 'feasibility': 'not_reliably_feasible', 'predicted_latency_ms': 27.591875, 'eligible': False, 'reason': 'Observed minimum recall 0.600 is below target 0.950.', 'bucket': '>0.05_to_0.10', 'observed_minimum_recall': 0.6, 'observed_fraction_meeting_target': 0.0}], 'calibration_source': 'sdao/results/db_baseline_20260814Tfinal', 'calibration_model_version': 'empirical_db_calibration_v1', 'decision_reason': 'Selected SQL_FIRST: lowest predicted latency among eligible strategies (SQL_FIRST) in >0.05_to_0.10; Exact SQL-first remains the recall-safe fallback.'}",74157,1.59525,0.041375,597.257667,>0.05_to_0.10,SQL_FIRST,172.171083,410.72725099999997,IVFFLAT_HYBRID,37.004375,545.893959
17,price < 500,PRICE,SQL_FIRST,0.225585,0.230466,10,72.840292,114.631834,59.128792,1.0,"[394163, 117181, 268236, 874263, 17874, 104866, 200755, 265033, 394280, 58507]","[394163, 117181, 268236, 874263, 17874, 104866, 200755, 265033, 394280, 58507]",True,verified,,[],"{'index': 'exact-l2-sequential', 'index_name': None, 'session_settings': {'enable_indexscan': 'off'}}",16.14 (Debian 16.14-1.pgdg12+1),0.8.5,"{'query_id': 17, 'predicate': 'price < 500', 'top_k': 10, 'estimated_selectivity': 0.225585, 'target_recall': 0.95, 'selected_strategy': 'SQL_FIRST', 'predicted_latency_ms': 71.338875, 'candidate_strategies': ['SQL_FIRST'], 'rejected_strategies': ['VECTOR_FIRST_HNSW', 'HNSW_HYBRID', 'IVFFLAT_HYBRID'], 'rejection_reasons': {'VECTOR_FIRST_HNSW': 'Observed minimum recall 0.700 is below target 0.950.', 'HNSW_HYBRID': 'Observed minimum recall 0.900 is below target 0.950.', 'IVFFLAT_HYBRID': 'Observed minimum recall 0.400 is below target 0.950.'}, 'recall_feasibility': {'SQL_FIRST': 'reliably_feasible', 'VECTOR_FIRST_HNSW': 'not_reliably_feasible', 'HNSW_HYBRID': 'not_reliably_feasible', 'IVFFLAT_HYBRID': 'not_reliably_feasible'}, 'evidence': [{'strategy': 'SQL_FIRST', 'feasibility': 'reliably_feasible', 'predicted_latency_ms': 71.338875, 'eligible': True, 'reason': 'Exact SQL-first remains the recall-safe fallback.', 'bucket': '>0.10_to_0.25', 'observed_minimum_recall': 1.0, 'observed_fraction_meeting_target': 1.0}, {'strategy': 'VECTOR_FIRST_HNSW', 'feasibility': 'not_reliably_feasible', 'predicted_latency_ms': 128.900958, 'eligible': False, 'reason': 'Observed minimum recall 0.700 is below target 0.950.', 'bucket': '>0.10_to_0.25', 'observed_minimum_recall': 0.7, 'observed_fraction_meeting_target': 0.631578947368421}, {'strategy': 'HNSW_HYBRID', 'feasibility': 'not_reliably_feasible', 'predicted_latency_ms': 3.834291, 'eligible': False, 'reason': 'Observed minimum recall 0.900 is below target 0.950.', 'bucket': '>0.10_to_0.25', 'observed_minimum_recall': 0.9, 'observed_fraction_meeting_target': 0.6842105263157895}, {'strategy': 'IVFFLAT_HYBRID', 'feasibility': 'not_reliably_feasible', 'predicted_latency_ms': 54.889584, 'eligible': False, 'reason': 'Observed minimum recall 0.400 is below target 0.950.', 'bucket': '>0.10_to_0.25', 'observed_minimum_recall': 0.4, 'observed_fraction_meeting_target': 0.10526315789473684}], 'calibration_source': 'sdao/results/db_baseline_20260814Tfinal', 'calibration_model_version': 'empirical_db_calibration_v1', 'decision_reason': 'Selected SQL_FIRST: lowest predicted latency among eligible strategies (SQL_FIRST) in >0.10_to_0.25; Exact SQL-first remains the recall-safe fallback.'}",225585,4.412167,0.191834,119.235835,>0.10_to_0.25,HNSW_HYBRID,4.983042,67.85725000000001,HNSW_HYBRID,4.983042,67.85725000000001
18,price < 800,PRICE,HNSW_HYBRID,0.38096,0.385065,10,145.248625,171.665958,95.658416,1.0,"[247250, 434884, 170737, 466326, 126762, 63379, 864195, 503525, 63762, 840385]","[247250, 434884, 170737, 466326, 126762, 63379, 864195, 503525, 63762, 840385]",True,verified,sift1m_items_embedding_hnsw_l2_idx,['sift1m_items_embedding_hnsw_l2_idx'],"{'index': 'hnsw', 'index_name': 'sift1m_items_embedding_hnsw_l2_idx', 'session_settings': {'hnsw.ef_search': 100, 'ivfflat.probes': 1000, 'hnsw.iterative_scan': 'strict_order', 'hnsw.max_scan_tuples': 20000}}",16.14 (Debian 16.14-1.pgdg12+1),0.8.5,"{'query_id': 18, 'predicate': 'price < 800', 'top_k': 10, 'estimated_selectivity': 0.38096, 'target_recall': 0.95, 'selected_strategy': 'HNSW_HYBRID', 'predicted_latency_ms': 3.4165205, 'candidate_strategies': ['SQL_FIRST', 'VECTOR_FIRST_HNSW', 'HNSW_HYBRID'], 'rejected_strategies': ['IVFFLAT_HYBRID'], 'rejection_reasons': {'IVFFLAT_HYBRID': 'Observed minimum recall 0.800 is below target 0.950.'}, 'recall_feasibility': {'SQL_FIRST': 'reliably_feasible', 'VECTOR_FIRST_HNSW': 'reliably_feasible', 'HNSW_HYBRID': 'reliably_feasible', 'IVFFLAT_HYBRID': 'not_reliably_feasible'}, 'evidence': [{'strategy': 'SQL_FIRST', 'feasibility': 'reliably_feasible', 'predicted_latency_ms': 86.927063, 'eligible': True, 'reason': 'Exact SQL-first remains the recall-safe fallback.', 'bucket': '>0.25_to_0.50', 'observed_minimum_recall': 1.0, 'observed_fraction_meeting_target': 1.0}, {'strategy': 'VECTOR_FIRST_HNSW', 'feasibility': 'reliably_feasible', 'predicted_latency_ms': 115.3344375, 'eligible': True, 'reason': 'Observed minimum recall 1.000 meets target 0.950.', 'bucket': '>0.25_to_0.50', 'observed_minimum_recall': 1.0, 'observed_fraction_meeting_target': 1.0}, {'strategy': 'HNSW_HYBRID', 'feasibility': 'reliably_feasible', 'predicted_latency_ms': 3.4165205, 'eligible': True, 'reason': 'Observed minimum recall 1.000 meets target 0.950.', 'bucket': '>0.25_to_0.50', 'observed_minimum_recall': 1.0, 'observed_fraction_meeting_target': 1.0}, {'strategy': 'IVFFLAT_HYBRID', 'feasibility': 'not_reliably_feasible', 'predicted_latency_ms': 51.243375, 'eligible': False, 'reason': 'Observed minimum recall 0.800 is below target 0.950.', 'bucket': '>0.25_to_0.50', 'observed_minimum_recall': 0.8, 'observed_fraction_meeting_target': 0.25}], 'calibration_source': 'sdao/results/db_baseline_20260814Tfinal', 'calibration_model_version': 'empirical_db_calibration_v1', 'decision_reason': 'Selected HNSW_HYBRID: lowest predicted latency among eligible strategies (SQL_FIRST, VECTOR_FIRST_HNSW, HNSW_HYBRID) in >0.25_to_0.50; Observed minimum recall 1.000 meets target 0.950.'}",380960,1.156667,0.108959,172.931584,>0.25_to_0.50,VECTOR_FIRST_HNSW,5.734417,139.514208,VECTOR_FIRST_HNSW,5.734417,139.514208
19,price < 1200,PRICE,HNSW_HYBRID,0.589184,0.589991,10,78.167125,108.131292,67.073166,1.0,"[272436, 394974, 905999, 629123, 224830, 885665, 840629, 395043, 514347, 563976]","[272436, 394974, 905999, 629123, 224830, 885665, 840629, 395043, 514347, 563976]",True,verified,sift1m_items_embedding_hnsw_l2_idx,['sift1m_items_embedding_hnsw_l2_idx'],"{'index': 'hnsw', 'index_name': 'sift1m_items_embedding_hnsw_l2_idx', 'session_settings': {'hnsw.ef_search': 100, 'ivfflat.probes': 1000, 'hnsw.iterative_scan': 'strict_order', 'hnsw.max_scan_tuples': 20000}}",16.14 (Debian 16.14-1.pgdg12+1),0.8.5,"{'query_id': 19, 'predicate': 'price < 1200', 'top_k': 10, 'estimated_selectivity': 0.589184, 'target_recall': 0.95, 'selected_strategy': 'HNSW_HYBRID', 'predicted_latency_ms': 4.225937500000001, 'candidate_strategies': ['SQL_FIRST', 'VECTOR_FIRST_HNSW', 'HNSW_HYBRID'], 'rejected_strategies': ['IVFFLAT_HYBRID'], 'rejection_reasons': {'IVFFLAT_HYBRID': 'Observed minimum recall 0.700 is below target 0.950.'}, 'recall_feasibility': {'SQL_FIRST': 'reliably_feasible', 'VECTOR_FIRST_HNSW': 'reliably_feasible', 'HNSW_HYBRID': 'reliably_feasible', 'IVFFLAT_HYBRID': 'not_reliably_feasible'}, 'evidence': [{'strategy': 'SQL_FIRST', 'feasibility': 'reliably_feasible', 'predicted_latency_ms': 89.71089599999999, 'eligible': True, 'reason': 'Exact SQL-first remains the recall-safe fallback.', 'bucket': '>0.50', 'observed_minimum_recall': 1.0, 'observed_fraction_meeting_target': 1.0}, {'strategy': 'VECTOR_FIRST_HNSW', 'feasibility': 'reliably_feasible', 'predicted_latency_ms': 116.00999999999999, 'eligible': True, 'reason': 'Observed minimum recall 1.000 meets target 0.950.', 'bucket': '>0.50', 'observed_minimum_recall': 1.0, 'observed_fraction_meeting_target': 1.0}, {'strategy': 'HNSW_HYBRID', 'feasibility': 'reliably_feasible', 'predicted_latency_ms': 4.225937500000001, 'eligible': True, 'reason': 'Observed minimum recall 1.000 meets target 0.950.', 'bucket': '>0.50', 'observed_minimum_recall': 1.0, 'observed_fraction_meeting_target': 1.0}, {'strategy': 'IVFFLAT_HYBRID', 'feasibility': 'not_reliably_feasible', 'predicted_latency_ms': 50.994271, 'eligible': False, 'reason': 'Observed minimum recall 0.700 is below target 0.950.', 'bucket': '>0.50', 'observed_minimum_recall': 0.7, 'observed_fraction_meeting_target': 0.5}], 'calibration_source': 'sdao/results/db_baseline_20260814Tfinal', 'calibration_model_version': 'empirical_db_calibration_v1', 'decision_reason': 'Selected HNSW_HYBRID: lowest predicted latency among eligible strategies (SQL_FIRST, VECTOR_FIRST_HNSW, HNSW_HYBRID) in >0.50; Observed minimum recall 1.000 meets target 0.950.'}",589184,0.88525,0.080333,109.096875,>0.50,VECTOR_FIRST_HNSW,10.468791,67.698334,VECTOR_FIRST_HNSW,10.468791,67.698334
20,price < 1600,PRICE,HNSW_HYBRID,0.792297,0.795149,10,280.78725,315.591458,208.093084,1.0,"[587404, 666481, 929092, 860624, 481713, 448233, 475757, 359780, 546573, 195737]","[587404, 666481, 929092, 860624, 481713, 448233, 475757, 359780, 546573, 195737]",True,verified,sift1m_items_embedding_hnsw_l2_idx,['sift1m_items_embedding_hnsw_l2_idx'],"{'index': 'hnsw', 'index_name': 'sift1m_items_embedding_hnsw_l2_idx', 'session_settings': {'hnsw.ef_search': 100, 'ivfflat.probes': 1000, 'hnsw.iterative_scan': 'strict_order', 'hnsw.max_scan_tuples': 20000}}",16.14 (Debian 16.14-1.pgdg12+1),0.8.5,"{'query_id': 20, 'predicate': 'price < 1600', 'top_k': 10, 'estimated_selectivity': 0.792297, 'target_recall': 0.95, 'selected_strategy': 'HNSW_HYBRID', 'predicted_latency_ms': 4.225937500000001, 'candidate_strategies': ['SQL_FIRST', 'VECTOR_FIRST_HNSW', 'HNSW_HYBRID'], 'rejected_strategies': ['IVFFLAT_HYBRID'], 'rejection_reasons': {'IVFFLAT_HYBRID': 'Observed minimum recall 0.700 is below target 0.950.'}, 'recall_feasibility': {'SQL_FIRST': 'reliably_feasible', 'VECTOR_FIRST_HNSW': 'reliably_feasible', 'HNSW_HYBRID': 'reliably_feasible', 'IVFFLAT_HYBRID': 'not_reliably_feasible'}, 'evidence': [{'strategy': 'SQL_FIRST', 'feasibility': 'reliably_feasible', 'predicted_latency_ms': 89.71089599999999, 'eligible': True, 'reason': 'Exact SQL-first remains the recall-safe fallback.', 'bucket': '>0.50', 'observed_minimum_recall': 1.0, 'observed_fraction_meeting_target': 1.0}, {'strategy': 'VECTOR_FIRST_HNSW', 'feasibility': 'reliably_feasible', 'predicted_latency_ms': 116.00999999999999, 'eligible': True, 'reason': 'Observed minimum recall 1.000 meets target 0.950.', 'bucket': '>0.50', 'observed_minimum_recall': 1.0, 'observed_fraction_meeting_target': 1.0}, {'strategy': 'HNSW_HYBRID', 'feasibility': 'reliably_feasible', 'predicted_latency_ms': 4.225937500000001, 'eligible': True, 'reason': 'Observed minimum recall 1.000 meets target 0.950.', 'bucket': '>0.50', 'observed_minimum_recall': 1.0, 'observed_fraction_meeting_target': 1.0}, {'strategy': 'IVFFLAT_HYBRID', 'feasibility': 'not_reliably_feasible', 'predicted_latency_ms': 50.994271, 'eligible': False, 'reason': 'Observed minimum recall 0.700 is below target 0.950.', 'bucket': '>0.50', 'observed_minimum_recall': 0.7, 'observed_fraction_meeting_target': 0.5}], 'calibration_source': 'sdao/results/db_baseline_20260814Tfinal', 'calibration_model_version': 'empirical_db_calibration_v1', 'decision_reason': 'Selected HNSW_HYBRID: lowest predicted latency among eligible strategies (SQL_FIRST, VECTOR_FIRST_HNSW, HNSW_HYBRID) in >0.50; Observed minimum recall 1.000 meets target 0.950.'}",792297,1.169,0.047459,316.807917,>0.50,HNSW_HYBRID,2.2575,278.52975,HNSW_HYBRID,2.2575,278.52975
21,rating > 2.5,RATING,HNSW_HYBRID,0.61417,0.612283,10,185.314709,274.610625,156.509,1.0,"[4490, 214449, 559990, 497354, 337027, 306259, 59773, 365266, 776961, 261517]","[4490, 214449, 559990, 497354, 337027, 306259, 59773, 365266, 776961, 261517]",True,verified,sift1m_items_embedding_hnsw_l2_idx,['sift1m_items_embedding_hnsw_l2_idx'],"{'index': 'hnsw', 'index_name': 'sift1m_items_embedding_hnsw_l2_idx', 'session_settings': {'hnsw.ef_search': 100, 'ivfflat.probes': 1000, 'hnsw.iterative_scan': 'strict_order', 'hnsw.max_scan_tuples': 20000}}",16.14 (Debian 16.14-1.pgdg12+1),0.8.5,"{'query_id': 21, 'predicate': 'rating > 2.5', 'top_k': 10, 'estimated_selectivity': 0.61417, 'target_recall': 0.95, 'selected_strategy': 'HNSW_HYBRID', 'predicted_latency_ms': 4.225937500000001, 'candidate_strategies': ['SQL_FIRST', 'VECTOR_FIRST_HNSW', 'HNSW_HYBRID'], 'rejected_strategies': ['IVFFLAT_HYBRID'], 'rejection_reasons': {'IVFFLAT_HYBRID': 'Observed minimum recall 0.700 is below target 0.950.'}, 'recall_feasibility': {'SQL_FIRST': 'reliably_feasible', 'VECTOR_FIRST_HNSW': 'reliably_feasible', 'HNSW_HYBRID': 'reliably_feasible', 'IVFFLAT_HYBRID': 'not_reliably_feasible'}, 'evidence': [{'strategy': 'SQL_FIRST', 'feasibility': 'reliably_feasible', 'predicted_latency_ms': 89.71089599999999, 'eligible': True, 'reason': 'Exact SQL-first remains the recall-safe fallback.', 'bucket': '>0.50', 'observed_minimum_recall': 1.0, 'observed_fraction_meeting_target': 1.0}, {'strategy': 'VECTOR_FIRST_HNSW', 'feasibility': 'reliably_feasible', 'predicted_latency_ms': 116.00999999999999, 'eligible': True, 'reason': 'Observed minimum recall 1.000 meets target 0.950.', 'bucket': '>0.50', 'observed_minimum_recall': 1.0, 'observed_fraction_meeting_target': 1.0}, {'strategy': 'HNSW_HYBRID', 'feasibility': 'reliably_feasible', 'predicted_latency_ms': 4.225937500000001, 'eligible': True, 'reason': 'Observed minimum recall 1.000 meets target 0.950.', 'bucket': '>0.50', 'observed_minimum_recall': 1.0, 'observed_fraction_meeting_target': 1.0}, {'strategy': 'IVFFLAT_HYBRID', 'feasibility': 'not_reliably_feasible', 'predicted_latency_ms': 50.994271, 'eligible': False, 'reason': 'Observed minimum recall 0.700 is below target 0.950.', 'bucket': '>0.50', 'observed_minimum_recall': 0.7, 'observed_fraction_meeting_target': 0.5}], 'calibration_source': 'sdao/results/db_baseline_20260814Tfinal', 'calibration_model_version': 'empirical_db_calibration_v1', 'decision_reason': 'Selected HNSW_HYBRID: lowest predicted latency among eligible strategies (SQL_FIRST, VECTOR_FIRST_HNSW, HNSW_HYBRID) in >0.50; Observed minimum recall 1.000 meets target 0.950.'}",614170,3.390084,0.190125,278.19083400000005,>0.50,VECTOR_FIRST_HNSW,7.656167,177.65854199999998,VECTOR_FIRST_HNSW,7.656167,177.65854199999998
22,rating > 3.0,RATING,HNSW_HYBRID,0.48827,0.487262,10,69.445542,90.798125,62.31475,1.0,"[31629, 68360, 426465, 558357, 4784, 633279, 536469, 776801, 5408, 94976]","[31629, 68360, 426465, 558357, 4784, 633279, 536469, 776801, 5408, 94976]",True,verified,sift1m_items_embedding_hnsw_l2_idx,['sift1m_items_embedding_hnsw_l2_idx'],"{'index': 'hnsw', 'index_name': 'sift1m_items_embedding_hnsw_l2_idx', 'session_settings': {'hnsw.ef_search': 100, 'ivfflat.probes': 1000, 'hnsw.iterative_scan': 'strict_order', 'hnsw.max_scan_tuples': 20000}}",16.14 (Debian 16.14-1.pgdg12+1),0.8.5,"{'query_id': 22, 'predicate': 'rating > 3.0', 'top_k': 10, 'estimated_selectivity': 0.48827, 'target_recall': 0.95, 'selected_strategy': 'HNSW_HYBRID', 'predicted_latency_ms': 3.4165205, 'candidate_strategies': ['SQL_FIRST', 'VECTOR_FIRST_HNSW', 'HNSW_HYBRID'], 'rejected_strategies': ['IVFFLAT_HYBRID'], 'rejection_reasons': {'IVFFLAT_HYBRID': 'Observed minimum recall 0.800 is below target 0.950.'}, 'recall_feasibility': {'SQL_FIRST': 'reliably_feasible', 'VECTOR_FIRST_HNSW': 'reliably_feasible', 'HNSW_HYBRID': 'reliably_feasible', 'IVFFLAT_HYBRID': 'not_reliably_feasible'}, 'evidence': [{'strategy': 'SQL_FIRST', 'feasibility': 'reliably_feasible', 'predicted_latency_ms': 86.927063, 'eligible': True, 'reason': 'Exact SQL-first remains the recall-safe fallback.', 'bucket': '>0.25_to_0.50', 'observed_minimum_recall': 1.0, 'observed_fraction_meeting_target': 1.0}, {'strategy': 'VECTOR_FIRST_HNSW', 'feasibility': 'reliably_feasible', 'predicted_latency_ms': 115.3344375, 'eligible': True, 'reason': 'Observed minimum recall 1.000 meets target 0.950.', 'bucket': '>0.25_to_0.50', 'observed_minimum_recall': 1.0, 'observed_fraction_meeting_target': 1.0}, {'strategy': 'HNSW_HYBRID', 'feasibility': 'reliably_feasible', 'predicted_latency_ms': 3.4165205, 'eligible': True, 'reason': 'Observed minimum recall 1.000 meets target 0.950.', 'bucket': '>0.25_to_0.50', 'observed_minimum_recall': 1.0, 'observed_fraction_meeting_target': 1.0}, {'strategy': 'IVFFLAT_HYBRID', 'feasibility': 'not_reliably_feasible', 'predicted_latency_ms': 51.243375, 'eligible': False, 'reason': 'Observed minimum recall 0.800 is below target 0.950.', 'bucket': '>0.25_to_0.50', 'observed_minimum_recall': 0.8, 'observed_fraction_meeting_target': 0.25}], 'calibration_source': 'sdao/results/db_baseline_20260814Tfinal', 'calibration_model_version': 'empirical_db_calibration_v1', 'decision_reason': 'Selected HNSW_HYBRID: lowest predicted latency among eligible strategies (SQL_FIRST, VECTOR_FIRST_HNSW, HNSW_HYBRID) in >0.25_to_0.50; Observed minimum recall 1.000 meets target 0.950.'}",488270,0.998959,0.097458,91.894542,>0.25_to_0.50,HNSW_HYBRID,2.528458,66.917084,HNSW_HYBRID,2.528458,66.917084
23,rating > 3.5,RATING,HNSW_HYBRID,0.364836,0.362073,10,92.309,113.802708,69.245084,1.0,"[364790, 526788, 219735, 176512, 290169, 122772, 350527, 364660, 902789, 607007]","[364790, 526788, 219735, 176512, 290169, 122772, 350527, 364660, 902789, 607007]",True,verified,sift1m_items_embedding_hnsw_l2_idx,['sift1m_items_embedding_hnsw_l2_idx'],"{'index': 'hnsw', 'index_name': 'sift1m_items_embedding_hnsw_l2_idx', 'session_settings': {'hnsw.ef_search': 100, 'ivfflat.probes': 1000, 'hnsw.iterative_scan': 'strict_order', 'hnsw.max_scan_tuples': 20000}}",16.14 (Debian 16.14-1.pgdg12+1),0.8.5,"{'query_id': 23, 'predicate': 'rating > 3.5', 'top_k': 10, 'estimated_selectivity': 0.364836, 'target_recall': 0.95, 'selected_strategy': 'HNSW_HYBRID', 'predicted_latency_ms': 3.4165205, 'candidate_strategies': ['SQL_FIRST', 'VECTOR_FIRST_HNSW', 'HNSW_HYBRID'], 'rejected_strategies': ['IVFFLAT_HYBRID'], 'rejection_reasons': {'IVFFLAT_HYBRID': 'Observed minimum recall 0.800 is below target 0.950.'}, 'recall_feasibility': {'SQL_FIRST': 'reliably_feasible', 'VECTOR_FIRST_HNSW': 'reliably_feasible', 'HNSW_HYBRID': 'reliably_feasible', 'IVFFLAT_HYBRID': 'not_reliably_feasible'}, 'evidence': [{'strategy': 'SQL_FIRST', 'feasibility': 'reliably_feasible', 'predicted_latency_ms': 86.927063, 'eligible': True, 'reason': 'Exact SQL-first remains the recall-safe fallback.', 'bucket': '>0.25_to_0.50', 'observed_minimum_recall': 1.0, 'observed_fraction_meeting_target': 1.0}, {'strategy': 'VECTOR_FIRST_HNSW', 'feasibility': 'reliably_feasible', 'predicted_latency_ms': 115.3344375, 'eligible': True, 'reason': 'Observed minimum recall 1.000 meets target 0.950.', 'bucket': '>0.25_to_0.50', 'observed_minimum_recall': 1.0, 'observed_fraction_meeting_target': 1.0}, {'strategy': 'HNSW_HYBRID', 'feasibility': 'reliably_feasible', 'predicted_latency_ms': 3.4165205, 'eligible': True, 'reason': 'Observed minimum recall 1.000 meets target 0.950.', 'bucket': '>0.25_to_0.50', 'observed_minimum_recall': 1.0, 'observed_fraction_meeting_target': 1.0}, {'strategy': 'IVFFLAT_HYBRID', 'feasibility': 'not_reliably_feasible', 'predicted_latency_ms': 51.243375, 'eligible': False, 'reason': 'Observed minimum recall 0.800 is below target 0.950.', 'bucket': '>0.25_to_0.50', 'observed_minimum_recall': 0.8, 'observed_fraction_meeting_target': 0.25}], 'calibration_source': 'sdao/results/db_baseline_20260814Tfinal', 'calibration_model_version': 'empirical_db_calibration_v1', 'decision_reason': 'Selected HNSW_HYBRID: lowest predicted latency among eligible strategies (SQL_FIRST, VECTOR_FIRST_HNSW, HNSW_HYBRID) in >0.25_to_0.50; Observed minimum recall 1.000 meets target 0.950.'}",364836,1.351375,0.24475,115.398833,>0.25_to_0.50,HNSW_HYBRID,3.157375,89.151625,HNSW_HYBRID,3.157375,89.151625
24,rating > 4.0,RATING,SQL_FIRST,0.240168,0.236721,10,59.004459,76.025791,51.594583,1.0,"[784790, 279489, 4623, 242430, 292781, 188768, 278674, 172451, 515459, 188787]","[784790, 279489, 4623, 242430, 292781, 188768, 278674, 172451, 515459, 188787]",True,verified,,[],"{'index': 'exact-l2-sequential', 'index_name': None, 'session_settings': {'enable_indexscan': 'off'}}",16.14 (Debian 16.14-1.pgdg12+1),0.8.5,"{'query_id': 24, 'predicate': 'rating > 4.0', 'top_k': 10, 'estimated_selectivity': 0.240168, 'target_recall': 0.95, 'selected_strategy': 'SQL_FIRST', 'predicted_latency_ms': 71.338875, 'candidate_strategies': ['SQL_FIRST'], 'rejected_strategies': ['VECTOR_FIRST_HNSW', 'HNSW_HYBRID', 'IVFFLAT_HYBRID'], 'rejection_reasons': {'VECTOR_FIRST_HNSW': 'Observed minimum recall 0.700 is below target 0.950.', 'HNSW_HYBRID': 'Observed minimum recall 0.900 is below target 0.950.', 'IVFFLAT_HYBRID': 'Observed minimum recall 0.400 is below target 0.950.'}, 'recall_feasibility': {'SQL_FIRST': 'reliably_feasible', 'VECTOR_FIRST_HNSW': 'not_reliably_feasible', 'HNSW_HYBRID': 'not_reliably_feasible', 'IVFFLAT_HYBRID': 'not_reliably_feasible'}, 'evidence': [{'strategy': 'SQL_FIRST', 'feasibility': 'reliably_feasible', 'predicted_latency_ms': 71.338875, 'eligible': True, 'reason': 'Exact SQL-first remains the recall-safe fallback.', 'bucket': '>0.10_to_0.25', 'observed_minimum_recall': 1.0, 'observed_fraction_meeting_target': 1.0}, {'strategy': 'VECTOR_FIRST_HNSW', 'feasibility': 'not_reliably_feasible', 'predicted_latency_ms': 128.900958, 'eligible': False, 'reason': 'Observed minimum recall 0.700 is below target 0.950.', 'bucket': '>0.10_to_0.25', 'observed_minimum_recall': 0.7, 'observed_fraction_meeting_target': 0.631578947368421}, {'strategy': 'HNSW_HYBRID', 'feasibility': 'not_reliably_feasible', 'predicted_latency_ms': 3.834291, 'eligible': False, 'reason': 'Observed minimum recall 0.900 is below target 0.950.', 'bucket': '>0.10_to_0.25', 'observed_minimum_recall': 0.9, 'observed_fraction_meeting_target': 0.6842105263157895}, {'strategy': 'IVFFLAT_HYBRID', 'feasibility': 'not_reliably_feasible', 'predicted_latency_ms': 54.889584, 'eligible': False, 'reason': 'Observed minimum recall 0.400 is below target 0.950.', 'bucket': '>0.10_to_0.25', 'observed_minimum_recall': 0.4, 'observed_fraction_meeting_target': 0.10526315789473684}], 'calibration_source': 'sdao/results/db_baseline_20260814Tfinal', 'calibration_model_version': 'empirical_db_calibration_v1', 'decision_reason': 'Selected SQL_FIRST: lowest predicted latency among eligible strategies (SQL_FIRST) in >0.10_to_0.25; Exact SQL-first remains the recall-safe fallback.'}",240168,0.953625,0.127041,77.10645699999999,>0.10_to_0.25,HNSW_HYBRID,4.133625,54.870833999999995,HNSW_HYBRID,4.133625,54.870833999999995
25,rating > 4.5,RATING,SQL_FIRST,0.115434,0.112086,10,50.775208,61.842541,53.813166,1.0,"[514508, 292181, 474871, 252643, 249846, 465958, 497622, 717049, 684686, 569078]","[514508, 292181, 474871, 252643, 249846, 465958, 497622, 717049, 684686, 569078]",True,verified,,[],"{'index': 'exact-l2-sequential', 'index_name': None, 'session_settings': {'enable_indexscan': 'off'}}",16.14 (Debian 16.14-1.pgdg12+1),0.8.5,"{'query_id': 25, 'predicate': 'rating > 4.5', 'top_k': 10, 'estimated_selectivity': 0.115434, 'target_recall': 0.95, 'selected_strategy': 'SQL_FIRST', 'predicted_latency_ms': 71.338875, 'candidate_strategies': ['SQL_FIRST'], 'rejected_strategies': ['VECTOR_FIRST_HNSW', 'HNSW_HYBRID', 'IVFFLAT_HYBRID'], 'rejection_reasons': {'VECTOR_FIRST_HNSW': 'Observed minimum recall 0.700 is below target 0.950.', 'HNSW_HYBRID': 'Observed minimum recall 0.900 is below target 0.950.', 'IVFFLAT_HYBRID': 'Observed minimum recall 0.400 is below target 0.950.'}, 'recall_feasibility': {'SQL_FIRST': 'reliably_feasible', 'VECTOR_FIRST_HNSW': 'not_reliably_feasible', 'HNSW_HYBRID': 'not_reliably_feasible', 'IVFFLAT_HYBRID': 'not_reliably_feasible'}, 'evidence': [{'strategy': 'SQL_FIRST', 'feasibility': 'reliably_feasible', 'predicted_latency_ms': 71.338875, 'eligible': True, 'reason': 'Exact SQL-first remains the recall-safe fallback.', 'bucket': '>0.10_to_0.25', 'observed_minimum_recall': 1.0, 'observed_fraction_meeting_target': 1.0}, {'strategy': 'VECTOR_FIRST_HNSW', 'feasibility': 'not_reliably_feasible', 'predicted_latency_ms': 128.900958, 'eligible': False, 'reason': 'Observed minimum recall 0.700 is below target 0.950.', 'bucket': '>0.10_to_0.25', 'observed_minimum_recall': 0.7, 'observed_fraction_meeting_target': 0.631578947368421}, {'strategy': 'HNSW_HYBRID', 'feasibility': 'not_reliably_feasible', 'predicted_latency_ms': 3.834291, 'eligible': False, 'reason': 'Observed minimum recall 0.900 is below target 0.950.', 'bucket': '>0.10_to_0.25', 'observed_minimum_recall': 0.9, 'observed_fraction_meeting_target': 0.6842105263157895}, {'strategy': 'IVFFLAT_HYBRID', 'feasibility': 'not_reliably_feasible', 'predicted_latency_ms': 54.889584, 'eligible': False, 'reason': 'Observed minimum recall 0.400 is below target 0.950.', 'bucket': '>0.10_to_0.25', 'observed_minimum_recall': 0.4, 'observed_fraction_meeting_target': 0.10526315789473684}], 'calibration_source': 'sdao/results/db_baseline_20260814Tfinal', 'calibration_model_version': 'empirical_db_calibration_v1', 'decision_reason': 'Selected SQL_FIRST: lowest predicted latency among eligible strategies (SQL_FIRST) in >0.10_to_0.25; Exact SQL-first remains the recall-safe fallback.'}",115434,1.139,0.086042,63.067583,>0.10_to_0.25,HNSW_HYBRID,2.873459,47.901749,HNSW_HYBRID,2.873459,47.901749
26,stock == True,STOCK,HNSW_HYBRID,0.502303,0.500146,10,99.467667,141.424792,87.0635,1.0,"[426756, 525190, 910741, 475114, 321539, 515955, 321507, 525650, 514648, 794330]","[426756, 525190, 910741, 475114, 321539, 515955, 321507, 525650, 514648, 794330]",True,verified,sift1m_items_embedding_hnsw_l2_idx,['sift1m_items_embedding_hnsw_l2_idx'],"{'index': 'hnsw', 'index_name': 'sift1m_items_embedding_hnsw_l2_idx', 'session_settings': {'hnsw.ef_search': 100, 'ivfflat.probes': 1000, 'hnsw.iterative_scan': 'strict_order', 'hnsw.max_scan_tuples': 20000}}",16.14 (Debian 16.14-1.pgdg12+1),0.8.5,"{'query_id': 26, 'predicate': 'stock == True', 'top_k': 10, 'estimated_selectivity': 0.502303, 'target_recall': 0.95, 'selected_strategy': 'HNSW_HYBRID', 'predicted_latency_ms': 4.225937500000001, 'candidate_strategies': ['SQL_FIRST', 'VECTOR_FIRST_HNSW', 'HNSW_HYBRID'], 'rejected_strategies': ['IVFFLAT_HYBRID'], 'rejection_reasons': {'IVFFLAT_HYBRID': 'Observed minimum recall 0.700 is below target 0.950.'}, 'recall_feasibility': {'SQL_FIRST': 'reliably_feasible', 'VECTOR_FIRST_HNSW': 'reliably_feasible', 'HNSW_HYBRID': 'reliably_feasible', 'IVFFLAT_HYBRID': 'not_reliably_feasible'}, 'evidence': [{'strategy': 'SQL_FIRST', 'feasibility': 'reliably_feasible', 'predicted_latency_ms': 89.71089599999999, 'eligible': True, 'reason': 'Exact SQL-first remains the recall-safe fallback.', 'bucket': '>0.50', 'observed_minimum_recall': 1.0, 'observed_fraction_meeting_target': 1.0}, {'strategy': 'VECTOR_FIRST_HNSW', 'feasibility': 'reliably_feasible', 'predicted_latency_ms': 116.00999999999999, 'eligible': True, 'reason': 'Observed minimum recall 1.000 meets target 0.950.', 'bucket': '>0.50', 'observed_minimum_recall': 1.0, 'observed_fraction_meeting_target': 1.0}, {'strategy': 'HNSW_HYBRID', 'feasibility': 'reliably_feasible', 'predicted_latency_ms': 4.225937500000001, 'eligible': True, 'reason': 'Observed minimum recall 1.000 meets target 0.950.', 'bucket': '>0.50', 'observed_minimum_recall': 1.0, 'observed_fraction_meeting_target': 1.0}, {'strategy': 'IVFFLAT_HYBRID', 'feasibility': 'not_reliably_feasible', 'predicted_latency_ms': 50.994271, 'eligible': False, 'reason': 'Observed minimum recall 0.700 is below target 0.950.', 'bucket': '>0.50', 'observed_minimum_recall': 0.7, 'observed_fraction_meeting_target': 0.5}], 'calibration_source': 'sdao/results/db_baseline_20260814Tfinal', 'calibration_model_version': 'empirical_db_calibration_v1', 'decision_reason': 'Selected HNSW_HYBRID: lowest predicted latency among eligible strategies (SQL_FIRST, VECTOR_FIRST_HNSW, HNSW_HYBRID) in >0.50; Observed minimum recall 1.000 meets target 0.950.'}",502303,1.499625,0.09925,143.023667,>0.50,HNSW_HYBRID,3.257917,96.20975,HNSW_HYBRID,3.257917,96.20975
27,stock == False,STOCK,HNSW_HYBRID,0.497703,0.499854,10,57.76,94.782875,171.473417,1.0,"[955277, 363739, 176295, 366495, 58968, 802361, 717049, 364341, 925261, 955312]","[955277, 363739, 176295, 366495, 58968, 802361, 717049, 364341, 925261, 955312]",True,verified,sift1m_items_embedding_hnsw_l2_idx,['sift1m_items_embedding_hnsw_l2_idx'],"{'index': 'hnsw', 'index_name': 'sift1m_items_embedding_hnsw_l2_idx', 'session_settings': {'hnsw.ef_search': 100, 'ivfflat.probes': 1000, 'hnsw.iterative_scan': 'strict_order', 'hnsw.max_scan_tuples': 20000}}",16.14 (Debian 16.14-1.pgdg12+1),0.8.5,"{'query_id': 27, 'predicate': 'stock == False', 'top_k': 10, 'estimated_selectivity': 0.497703, 'target_recall': 0.95, 'selected_strategy': 'HNSW_HYBRID', 'predicted_latency_ms': 3.4165205, 'candidate_strategies': ['SQL_FIRST', 'VECTOR_FIRST_HNSW', 'HNSW_HYBRID'], 'rejected_strategies': ['IVFFLAT_HYBRID'], 'rejection_reasons': {'IVFFLAT_HYBRID': 'Observed minimum recall 0.800 is below target 0.950.'}, 'recall_feasibility': {'SQL_FIRST': 'reliably_feasible', 'VECTOR_FIRST_HNSW': 'reliably_feasible', 'HNSW_HYBRID': 'reliably_feasible', 'IVFFLAT_HYBRID': 'not_reliably_feasible'}, 'evidence': [{'strategy': 'SQL_FIRST', 'feasibility': 'reliably_feasible', 'predicted_latency_ms': 86.927063, 'eligible': True, 'reason': 'Exact SQL-first remains the recall-safe fallback.', 'bucket': '>0.25_to_0.50', 'observed_minimum_recall': 1.0, 'observed_fraction_meeting_target': 1.0}, {'strategy': 'VECTOR_FIRST_HNSW', 'feasibility': 'reliably_feasible', 'predicted_latency_ms': 115.3344375, 'eligible': True, 'reason': 'Observed minimum recall 1.000 meets target 0.950.', 'bucket': '>0.25_to_0.50', 'observed_minimum_recall': 1.0, 'observed_fraction_meeting_target': 1.0}, {'strategy': 'HNSW_HYBRID', 'feasibility': 'reliably_feasible', 'predicted_latency_ms': 3.4165205, 'eligible': True, 'reason': 'Observed minimum recall 1.000 meets target 0.950.', 'bucket': '>0.25_to_0.50', 'observed_minimum_recall': 1.0, 'observed_fraction_meeting_target': 1.0}, {'strategy': 'IVFFLAT_HYBRID', 'feasibility': 'not_reliably_feasible', 'predicted_latency_ms': 51.243375, 'eligible': False, 'reason': 'Observed minimum recall 0.800 is below target 0.950.', 'bucket': '>0.25_to_0.50', 'observed_minimum_recall': 0.8, 'observed_fraction_meeting_target': 0.25}], 'calibration_source': 'sdao/results/db_baseline_20260814Tfinal', 'calibration_model_version': 'empirical_db_calibration_v1', 'decision_reason': 'Selected HNSW_HYBRID: lowest predicted latency among eligible strategies (SQL_FIRST, VECTOR_FIRST_HNSW, HNSW_HYBRID) in >0.25_to_0.50; Observed minimum recall 1.000 meets target 0.950.'}",497703,1.18275,0.16975,96.13537500000001,>0.25_to_0.50,HNSW_HYBRID,3.080208,54.679792,HNSW_HYBRID,3.080208,54.679792
28,category == 'Laptop' and price < 500,HYBRID,HNSW_HYBRID,0.029153,0.028864,10,878.704875,1294.300083,275.15325,1.0,"[103826, 907104, 521880, 423008, 265138, 886127, 703845, 785002, 742810, 66976]","[103826, 907104, 521880, 423008, 265138, 886127, 703845, 785002, 742810, 66976]",True,verified,sift1m_items_embedding_hnsw_l2_idx,['sift1m_items_embedding_hnsw_l2_idx'],"{'index': 'hnsw', 'index_name': 'sift1m_items_embedding_hnsw_l2_idx', 'session_settings': {'hnsw.ef_search': 100, 'ivfflat.probes': 1000, 'hnsw.iterative_scan': 'strict_order', 'hnsw.max_scan_tuples': 20000}}",16.14 (Debian 16.14-1.pgdg12+1),0.8.5,"{'query_id': 28, 'predicate': ""category == 'Laptop' and price < 500"", 'top_k': 10, 'estimated_selectivity': 0.029153, 'target_recall': 0.95, 'selected_strategy': 'HNSW_HYBRID', 'predicted_latency_ms': 263.4944375, 'candidate_strategies': ['SQL_FIRST', 'HNSW_HYBRID'], 'rejected_strategies': ['VECTOR_FIRST_HNSW', 'IVFFLAT_HYBRID'], 'rejection_reasons': {'VECTOR_FIRST_HNSW': 'Observed minimum recall 0.100 is below target 0.950.', 'IVFFLAT_HYBRID': 'Observed minimum recall 0.800 is below target 0.950.'}, 'recall_feasibility': {'SQL_FIRST': 'reliably_feasible', 'VECTOR_FIRST_HNSW': 'not_reliably_feasible', 'HNSW_HYBRID': 'reliably_feasible', 'IVFFLAT_HYBRID': 'not_reliably_feasible'}, 'evidence': [{'strategy': 'SQL_FIRST', 'feasibility': 'reliably_feasible', 'predicted_latency_ms': 523.07425, 'eligible': True, 'reason': 'Exact SQL-first remains the recall-safe fallback.', 'bucket': '<=0.05', 'observed_minimum_recall': 1.0, 'observed_fraction_meeting_target': 1.0}, {'strategy': 'VECTOR_FIRST_HNSW', 'feasibility': 'not_reliably_feasible', 'predicted_latency_ms': 139.80264599999998, 'eligible': False, 'reason': 'Observed minimum recall 0.100 is below target 0.950.', 'bucket': '<=0.05', 'observed_minimum_recall': 0.1, 'observed_fraction_meeting_target': 0.0}, {'strategy': 'HNSW_HYBRID', 'feasibility': 'reliably_feasible', 'predicted_latency_ms': 263.4944375, 'eligible': True, 'reason': 'Observed minimum recall 1.000 meets target 0.950.', 'bucket': '<=0.05', 'observed_minimum_recall': 1.0, 'observed_fraction_meeting_target': 1.0}, {'strategy': 'IVFFLAT_HYBRID', 'feasibility': 'not_reliably_feasible', 'predicted_latency_ms': 55.7631455, 'eligible': False, 'reason': 'Observed minimum recall 0.800 is below target 0.950.', 'bucket': '<=0.05', 'observed_minimum_recall': 0.8, 'observed_fraction_meeting_target': 0.5}], 'calibration_source': 'sdao/results/db_baseline_20260814Tfinal', 'calibration_model_version': 'empirical_db_calibration_v1', 'decision_reason': 'Selected HNSW_HYBRID: lowest predicted latency among eligible strategies (SQL_FIRST, HNSW_HYBRID) in <=0.05; Observed minimum recall 1.000 meets target 0.950.'}",29153,1.476708,0.092083,1295.868874,<=0.05,HNSW_HYBRID,152.90175,725.803125,IVFFLAT_HYBRID,40.3815,838.323375
29,brand == 'Apple' and rating > 4,HYBRID,HNSW_HYBRID,0.030093,0.029805,10,508.008417,846.870708,192.564625,1.0,"[637976, 602775, 770465, 667296, 568015, 102666, 535118, 7766, 963972, 820522]","[637976, 602775, 770465, 667296, 568015, 102666, 535118, 7766, 963972, 820522]",True,verified,sift1m_items_embedding_hnsw_l2_idx,['sift1m_items_embedding_hnsw_l2_idx'],"{'index': 'hnsw', 'index_name': 'sift1m_items_embedding_hnsw_l2_idx', 'session_settings': {'hnsw.ef_search': 100, 'ivfflat.probes': 1000, 'hnsw.iterative_scan': 'strict_order', 'hnsw.max_scan_tuples': 20000}}",16.14 (Debian 16.14-1.pgdg12+1),0.8.5,"{'query_id': 29, 'predicate': ""brand == 'Apple' and rating > 4"", 'top_k': 10, 'estimated_selectivity': 0.030093, 'target_recall': 0.95, 'selected_strategy': 'HNSW_HYBRID', 'predicted_latency_ms': 263.4944375, 'candidate_strategies': ['SQL_FIRST', 'HNSW_HYBRID'], 'rejected_strategies': ['VECTOR_FIRST_HNSW', 'IVFFLAT_HYBRID'], 'rejection_reasons': {'VECTOR_FIRST_HNSW': 'Observed minimum recall 0.100 is below target 0.950.', 'IVFFLAT_HYBRID': 'Observed minimum recall 0.800 is below target 0.950.'}, 'recall_feasibility': {'SQL_FIRST': 'reliably_feasible', 'VECTOR_FIRST_HNSW': 'not_reliably_feasible', 'HNSW_HYBRID': 'reliably_feasible', 'IVFFLAT_HYBRID': 'not_reliably_feasible'}, 'evidence': [{'strategy': 'SQL_FIRST', 'feasibility': 'reliably_feasible', 'predicted_latency_ms': 523.07425, 'eligible': True, 'reason': 'Exact SQL-first remains the recall-safe fallback.', 'bucket': '<=0.05', 'observed_minimum_recall': 1.0, 'observed_fraction_meeting_target': 1.0}, {'strategy': 'VECTOR_FIRST_HNSW', 'feasibility': 'not_reliably_feasible', 'predicted_latency_ms': 139.80264599999998, 'eligible': False, 'reason': 'Observed minimum recall 0.100 is below target 0.950.', 'bucket': '<=0.05', 'observed_minimum_recall': 0.1, 'observed_fraction_meeting_target': 0.0}, {'strategy': 'HNSW_HYBRID', 'feasibility': 'reliably_feasible', 'predicted_latency_ms': 263.4944375, 'eligible': True, 'reason': 'Observed minimum recall 1.000 meets target 0.950.', 'bucket': '<=0.05', 'observed_minimum_recall': 1.0, 'observed_fraction_meeting_target': 1.0}, {'strategy': 'IVFFLAT_HYBRID', 'feasibility': 'not_reliably_feasible', 'predicted_latency_ms': 55.7631455, 'eligible': False, 'reason': 'Observed minimum recall 0.800 is below target 0.950.', 'bucket': '<=0.05', 'observed_minimum_recall': 0.8, 'observed_fraction_meeting_target': 0.5}], 'calibration_source': 'sdao/results/db_baseline_20260814Tfinal', 'calibration_model_version': 'empirical_db_calibration_v1', 'decision_reason': 'Selected HNSW_HYBRID: lowest predicted latency among eligible strategies (SQL_FIRST, HNSW_HYBRID) in <=0.05; Observed minimum recall 1.000 meets target 0.950.'}",30093,3.528083,0.193125,850.5919160000001,<=0.05,HNSW_HYBRID,59.430791,448.577626,VECTOR_FIRST_HNSW,30.379084,477.62933300000003
30,category == 'Phone' and stock == True,HYBRID,SQL_FIRST,0.061566,0.062437,10,56.974125,158.676792,53.508417,1.0,"[516922, 502151, 823965, 525648, 117162, 285066, 518323, 329033, 719126, 440932]","[516922, 502151, 823965, 525648, 117162, 285066, 518323, 329033, 719126, 440932]",True,verified,,[],"{'index': 'exact-l2-sequential', 'index_name': None, 'session_settings': {'enable_indexscan': 'off'}}",16.14 (Debian 16.14-1.pgdg12+1),0.8.5,"{'query_id': 30, 'predicate': ""category == 'Phone' and stock == True"", 'top_k': 10, 'estimated_selectivity': 0.061566, 'target_recall': 0.95, 'selected_strategy': 'SQL_FIRST', 'predicted_latency_ms': 330.761417, 'candidate_strategies': ['SQL_FIRST'], 'rejected_strategies': ['VECTOR_FIRST_HNSW', 'HNSW_HYBRID', 'IVFFLAT_HYBRID'], 'rejection_reasons': {'VECTOR_FIRST_HNSW': 'Observed minimum recall 0.400 is below target 0.950.', 'HNSW_HYBRID': 'Observed minimum recall 0.900 is below target 0.950.', 'IVFFLAT_HYBRID': 'Observed minimum recall 0.600 is below target 0.950.'}, 'recall_feasibility': {'SQL_FIRST': 'reliably_feasible', 'VECTOR_FIRST_HNSW': 'not_reliably_feasible', 'HNSW_HYBRID': 'not_reliably_feasible', 'IVFFLAT_HYBRID': 'not_reliably_feasible'}, 'evidence': [{'strategy': 'SQL_FIRST', 'feasibility': 'reliably_feasible', 'predicted_latency_ms': 330.761417, 'eligible': True, 'reason': 'Exact SQL-first remains the recall-safe fallback.', 'bucket': '>0.05_to_0.10', 'observed_minimum_recall': 1.0, 'observed_fraction_meeting_target': 1.0}, {'strategy': 'VECTOR_FIRST_HNSW', 'feasibility': 'not_reliably_feasible', 'predicted_latency_ms': 110.51025, 'eligible': False, 'reason': 'Observed minimum recall 0.400 is below target 0.950.', 'bucket': '>0.05_to_0.10', 'observed_minimum_recall': 0.4, 'observed_fraction_meeting_target': 0.0}, {'strategy': 'HNSW_HYBRID', 'feasibility': 'not_reliably_feasible', 'predicted_latency_ms': 175.575292, 'eligible': False, 'reason': 'Observed minimum recall 0.900 is below target 0.950.', 'bucket': '>0.05_to_0.10', 'observed_minimum_recall': 0.9, 'observed_fraction_meeting_target': 0.3333333333333333}, {'strategy': 'IVFFLAT_HYBRID', 'feasibility': 'not_reliably_feasible', 'predicted_latency_ms': 27.591875, 'eligible': False, 'reason': 'Observed minimum recall 0.600 is below target 0.950.', 'bucket': '>0.05_to_0.10', 'observed_minimum_recall': 0.6, 'observed_fraction_meeting_target': 0.0}], 'calibration_source': 'sdao/results/db_baseline_20260814Tfinal', 'calibration_model_version': 'empirical_db_calibration_v1', 'decision_reason': 'Selected SQL_FIRST: lowest predicted latency among eligible strategies (SQL_FIRST) in >0.05_to_0.10; Exact SQL-first remains the recall-safe fallback.'}",61566,2.718666,0.322,161.717458,>0.05_to_0.10,SQL_FIRST,67.793833,-10.819708000000006,IVFFLAT_HYBRID,28.545292,28.428833
31,category == 'TV' and price < 1000,HYBRID,SQL_FIRST,0.060565,0.061215,10,88.0295,422.0785,66.444333,1.0,"[5559, 4995, 401179, 633839, 787668, 323878, 458050, 489718, 697926, 619377]","[5559, 4995, 401179, 633839, 787668, 323878, 458050, 489718, 697926, 619377]",True,verified,,[],"{'index': 'exact-l2-sequential', 'index_name': None, 'session_settings': {'enable_indexscan': 'off'}}",16.14 (Debian 16.14-1.pgdg12+1),0.8.5,"{'query_id': 31, 'predicate': ""category == 'TV' and price < 1000"", 'top_k': 10, 'estimated_selectivity': 0.060565, 'target_recall': 0.95, 'selected_strategy': 'SQL_FIRST', 'predicted_latency_ms': 330.761417, 'candidate_strategies': ['SQL_FIRST'], 'rejected_strategies': ['VECTOR_FIRST_HNSW', 'HNSW_HYBRID', 'IVFFLAT_HYBRID'], 'rejection_reasons': {'VECTOR_FIRST_HNSW': 'Observed minimum recall 0.400 is below target 0.950.', 'HNSW_HYBRID': 'Observed minimum recall 0.900 is below target 0.950.', 'IVFFLAT_HYBRID': 'Observed minimum recall 0.600 is below target 0.950.'}, 'recall_feasibility': {'SQL_FIRST': 'reliably_feasible', 'VECTOR_FIRST_HNSW': 'not_reliably_feasible', 'HNSW_HYBRID': 'not_reliably_feasible', 'IVFFLAT_HYBRID': 'not_reliably_feasible'}, 'evidence': [{'strategy': 'SQL_FIRST', 'feasibility': 'reliably_feasible', 'predicted_latency_ms': 330.761417, 'eligible': True, 'reason': 'Exact SQL-first remains the recall-safe fallback.', 'bucket': '>0.05_to_0.10', 'observed_minimum_recall': 1.0, 'observed_fraction_meeting_target': 1.0}, {'strategy': 'VECTOR_FIRST_HNSW', 'feasibility': 'not_reliably_feasible', 'predicted_latency_ms': 110.51025, 'eligible': False, 'reason': 'Observed minimum recall 0.400 is below target 0.950.', 'bucket': '>0.05_to_0.10', 'observed_minimum_recall': 0.4, 'observed_fraction_meeting_target': 0.0}, {'strategy': 'HNSW_HYBRID', 'feasibility': 'not_reliably_feasible', 'predicted_latency_ms': 175.575292, 'eligible': False, 'reason': 'Observed minimum recall 0.900 is below target 0.950.', 'bucket': '>0.05_to_0.10', 'observed_minimum_recall': 0.9, 'observed_fraction_meeting_target': 0.3333333333333333}, {'strategy': 'IVFFLAT_HYBRID', 'feasibility': 'not_reliably_feasible', 'predicted_latency_ms': 27.591875, 'eligible': False, 'reason': 'Observed minimum recall 0.600 is below target 0.950.', 'bucket': '>0.05_to_0.10', 'observed_minimum_recall': 0.6, 'observed_fraction_meeting_target': 0.0}], 'calibration_source': 'sdao/results/db_baseline_20260814Tfinal', 'calibration_model_version': 'empirical_db_calibration_v1', 'decision_reason': 'Selected SQL_FIRST: lowest predicted latency among eligible strategies (SQL_FIRST) in >0.05_to_0.10; Exact SQL-first remains the recall-safe fallback.'}",60565,1.548167,0.096667,423.723334,>0.05_to_0.10,SQL_FIRST,61.427166,26.602334,IVFFLAT_HYBRID,27.551334,60.478166
