query_id,predicate,query_type,strategy,estimated_selectivity,measured_selectivity,top_k,strategy_only_latency_ms,execution_wall_latency_ms,reference_latency_ms,recall,result_ids,reference_ids,plan_verified,plan_verification_status,expected_index,actual_index_names,strategy_parameters,postgres_version,pgvector_version,selectivity_bucket
0,category == 'Speaker',CATEGORY,SQL_FIRST,,0.124993,10,52.669667,66.216292,52.048125,1.0,"[708177, 701258, 565419, 236647, 565814, 36267, 886630, 957845, 453447, 923811]","[708177, 701258, 565419, 236647, 565814, 36267, 886630, 957845, 453447, 923811]",True,verified,,[],"{'index': 'exact-l2-sequential', 'index_name': None, 'session_settings': {'enable_indexscan': 'off'}}",16.14 (Debian 16.14-1.pgdg12+1),0.8.5,>0.10_to_0.25
0,category == 'Speaker',CATEGORY,VECTOR_FIRST_HNSW,,0.124993,10,138.92775,154.107875,50.714459,1.0,"[708177, 701258, 565419, 236647, 565814, 36267, 886630, 957845, 453447, 923811]","[708177, 701258, 565419, 236647, 565814, 36267, 886630, 957845, 453447, 923811]",True,verified,sift1m_items_embedding_hnsw_l2_idx,"['sift1m_items_embedding_hnsw_l2_idx', 'sift1m_items_pkey']","{'index': 'hnsw', 'index_name': 'sift1m_items_embedding_hnsw_l2_idx', 'candidate_budget': 100, 'session_settings': {'hnsw.ef_search': 100, 'ivfflat.probes': 1000, 'hnsw.iterative_scan': 'strict_order', 'hnsw.max_scan_tuples': 20000}}",16.14 (Debian 16.14-1.pgdg12+1),0.8.5,>0.10_to_0.25
0,category == 'Speaker',CATEGORY,HNSW_HYBRID,,0.124993,10,2.742292,16.711583,50.695167,1.0,"[708177, 701258, 565419, 236647, 565814, 36267, 886630, 957845, 453447, 923811]","[708177, 701258, 565419, 236647, 565814, 36267, 886630, 957845, 453447, 923811]",True,verified,sift1m_items_embedding_hnsw_l2_idx,['sift1m_items_embedding_hnsw_l2_idx'],"{'index': 'hnsw', 'index_name': 'sift1m_items_embedding_hnsw_l2_idx', 'session_settings': {'hnsw.ef_search': 100, 'ivfflat.probes': 1000, 'hnsw.iterative_scan': 'strict_order', 'hnsw.max_scan_tuples': 20000}}",16.14 (Debian 16.14-1.pgdg12+1),0.8.5,>0.10_to_0.25
0,category == 'Speaker',CATEGORY,IVFFLAT_HYBRID,,0.124993,10,250.493417,263.520333,50.399833,0.9,"[708177, 701258, 565419, 236647, 565814, 36267, 886630, 453447, 923811, 710644]","[708177, 701258, 565419, 236647, 565814, 36267, 886630, 957845, 453447, 923811]",True,verified,sift1m_items_embedding_ivfflat_l2_idx,['sift1m_items_embedding_ivfflat_l2_idx'],"{'index': 'ivfflat', 'index_name': 'sift1m_items_embedding_ivfflat_l2_idx', 'session_settings': {'ivfflat.probes': 10, 'hnsw.ef_search': 1000, 'ivfflat.iterative_scan': 'off'}}",16.14 (Debian 16.14-1.pgdg12+1),0.8.5,>0.10_to_0.25
1,category == 'Watch',CATEGORY,SQL_FIRST,,0.124962,10,49.630416,61.774625,49.077792,1.0,"[942339, 987636, 420802, 202612, 517238, 541805, 974930, 14836, 957556, 956542]","[942339, 987636, 420802, 202612, 517238, 541805, 974930, 14836, 957556, 956542]",True,verified,,[],"{'index': 'exact-l2-sequential', 'index_name': None, 'session_settings': {'enable_indexscan': 'off'}}",16.14 (Debian 16.14-1.pgdg12+1),0.8.5,>0.10_to_0.25
1,category == 'Watch',CATEGORY,VECTOR_FIRST_HNSW,,0.124962,10,1064.567333,1078.257125,90.404542,0.9,"[942339, 987636, 202612, 517238, 541805, 974930, 14836, 957556, 956542, 214501]","[942339, 987636, 420802, 202612, 517238, 541805, 974930, 14836, 957556, 956542]",True,verified,sift1m_items_embedding_hnsw_l2_idx,"['sift1m_items_embedding_hnsw_l2_idx', 'sift1m_items_pkey']","{'index': 'hnsw', 'index_name': 'sift1m_items_embedding_hnsw_l2_idx', 'candidate_budget': 100, 'session_settings': {'hnsw.ef_search': 100, 'ivfflat.probes': 1000, 'hnsw.iterative_scan': 'strict_order', 'hnsw.max_scan_tuples': 20000}}",16.14 (Debian 16.14-1.pgdg12+1),0.8.5,>0.10_to_0.25
1,category == 'Watch',CATEGORY,HNSW_HYBRID,,0.124962,10,3.433083,16.201834,54.491583,0.9,"[942339, 987636, 202612, 517238, 541805, 974930, 14836, 957556, 956542, 214501]","[942339, 987636, 420802, 202612, 517238, 541805, 974930, 14836, 957556, 956542]",True,verified,sift1m_items_embedding_hnsw_l2_idx,['sift1m_items_embedding_hnsw_l2_idx'],"{'index': 'hnsw', 'index_name': 'sift1m_items_embedding_hnsw_l2_idx', 'session_settings': {'hnsw.ef_search': 100, 'ivfflat.probes': 1000, 'hnsw.iterative_scan': 'strict_order', 'hnsw.max_scan_tuples': 20000}}",16.14 (Debian 16.14-1.pgdg12+1),0.8.5,>0.10_to_0.25
1,category == 'Watch',CATEGORY,IVFFLAT_HYBRID,,0.124962,10,88.019959,100.456625,51.00175,0.5,"[942339, 987636, 517238, 957556, 956542, 214501, 974481, 509041, 275502, 741996]","[942339, 987636, 420802, 202612, 517238, 541805, 974930, 14836, 957556, 956542]",True,verified,sift1m_items_embedding_ivfflat_l2_idx,['sift1m_items_embedding_ivfflat_l2_idx'],"{'index': 'ivfflat', 'index_name': 'sift1m_items_embedding_ivfflat_l2_idx', 'session_settings': {'ivfflat.probes': 10, 'hnsw.ef_search': 1000, 'ivfflat.iterative_scan': 'off'}}",16.14 (Debian 16.14-1.pgdg12+1),0.8.5,>0.10_to_0.25
2,category == 'TV',CATEGORY,SQL_FIRST,,0.125467,10,73.717458,86.12,61.893541,1.0,"[408462, 406273, 402106, 239766, 401804, 905339, 150588, 716686, 529249, 115312]","[408462, 406273, 402106, 239766, 401804, 905339, 150588, 716686, 529249, 115312]",True,verified,,[],"{'index': 'exact-l2-sequential', 'index_name': None, 'session_settings': {'enable_indexscan': 'off'}}",16.14 (Debian 16.14-1.pgdg12+1),0.8.5,>0.10_to_0.25
2,category == 'TV',CATEGORY,VECTOR_FIRST_HNSW,,0.125467,10,745.074916,763.427583,49.326666,1.0,"[408462, 406273, 402106, 239766, 401804, 905339, 150588, 716686, 529249, 115312]","[408462, 406273, 402106, 239766, 401804, 905339, 150588, 716686, 529249, 115312]",True,verified,sift1m_items_embedding_hnsw_l2_idx,"['sift1m_items_embedding_hnsw_l2_idx', 'sift1m_items_pkey']","{'index': 'hnsw', 'index_name': 'sift1m_items_embedding_hnsw_l2_idx', 'candidate_budget': 100, 'session_settings': {'hnsw.ef_search': 100, 'ivfflat.probes': 1000, 'hnsw.iterative_scan': 'strict_order', 'hnsw.max_scan_tuples': 20000}}",16.14 (Debian 16.14-1.pgdg12+1),0.8.5,>0.10_to_0.25
2,category == 'TV',CATEGORY,HNSW_HYBRID,,0.125467,10,2.688167,15.889209,53.3145,1.0,"[408462, 406273, 402106, 239766, 401804, 905339, 150588, 716686, 529249, 115312]","[408462, 406273, 402106, 239766, 401804, 905339, 150588, 716686, 529249, 115312]",True,verified,sift1m_items_embedding_hnsw_l2_idx,['sift1m_items_embedding_hnsw_l2_idx'],"{'index': 'hnsw', 'index_name': 'sift1m_items_embedding_hnsw_l2_idx', 'session_settings': {'hnsw.ef_search': 100, 'ivfflat.probes': 1000, 'hnsw.iterative_scan': 'strict_order', 'hnsw.max_scan_tuples': 20000}}",16.14 (Debian 16.14-1.pgdg12+1),0.8.5,>0.10_to_0.25
2,category == 'TV',CATEGORY,IVFFLAT_HYBRID,,0.125467,10,89.942042,103.740458,50.328583,1.0,"[408462, 406273, 402106, 239766, 401804, 905339, 150588, 716686, 529249, 115312]","[408462, 406273, 402106, 239766, 401804, 905339, 150588, 716686, 529249, 115312]",True,verified,sift1m_items_embedding_ivfflat_l2_idx,['sift1m_items_embedding_ivfflat_l2_idx'],"{'index': 'ivfflat', 'index_name': 'sift1m_items_embedding_ivfflat_l2_idx', 'session_settings': {'ivfflat.probes': 10, 'hnsw.ef_search': 1000, 'ivfflat.iterative_scan': 'off'}}",16.14 (Debian 16.14-1.pgdg12+1),0.8.5,>0.10_to_0.25
3,category == 'Camera',CATEGORY,SQL_FIRST,,0.124977,10,48.493,60.164,47.90025,1.0,"[889039, 190692, 722075, 546122, 190728, 889916, 886001, 996934, 867686, 855019]","[889039, 190692, 722075, 546122, 190728, 889916, 886001, 996934, 867686, 855019]",True,verified,,[],"{'index': 'exact-l2-sequential', 'index_name': None, 'session_settings': {'enable_indexscan': 'off'}}",16.14 (Debian 16.14-1.pgdg12+1),0.8.5,>0.10_to_0.25
3,category == 'Camera',CATEGORY,VECTOR_FIRST_HNSW,,0.124977,10,253.839917,266.659333,64.778542,1.0,"[889039, 190692, 722075, 546122, 190728, 889916, 886001, 996934, 867686, 855019]","[889039, 190692, 722075, 546122, 190728, 889916, 886001, 996934, 867686, 855019]",True,verified,sift1m_items_embedding_hnsw_l2_idx,"['sift1m_items_embedding_hnsw_l2_idx', 'sift1m_items_pkey']","{'index': 'hnsw', 'index_name': 'sift1m_items_embedding_hnsw_l2_idx', 'candidate_budget': 100, 'session_settings': {'hnsw.ef_search': 100, 'ivfflat.probes': 1000, 'hnsw.iterative_scan': 'strict_order', 'hnsw.max_scan_tuples': 20000}}",16.14 (Debian 16.14-1.pgdg12+1),0.8.5,>0.10_to_0.25
3,category == 'Camera',CATEGORY,HNSW_HYBRID,,0.124977,10,3.492916,15.365083,56.24225,1.0,"[889039, 190692, 722075, 546122, 190728, 889916, 886001, 996934, 867686, 855019]","[889039, 190692, 722075, 546122, 190728, 889916, 886001, 996934, 867686, 855019]",True,verified,sift1m_items_embedding_hnsw_l2_idx,['sift1m_items_embedding_hnsw_l2_idx'],"{'index': 'hnsw', 'index_name': 'sift1m_items_embedding_hnsw_l2_idx', 'session_settings': {'hnsw.ef_search': 100, 'ivfflat.probes': 1000, 'hnsw.iterative_scan': 'strict_order', 'hnsw.max_scan_tuples': 20000}}",16.14 (Debian 16.14-1.pgdg12+1),0.8.5,>0.10_to_0.25
3,category == 'Camera',CATEGORY,IVFFLAT_HYBRID,,0.124977,10,71.184125,83.856083,53.194958,1.0,"[889039, 190692, 722075, 546122, 190728, 889916, 886001, 996934, 867686, 855019]","[889039, 190692, 722075, 546122, 190728, 889916, 886001, 996934, 867686, 855019]",True,verified,sift1m_items_embedding_ivfflat_l2_idx,['sift1m_items_embedding_ivfflat_l2_idx'],"{'index': 'ivfflat', 'index_name': 'sift1m_items_embedding_ivfflat_l2_idx', 'session_settings': {'ivfflat.probes': 10, 'hnsw.ef_search': 1000, 'ivfflat.iterative_scan': 'off'}}",16.14 (Debian 16.14-1.pgdg12+1),0.8.5,>0.10_to_0.25
4,category == 'Monitor',CATEGORY,SQL_FIRST,,0.125095,10,77.472292,91.286875,49.433291,1.0,"[716433, 112586, 107281, 30116, 101436, 305983, 421011, 201628, 293118, 292815]","[716433, 112586, 107281, 30116, 101436, 305983, 421011, 201628, 293118, 292815]",True,verified,,[],"{'index': 'exact-l2-sequential', 'index_name': None, 'session_settings': {'enable_indexscan': 'off'}}",16.14 (Debian 16.14-1.pgdg12+1),0.8.5,>0.10_to_0.25
4,category == 'Monitor',CATEGORY,VECTOR_FIRST_HNSW,,0.125095,10,519.074209,537.152416,91.174416,1.0,"[716433, 112586, 107281, 30116, 101436, 305983, 421011, 201628, 293118, 292815]","[716433, 112586, 107281, 30116, 101436, 305983, 421011, 201628, 293118, 292815]",True,verified,sift1m_items_embedding_hnsw_l2_idx,"['sift1m_items_embedding_hnsw_l2_idx', 'sift1m_items_pkey']","{'index': 'hnsw', 'index_name': 'sift1m_items_embedding_hnsw_l2_idx', 'candidate_budget': 100, 'session_settings': {'hnsw.ef_search': 100, 'ivfflat.probes': 1000, 'hnsw.iterative_scan': 'strict_order', 'hnsw.max_scan_tuples': 20000}}",16.14 (Debian 16.14-1.pgdg12+1),0.8.5,>0.10_to_0.25
4,category == 'Monitor',CATEGORY,HNSW_HYBRID,,0.125095,10,2.785292,16.001667,55.151041,1.0,"[716433, 112586, 107281, 30116, 101436, 305983, 421011, 201628, 293118, 292815]","[716433, 112586, 107281, 30116, 101436, 305983, 421011, 201628, 293118, 292815]",True,verified,sift1m_items_embedding_hnsw_l2_idx,['sift1m_items_embedding_hnsw_l2_idx'],"{'index': 'hnsw', 'index_name': 'sift1m_items_embedding_hnsw_l2_idx', 'session_settings': {'hnsw.ef_search': 100, 'ivfflat.probes': 1000, 'hnsw.iterative_scan': 'strict_order', 'hnsw.max_scan_tuples': 20000}}",16.14 (Debian 16.14-1.pgdg12+1),0.8.5,>0.10_to_0.25
4,category == 'Monitor',CATEGORY,IVFFLAT_HYBRID,,0.125095,10,42.333791,54.468375,48.684125,0.8,"[716433, 112586, 107281, 30116, 305983, 201628, 293118, 292815, 306702, 109870]","[716433, 112586, 107281, 30116, 101436, 305983, 421011, 201628, 293118, 292815]",True,verified,sift1m_items_embedding_ivfflat_l2_idx,['sift1m_items_embedding_ivfflat_l2_idx'],"{'index': 'ivfflat', 'index_name': 'sift1m_items_embedding_ivfflat_l2_idx', 'session_settings': {'ivfflat.probes': 10, 'hnsw.ef_search': 1000, 'ivfflat.iterative_scan': 'off'}}",16.14 (Debian 16.14-1.pgdg12+1),0.8.5,>0.10_to_0.25
5,category == 'Phone',CATEGORY,SQL_FIRST,,0.125051,10,64.100666,75.882958,51.613125,1.0,"[943689, 221336, 893231, 426199, 167626, 275329, 464669, 14279, 564657, 599042]","[943689, 221336, 893231, 426199, 167626, 275329, 464669, 14279, 564657, 599042]",True,verified,,[],"{'index': 'exact-l2-sequential', 'index_name': None, 'session_settings': {'enable_indexscan': 'off'}}",16.14 (Debian 16.14-1.pgdg12+1),0.8.5,>0.10_to_0.25
5,category == 'Phone',CATEGORY,VECTOR_FIRST_HNSW,,0.125051,10,510.93225,523.784459,74.530083,1.0,"[943689, 221336, 893231, 426199, 167626, 275329, 464669, 14279, 564657, 599042]","[943689, 221336, 893231, 426199, 167626, 275329, 464669, 14279, 564657, 599042]",True,verified,sift1m_items_embedding_hnsw_l2_idx,"['sift1m_items_embedding_hnsw_l2_idx', 'sift1m_items_pkey']","{'index': 'hnsw', 'index_name': 'sift1m_items_embedding_hnsw_l2_idx', 'candidate_budget': 100, 'session_settings': {'hnsw.ef_search': 100, 'ivfflat.probes': 1000, 'hnsw.iterative_scan': 'strict_order', 'hnsw.max_scan_tuples': 20000}}",16.14 (Debian 16.14-1.pgdg12+1),0.8.5,>0.10_to_0.25
5,category == 'Phone',CATEGORY,HNSW_HYBRID,,0.125051,10,3.99025,15.770792,49.978208,1.0,"[943689, 221336, 893231, 426199, 167626, 275329, 464669, 14279, 564657, 599042]","[943689, 221336, 893231, 426199, 167626, 275329, 464669, 14279, 564657, 599042]",True,verified,sift1m_items_embedding_hnsw_l2_idx,['sift1m_items_embedding_hnsw_l2_idx'],"{'index': 'hnsw', 'index_name': 'sift1m_items_embedding_hnsw_l2_idx', 'session_settings': {'hnsw.ef_search': 100, 'ivfflat.probes': 1000, 'hnsw.iterative_scan': 'strict_order', 'hnsw.max_scan_tuples': 20000}}",16.14 (Debian 16.14-1.pgdg12+1),0.8.5,>0.10_to_0.25
5,category == 'Phone',CATEGORY,IVFFLAT_HYBRID,,0.125051,10,46.337917,59.569875,60.676125,0.4,"[943689, 221336, 893231, 564657, 126433, 767710, 861573, 368116, 700494, 171311]","[943689, 221336, 893231, 426199, 167626, 275329, 464669, 14279, 564657, 599042]",True,verified,sift1m_items_embedding_ivfflat_l2_idx,['sift1m_items_embedding_ivfflat_l2_idx'],"{'index': 'ivfflat', 'index_name': 'sift1m_items_embedding_ivfflat_l2_idx', 'session_settings': {'ivfflat.probes': 10, 'hnsw.ef_search': 1000, 'ivfflat.iterative_scan': 'off'}}",16.14 (Debian 16.14-1.pgdg12+1),0.8.5,>0.10_to_0.25
6,category == 'Tablet',CATEGORY,SQL_FIRST,,0.124703,10,48.139875,59.714417,48.042917,1.0,"[598221, 842282, 415400, 877113, 839672, 565415, 565610, 170076, 891908, 912216]","[598221, 842282, 415400, 877113, 839672, 565415, 565610, 170076, 891908, 912216]",True,verified,,[],"{'index': 'exact-l2-sequential', 'index_name': None, 'session_settings': {'enable_indexscan': 'off'}}",16.14 (Debian 16.14-1.pgdg12+1),0.8.5,>0.10_to_0.25
6,category == 'Tablet',CATEGORY,VECTOR_FIRST_HNSW,,0.124703,10,354.943542,368.28225,80.812375,0.9,"[598221, 842282, 415400, 877113, 839672, 565415, 565610, 170076, 891908, 223504]","[598221, 842282, 415400, 877113, 839672, 565415, 565610, 170076, 891908, 912216]",True,verified,sift1m_items_embedding_hnsw_l2_idx,"['sift1m_items_embedding_hnsw_l2_idx', 'sift1m_items_pkey']","{'index': 'hnsw', 'index_name': 'sift1m_items_embedding_hnsw_l2_idx', 'candidate_budget': 100, 'session_settings': {'hnsw.ef_search': 100, 'ivfflat.probes': 1000, 'hnsw.iterative_scan': 'strict_order', 'hnsw.max_scan_tuples': 20000}}",16.14 (Debian 16.14-1.pgdg12+1),0.8.5,>0.10_to_0.25
6,category == 'Tablet',CATEGORY,HNSW_HYBRID,,0.124703,10,3.447125,16.249791,49.257209,0.9,"[598221, 842282, 415400, 877113, 839672, 565415, 565610, 170076, 891908, 223504]","[598221, 842282, 415400, 877113, 839672, 565415, 565610, 170076, 891908, 912216]",True,verified,sift1m_items_embedding_hnsw_l2_idx,['sift1m_items_embedding_hnsw_l2_idx'],"{'index': 'hnsw', 'index_name': 'sift1m_items_embedding_hnsw_l2_idx', 'session_settings': {'hnsw.ef_search': 100, 'ivfflat.probes': 1000, 'hnsw.iterative_scan': 'strict_order', 'hnsw.max_scan_tuples': 20000}}",16.14 (Debian 16.14-1.pgdg12+1),0.8.5,>0.10_to_0.25
6,category == 'Tablet',CATEGORY,IVFFLAT_HYBRID,,0.124703,10,49.394042,61.52225,53.448625,0.7,"[598221, 415400, 877113, 565415, 565610, 170076, 912216, 223504, 881007, 918545]","[598221, 842282, 415400, 877113, 839672, 565415, 565610, 170076, 891908, 912216]",True,verified,sift1m_items_embedding_ivfflat_l2_idx,['sift1m_items_embedding_ivfflat_l2_idx'],"{'index': 'ivfflat', 'index_name': 'sift1m_items_embedding_ivfflat_l2_idx', 'session_settings': {'ivfflat.probes': 10, 'hnsw.ef_search': 1000, 'ivfflat.iterative_scan': 'off'}}",16.14 (Debian 16.14-1.pgdg12+1),0.8.5,>0.10_to_0.25
7,category == 'Laptop',CATEGORY,SQL_FIRST,,0.124752,10,48.532792,61.005417,48.2825,1.0,"[207868, 543133, 280624, 258018, 768332, 153004, 472169, 692410, 57655, 53230]","[207868, 543133, 280624, 258018, 768332, 153004, 472169, 692410, 57655, 53230]",True,verified,,[],"{'index': 'exact-l2-sequential', 'index_name': None, 'session_settings': {'enable_indexscan': 'off'}}",16.14 (Debian 16.14-1.pgdg12+1),0.8.5,>0.10_to_0.25
7,category == 'Laptop',CATEGORY,VECTOR_FIRST_HNSW,,0.124752,10,154.481875,168.328458,57.886792,1.0,"[207868, 543133, 280624, 258018, 768332, 153004, 472169, 692410, 57655, 53230]","[207868, 543133, 280624, 258018, 768332, 153004, 472169, 692410, 57655, 53230]",True,verified,sift1m_items_embedding_hnsw_l2_idx,"['sift1m_items_embedding_hnsw_l2_idx', 'sift1m_items_pkey']","{'index': 'hnsw', 'index_name': 'sift1m_items_embedding_hnsw_l2_idx', 'candidate_budget': 100, 'session_settings': {'hnsw.ef_search': 100, 'ivfflat.probes': 1000, 'hnsw.iterative_scan': 'strict_order', 'hnsw.max_scan_tuples': 20000}}",16.14 (Debian 16.14-1.pgdg12+1),0.8.5,>0.10_to_0.25
7,category == 'Laptop',CATEGORY,HNSW_HYBRID,,0.124752,10,2.237083,14.565083,63.962458,1.0,"[207868, 543133, 280624, 258018, 768332, 153004, 472169, 692410, 57655, 53230]","[207868, 543133, 280624, 258018, 768332, 153004, 472169, 692410, 57655, 53230]",True,verified,sift1m_items_embedding_hnsw_l2_idx,['sift1m_items_embedding_hnsw_l2_idx'],"{'index': 'hnsw', 'index_name': 'sift1m_items_embedding_hnsw_l2_idx', 'session_settings': {'hnsw.ef_search': 100, 'ivfflat.probes': 1000, 'hnsw.iterative_scan': 'strict_order', 'hnsw.max_scan_tuples': 20000}}",16.14 (Debian 16.14-1.pgdg12+1),0.8.5,>0.10_to_0.25
7,category == 'Laptop',CATEGORY,IVFFLAT_HYBRID,,0.124752,10,63.825292,76.369875,49.76725,0.9,"[207868, 543133, 280624, 258018, 768332, 153004, 472169, 692410, 57655, 819353]","[207868, 543133, 280624, 258018, 768332, 153004, 472169, 692410, 57655, 53230]",True,verified,sift1m_items_embedding_ivfflat_l2_idx,['sift1m_items_embedding_ivfflat_l2_idx'],"{'index': 'ivfflat', 'index_name': 'sift1m_items_embedding_ivfflat_l2_idx', 'session_settings': {'ivfflat.probes': 10, 'hnsw.ef_search': 1000, 'ivfflat.iterative_scan': 'off'}}",16.14 (Debian 16.14-1.pgdg12+1),0.8.5,>0.10_to_0.25
8,brand == 'Apple',BRAND,SQL_FIRST,,0.125152,10,50.887959,61.991166,51.792042,1.0,"[695175, 285272, 678764, 340986, 967581, 307306, 699682, 376619, 481098, 464793]","[695175, 285272, 678764, 340986, 967581, 307306, 699682, 376619, 481098, 464793]",True,verified,,[],"{'index': 'exact-l2-sequential', 'index_name': None, 'session_settings': {'enable_indexscan': 'off'}}",16.14 (Debian 16.14-1.pgdg12+1),0.8.5,>0.10_to_0.25
8,brand == 'Apple',BRAND,VECTOR_FIRST_HNSW,,0.125152,10,192.553,205.482833,54.863208,0.8,"[695175, 285272, 678764, 340986, 967581, 307306, 699682, 376619]","[695175, 285272, 678764, 340986, 967581, 307306, 699682, 376619, 481098, 464793]",True,verified,sift1m_items_embedding_hnsw_l2_idx,"['sift1m_items_embedding_hnsw_l2_idx', 'sift1m_items_pkey']","{'index': 'hnsw', 'index_name': 'sift1m_items_embedding_hnsw_l2_idx', 'candidate_budget': 100, 'session_settings': {'hnsw.ef_search': 100, 'ivfflat.probes': 1000, 'hnsw.iterative_scan': 'strict_order', 'hnsw.max_scan_tuples': 20000}}",16.14 (Debian 16.14-1.pgdg12+1),0.8.5,>0.10_to_0.25
8,brand == 'Apple',BRAND,HNSW_HYBRID,,0.125152,10,131.506958,145.138333,69.949542,0.9,"[695175, 285272, 678764, 340986, 967581, 307306, 699682, 376619, 464793, 557601]","[695175, 285272, 678764, 340986, 967581, 307306, 699682, 376619, 481098, 464793]",True,verified,sift1m_items_embedding_hnsw_l2_idx,['sift1m_items_embedding_hnsw_l2_idx'],"{'index': 'hnsw', 'index_name': 'sift1m_items_embedding_hnsw_l2_idx', 'session_settings': {'hnsw.ef_search': 100, 'ivfflat.probes': 1000, 'hnsw.iterative_scan': 'strict_order', 'hnsw.max_scan_tuples': 20000}}",16.14 (Debian 16.14-1.pgdg12+1),0.8.5,>0.10_to_0.25
8,brand == 'Apple',BRAND,IVFFLAT_HYBRID,,0.125152,10,71.30075,84.060916,57.744667,0.8,"[285272, 678764, 340986, 967581, 699682, 376619, 481098, 464793, 312430, 171641]","[695175, 285272, 678764, 340986, 967581, 307306, 699682, 376619, 481098, 464793]",True,verified,sift1m_items_embedding_ivfflat_l2_idx,['sift1m_items_embedding_ivfflat_l2_idx'],"{'index': 'ivfflat', 'index_name': 'sift1m_items_embedding_ivfflat_l2_idx', 'session_settings': {'ivfflat.probes': 10, 'hnsw.ef_search': 1000, 'ivfflat.iterative_scan': 'off'}}",16.14 (Debian 16.14-1.pgdg12+1),0.8.5,>0.10_to_0.25
9,brand == 'Asus',BRAND,SQL_FIRST,,0.125072,10,52.793791,64.636417,78.107666,1.0,"[177646, 292077, 322138, 261319, 151491, 182520, 732351, 521119, 314657, 771950]","[177646, 292077, 322138, 261319, 151491, 182520, 732351, 521119, 314657, 771950]",True,verified,,[],"{'index': 'exact-l2-sequential', 'index_name': None, 'session_settings': {'enable_indexscan': 'off'}}",16.14 (Debian 16.14-1.pgdg12+1),0.8.5,>0.10_to_0.25
9,brand == 'Asus',BRAND,VECTOR_FIRST_HNSW,,0.125072,10,107.038958,120.662833,52.9065,1.0,"[177646, 292077, 322138, 261319, 151491, 182520, 732351, 521119, 314657, 771950]","[177646, 292077, 322138, 261319, 151491, 182520, 732351, 521119, 314657, 771950]",True,verified,sift1m_items_embedding_hnsw_l2_idx,"['sift1m_items_embedding_hnsw_l2_idx', 'sift1m_items_pkey']","{'index': 'hnsw', 'index_name': 'sift1m_items_embedding_hnsw_l2_idx', 'candidate_budget': 100, 'session_settings': {'hnsw.ef_search': 100, 'ivfflat.probes': 1000, 'hnsw.iterative_scan': 'strict_order', 'hnsw.max_scan_tuples': 20000}}",16.14 (Debian 16.14-1.pgdg12+1),0.8.5,>0.10_to_0.25
9,brand == 'Asus',BRAND,HNSW_HYBRID,,0.125072,10,2.983708,15.021667,59.669917,1.0,"[177646, 292077, 322138, 261319, 151491, 182520, 732351, 521119, 314657, 771950]","[177646, 292077, 322138, 261319, 151491, 182520, 732351, 521119, 314657, 771950]",True,verified,sift1m_items_embedding_hnsw_l2_idx,['sift1m_items_embedding_hnsw_l2_idx'],"{'index': 'hnsw', 'index_name': 'sift1m_items_embedding_hnsw_l2_idx', 'session_settings': {'hnsw.ef_search': 100, 'ivfflat.probes': 1000, 'hnsw.iterative_scan': 'strict_order', 'hnsw.max_scan_tuples': 20000}}",16.14 (Debian 16.14-1.pgdg12+1),0.8.5,>0.10_to_0.25
9,brand == 'Asus',BRAND,IVFFLAT_HYBRID,,0.125072,10,22.312833,34.721791,51.961208,0.8,"[177646, 292077, 322138, 261319, 151491, 732351, 314657, 771950, 611164, 514893]","[177646, 292077, 322138, 261319, 151491, 182520, 732351, 521119, 314657, 771950]",True,verified,sift1m_items_embedding_ivfflat_l2_idx,['sift1m_items_embedding_ivfflat_l2_idx'],"{'index': 'ivfflat', 'index_name': 'sift1m_items_embedding_ivfflat_l2_idx', 'session_settings': {'ivfflat.probes': 10, 'hnsw.ef_search': 1000, 'ivfflat.iterative_scan': 'off'}}",16.14 (Debian 16.14-1.pgdg12+1),0.8.5,>0.10_to_0.25
10,brand == 'Lenovo',BRAND,SQL_FIRST,,0.125057,10,64.459666,76.39525,49.019875,1.0,"[297239, 433270, 689997, 930391, 169528, 366974, 941307, 827391, 947449, 291507]","[297239, 433270, 689997, 930391, 169528, 366974, 941307, 827391, 947449, 291507]",True,verified,,[],"{'index': 'exact-l2-sequential', 'index_name': None, 'session_settings': {'enable_indexscan': 'off'}}",16.14 (Debian 16.14-1.pgdg12+1),0.8.5,>0.10_to_0.25
10,brand == 'Lenovo',BRAND,VECTOR_FIRST_HNSW,,0.125057,10,164.340458,177.078916,83.9855,1.0,"[297239, 433270, 689997, 930391, 169528, 366974, 941307, 827391, 947449, 291507]","[297239, 433270, 689997, 930391, 169528, 366974, 941307, 827391, 947449, 291507]",True,verified,sift1m_items_embedding_hnsw_l2_idx,"['sift1m_items_embedding_hnsw_l2_idx', 'sift1m_items_pkey']","{'index': 'hnsw', 'index_name': 'sift1m_items_embedding_hnsw_l2_idx', 'candidate_budget': 100, 'session_settings': {'hnsw.ef_search': 100, 'ivfflat.probes': 1000, 'hnsw.iterative_scan': 'strict_order', 'hnsw.max_scan_tuples': 20000}}",16.14 (Debian 16.14-1.pgdg12+1),0.8.5,>0.10_to_0.25
10,brand == 'Lenovo',BRAND,HNSW_HYBRID,,0.125057,10,3.394792,15.494083,51.951625,1.0,"[297239, 433270, 689997, 930391, 169528, 366974, 941307, 827391, 947449, 291507]","[297239, 433270, 689997, 930391, 169528, 366974, 941307, 827391, 947449, 291507]",True,verified,sift1m_items_embedding_hnsw_l2_idx,['sift1m_items_embedding_hnsw_l2_idx'],"{'index': 'hnsw', 'index_name': 'sift1m_items_embedding_hnsw_l2_idx', 'session_settings': {'hnsw.ef_search': 100, 'ivfflat.probes': 1000, 'hnsw.iterative_scan': 'strict_order', 'hnsw.max_scan_tuples': 20000}}",16.14 (Debian 16.14-1.pgdg12+1),0.8.5,>0.10_to_0.25
10,brand == 'Lenovo',BRAND,IVFFLAT_HYBRID,,0.125057,10,60.186791,73.354958,50.709667,0.5,"[689997, 930391, 366974, 827391, 291507, 465687, 549922, 15054, 434533, 286882]","[297239, 433270, 689997, 930391, 169528, 366974, 941307, 827391, 947449, 291507]",True,verified,sift1m_items_embedding_ivfflat_l2_idx,['sift1m_items_embedding_ivfflat_l2_idx'],"{'index': 'ivfflat', 'index_name': 'sift1m_items_embedding_ivfflat_l2_idx', 'session_settings': {'ivfflat.probes': 10, 'hnsw.ef_search': 1000, 'ivfflat.iterative_scan': 'off'}}",16.14 (Debian 16.14-1.pgdg12+1),0.8.5,>0.10_to_0.25
11,brand == 'HP',BRAND,SQL_FIRST,,0.124562,10,54.102,66.147833,58.757708,1.0,"[762035, 923824, 814743, 257002, 806212, 390146, 130733, 69850, 852385, 413147]","[762035, 923824, 814743, 257002, 806212, 390146, 130733, 69850, 852385, 413147]",True,verified,,[],"{'index': 'exact-l2-sequential', 'index_name': None, 'session_settings': {'enable_indexscan': 'off'}}",16.14 (Debian 16.14-1.pgdg12+1),0.8.5,>0.10_to_0.25
11,brand == 'HP',BRAND,VECTOR_FIRST_HNSW,,0.124562,10,168.13925,180.197542,71.307458,0.9,"[762035, 923824, 814743, 257002, 806212, 390146, 130733, 69850, 852385, 180816]","[762035, 923824, 814743, 257002, 806212, 390146, 130733, 69850, 852385, 413147]",True,verified,sift1m_items_embedding_hnsw_l2_idx,"['sift1m_items_embedding_hnsw_l2_idx', 'sift1m_items_pkey']","{'index': 'hnsw', 'index_name': 'sift1m_items_embedding_hnsw_l2_idx', 'candidate_budget': 100, 'session_settings': {'hnsw.ef_search': 100, 'ivfflat.probes': 1000, 'hnsw.iterative_scan': 'strict_order', 'hnsw.max_scan_tuples': 20000}}",16.14 (Debian 16.14-1.pgdg12+1),0.8.5,>0.10_to_0.25
11,brand == 'HP',BRAND,HNSW_HYBRID,,0.124562,10,2.691875,14.456083,49.48725,0.9,"[762035, 923824, 814743, 257002, 806212, 390146, 130733, 69850, 852385, 180816]","[762035, 923824, 814743, 257002, 806212, 390146, 130733, 69850, 852385, 413147]",True,verified,sift1m_items_embedding_hnsw_l2_idx,['sift1m_items_embedding_hnsw_l2_idx'],"{'index': 'hnsw', 'index_name': 'sift1m_items_embedding_hnsw_l2_idx', 'session_settings': {'hnsw.ef_search': 100, 'ivfflat.probes': 1000, 'hnsw.iterative_scan': 'strict_order', 'hnsw.max_scan_tuples': 20000}}",16.14 (Debian 16.14-1.pgdg12+1),0.8.5,>0.10_to_0.25
11,brand == 'HP',BRAND,IVFFLAT_HYBRID,,0.124562,10,75.771208,87.709209,55.165584,0.8,"[762035, 923824, 814743, 806212, 390146, 130733, 852385, 413147, 180816, 389423]","[762035, 923824, 814743, 257002, 806212, 390146, 130733, 69850, 852385, 413147]",True,verified,sift1m_items_embedding_ivfflat_l2_idx,['sift1m_items_embedding_ivfflat_l2_idx'],"{'index': 'ivfflat', 'index_name': 'sift1m_items_embedding_ivfflat_l2_idx', 'session_settings': {'ivfflat.probes': 10, 'hnsw.ef_search': 1000, 'ivfflat.iterative_scan': 'off'}}",16.14 (Debian 16.14-1.pgdg12+1),0.8.5,>0.10_to_0.25
12,brand == 'Sony',BRAND,SQL_FIRST,,0.125233,10,57.127208,68.565417,49.161417,1.0,"[390776, 564042, 224306, 216184, 756088, 932968, 957511, 855040, 853890, 842692]","[390776, 564042, 224306, 216184, 756088, 932968, 957511, 855040, 853890, 842692]",True,verified,,[],"{'index': 'exact-l2-sequential', 'index_name': None, 'session_settings': {'enable_indexscan': 'off'}}",16.14 (Debian 16.14-1.pgdg12+1),0.8.5,>0.10_to_0.25
12,brand == 'Sony',BRAND,VECTOR_FIRST_HNSW,,0.125233,10,233.238625,245.955375,70.493875,0.9,"[390776, 564042, 224306, 216184, 756088, 932968, 957511, 853890, 842692, 215972]","[390776, 564042, 224306, 216184, 756088, 932968, 957511, 855040, 853890, 842692]",True,verified,sift1m_items_embedding_hnsw_l2_idx,"['sift1m_items_embedding_hnsw_l2_idx', 'sift1m_items_pkey']","{'index': 'hnsw', 'index_name': 'sift1m_items_embedding_hnsw_l2_idx', 'candidate_budget': 100, 'session_settings': {'hnsw.ef_search': 100, 'ivfflat.probes': 1000, 'hnsw.iterative_scan': 'strict_order', 'hnsw.max_scan_tuples': 20000}}",16.14 (Debian 16.14-1.pgdg12+1),0.8.5,>0.10_to_0.25
12,brand == 'Sony',BRAND,HNSW_HYBRID,,0.125233,10,2.885959,15.578583,50.580542,0.9,"[390776, 564042, 224306, 216184, 756088, 932968, 957511, 853890, 842692, 215972]","[390776, 564042, 224306, 216184, 756088, 932968, 957511, 855040, 853890, 842692]",True,verified,sift1m_items_embedding_hnsw_l2_idx,['sift1m_items_embedding_hnsw_l2_idx'],"{'index': 'hnsw', 'index_name': 'sift1m_items_embedding_hnsw_l2_idx', 'session_settings': {'hnsw.ef_search': 100, 'ivfflat.probes': 1000, 'hnsw.iterative_scan': 'strict_order', 'hnsw.max_scan_tuples': 20000}}",16.14 (Debian 16.14-1.pgdg12+1),0.8.5,>0.10_to_0.25
12,brand == 'Sony',BRAND,IVFFLAT_HYBRID,,0.125233,10,42.021334,55.395333,66.8025,0.8,"[390776, 564042, 224306, 216184, 932968, 957511, 853890, 842692, 215972, 2113]","[390776, 564042, 224306, 216184, 756088, 932968, 957511, 855040, 853890, 842692]",True,verified,sift1m_items_embedding_ivfflat_l2_idx,['sift1m_items_embedding_ivfflat_l2_idx'],"{'index': 'ivfflat', 'index_name': 'sift1m_items_embedding_ivfflat_l2_idx', 'session_settings': {'ivfflat.probes': 10, 'hnsw.ef_search': 1000, 'ivfflat.iterative_scan': 'off'}}",16.14 (Debian 16.14-1.pgdg12+1),0.8.5,>0.10_to_0.25
13,brand == 'LG',BRAND,SQL_FIRST,,0.124969,10,54.07175,66.911208,54.795417,1.0,"[596084, 582149, 481526, 170030, 942769, 942665, 376097, 15015, 918545, 265106]","[596084, 582149, 481526, 170030, 942769, 942665, 376097, 15015, 918545, 265106]",True,verified,,[],"{'index': 'exact-l2-sequential', 'index_name': None, 'session_settings': {'enable_indexscan': 'off'}}",16.14 (Debian 16.14-1.pgdg12+1),0.8.5,>0.10_to_0.25
13,brand == 'LG',BRAND,VECTOR_FIRST_HNSW,,0.124969,10,200.956625,213.811291,57.040916,1.0,"[596084, 582149, 481526, 170030, 942769, 942665, 376097, 15015, 918545, 265106]","[596084, 582149, 481526, 170030, 942769, 942665, 376097, 15015, 918545, 265106]",True,verified,sift1m_items_embedding_hnsw_l2_idx,"['sift1m_items_embedding_hnsw_l2_idx', 'sift1m_items_pkey']","{'index': 'hnsw', 'index_name': 'sift1m_items_embedding_hnsw_l2_idx', 'candidate_budget': 100, 'session_settings': {'hnsw.ef_search': 100, 'ivfflat.probes': 1000, 'hnsw.iterative_scan': 'strict_order', 'hnsw.max_scan_tuples': 20000}}",16.14 (Debian 16.14-1.pgdg12+1),0.8.5,>0.10_to_0.25
13,brand == 'LG',BRAND,HNSW_HYBRID,,0.124969,10,2.765875,13.897291,49.1025,1.0,"[596084, 582149, 481526, 170030, 942769, 942665, 376097, 15015, 918545, 265106]","[596084, 582149, 481526, 170030, 942769, 942665, 376097, 15015, 918545, 265106]",True,verified,sift1m_items_embedding_hnsw_l2_idx,['sift1m_items_embedding_hnsw_l2_idx'],"{'index': 'hnsw', 'index_name': 'sift1m_items_embedding_hnsw_l2_idx', 'session_settings': {'hnsw.ef_search': 100, 'ivfflat.probes': 1000, 'hnsw.iterative_scan': 'strict_order', 'hnsw.max_scan_tuples': 20000}}",16.14 (Debian 16.14-1.pgdg12+1),0.8.5,>0.10_to_0.25
13,brand == 'LG',BRAND,IVFFLAT_HYBRID,,0.124969,10,24.453458,36.819458,48.948667,0.6,"[481526, 170030, 942769, 942665, 376097, 15015, 248427, 710374, 825865, 561211]","[596084, 582149, 481526, 170030, 942769, 942665, 376097, 15015, 918545, 265106]",True,verified,sift1m_items_embedding_ivfflat_l2_idx,['sift1m_items_embedding_ivfflat_l2_idx'],"{'index': 'ivfflat', 'index_name': 'sift1m_items_embedding_ivfflat_l2_idx', 'session_settings': {'ivfflat.probes': 10, 'hnsw.ef_search': 1000, 'ivfflat.iterative_scan': 'off'}}",16.14 (Debian 16.14-1.pgdg12+1),0.8.5,>0.10_to_0.25
14,brand == 'Samsung',BRAND,SQL_FIRST,,0.125146,10,47.990125,59.933833,48.257792,1.0,"[565920, 528271, 649785, 983167, 155663, 289330, 860104, 452493, 501457, 551817]","[565920, 528271, 649785, 983167, 155663, 289330, 860104, 452493, 501457, 551817]",True,verified,,[],"{'index': 'exact-l2-sequential', 'index_name': None, 'session_settings': {'enable_indexscan': 'off'}}",16.14 (Debian 16.14-1.pgdg12+1),0.8.5,>0.10_to_0.25
14,brand == 'Samsung',BRAND,VECTOR_FIRST_HNSW,,0.125146,10,254.409083,266.94975,71.005584,0.9,"[565920, 528271, 649785, 983167, 155663, 289330, 860104, 501457, 551817, 409538]","[565920, 528271, 649785, 983167, 155663, 289330, 860104, 452493, 501457, 551817]",True,verified,sift1m_items_embedding_hnsw_l2_idx,"['sift1m_items_embedding_hnsw_l2_idx', 'sift1m_items_pkey']","{'index': 'hnsw', 'index_name': 'sift1m_items_embedding_hnsw_l2_idx', 'candidate_budget': 100, 'session_settings': {'hnsw.ef_search': 100, 'ivfflat.probes': 1000, 'hnsw.iterative_scan': 'strict_order', 'hnsw.max_scan_tuples': 20000}}",16.14 (Debian 16.14-1.pgdg12+1),0.8.5,>0.10_to_0.25
14,brand == 'Samsung',BRAND,HNSW_HYBRID,,0.125146,10,2.766208,14.915625,50.39325,0.9,"[565920, 528271, 649785, 983167, 155663, 289330, 860104, 501457, 551817, 409538]","[565920, 528271, 649785, 983167, 155663, 289330, 860104, 452493, 501457, 551817]",True,verified,sift1m_items_embedding_hnsw_l2_idx,['sift1m_items_embedding_hnsw_l2_idx'],"{'index': 'hnsw', 'index_name': 'sift1m_items_embedding_hnsw_l2_idx', 'session_settings': {'hnsw.ef_search': 100, 'ivfflat.probes': 1000, 'hnsw.iterative_scan': 'strict_order', 'hnsw.max_scan_tuples': 20000}}",16.14 (Debian 16.14-1.pgdg12+1),0.8.5,>0.10_to_0.25
14,brand == 'Samsung',BRAND,IVFFLAT_HYBRID,,0.125146,10,24.006542,36.632083,52.082625,0.9,"[565920, 528271, 983167, 155663, 289330, 860104, 452493, 501457, 551817, 409538]","[565920, 528271, 649785, 983167, 155663, 289330, 860104, 452493, 501457, 551817]",True,verified,sift1m_items_embedding_ivfflat_l2_idx,['sift1m_items_embedding_ivfflat_l2_idx'],"{'index': 'ivfflat', 'index_name': 'sift1m_items_embedding_ivfflat_l2_idx', 'session_settings': {'ivfflat.probes': 10, 'hnsw.ef_search': 1000, 'ivfflat.iterative_scan': 'off'}}",16.14 (Debian 16.14-1.pgdg12+1),0.8.5,>0.10_to_0.25
15,brand == 'Dell',BRAND,SQL_FIRST,,0.124809,10,49.552917,60.687916,51.582416,1.0,"[918194, 961400, 261934, 57481, 781626, 255150, 946854, 124232, 337440, 674773]","[918194, 961400, 261934, 57481, 781626, 255150, 946854, 124232, 337440, 674773]",True,verified,,[],"{'index': 'exact-l2-sequential', 'index_name': None, 'session_settings': {'enable_indexscan': 'off'}}",16.14 (Debian 16.14-1.pgdg12+1),0.8.5,>0.10_to_0.25
15,brand == 'Dell',BRAND,VECTOR_FIRST_HNSW,,0.124809,10,303.592416,316.032292,76.198709,0.7,"[918194, 961400, 261934, 57481, 781626, 255150, 946854]","[918194, 961400, 261934, 57481, 781626, 255150, 946854, 124232, 337440, 674773]",True,verified,sift1m_items_embedding_hnsw_l2_idx,"['sift1m_items_embedding_hnsw_l2_idx', 'sift1m_items_pkey']","{'index': 'hnsw', 'index_name': 'sift1m_items_embedding_hnsw_l2_idx', 'candidate_budget': 100, 'session_settings': {'hnsw.ef_search': 100, 'ivfflat.probes': 1000, 'hnsw.iterative_scan': 'strict_order', 'hnsw.max_scan_tuples': 20000}}",16.14 (Debian 16.14-1.pgdg12+1),0.8.5,>0.10_to_0.25
15,brand == 'Dell',BRAND,HNSW_HYBRID,,0.124809,10,111.659166,125.152208,54.346917,1.0,"[918194, 961400, 261934, 57481, 781626, 255150, 946854, 124232, 337440, 674773]","[918194, 961400, 261934, 57481, 781626, 255150, 946854, 124232, 337440, 674773]",True,verified,sift1m_items_embedding_hnsw_l2_idx,['sift1m_items_embedding_hnsw_l2_idx'],"{'index': 'hnsw', 'index_name': 'sift1m_items_embedding_hnsw_l2_idx', 'session_settings': {'hnsw.ef_search': 100, 'ivfflat.probes': 1000, 'hnsw.iterative_scan': 'strict_order', 'hnsw.max_scan_tuples': 20000}}",16.14 (Debian 16.14-1.pgdg12+1),0.8.5,>0.10_to_0.25
15,brand == 'Dell',BRAND,IVFFLAT_HYBRID,,0.124809,10,56.400125,68.318,63.195791,0.9,"[918194, 961400, 57481, 781626, 255150, 946854, 124232, 337440, 674773, 502174]","[918194, 961400, 261934, 57481, 781626, 255150, 946854, 124232, 337440, 674773]",True,verified,sift1m_items_embedding_ivfflat_l2_idx,['sift1m_items_embedding_ivfflat_l2_idx'],"{'index': 'ivfflat', 'index_name': 'sift1m_items_embedding_ivfflat_l2_idx', 'session_settings': {'ivfflat.probes': 10, 'hnsw.ef_search': 1000, 'ivfflat.iterative_scan': 'off'}}",16.14 (Debian 16.14-1.pgdg12+1),0.8.5,>0.10_to_0.25
16,price < 200,PRICE,SQL_FIRST,,0.076848,10,172.171083,185.72825,171.106041,1.0,"[684893, 223703, 967417, 392160, 925011, 869205, 349167, 929950, 682947, 725090]","[684893, 223703, 967417, 392160, 925011, 869205, 349167, 929950, 682947, 725090]",True,verified,,['sift1m_items_price_idx'],"{'index': 'exact-l2-sequential', 'index_name': None, 'session_settings': {'enable_indexscan': 'off'}}",16.14 (Debian 16.14-1.pgdg12+1),0.8.5,>0.05_to_0.10
16,price < 200,PRICE,VECTOR_FIRST_HNSW,,0.076848,10,292.2235,303.926333,260.423625,0.4,"[684893, 223703, 967417, 392160]","[684893, 223703, 967417, 392160, 925011, 869205, 349167, 929950, 682947, 725090]",True,verified,sift1m_items_embedding_hnsw_l2_idx,"['sift1m_items_embedding_hnsw_l2_idx', 'sift1m_items_pkey']","{'index': 'hnsw', 'index_name': 'sift1m_items_embedding_hnsw_l2_idx', 'candidate_budget': 100, 'session_settings': {'hnsw.ef_search': 100, 'ivfflat.probes': 1000, 'hnsw.iterative_scan': 'strict_order', 'hnsw.max_scan_tuples': 20000}}",16.14 (Debian 16.14-1.pgdg12+1),0.8.5,>0.05_to_0.10
16,price < 200,PRICE,HNSW_HYBRID,,0.076848,10,253.927833,264.142375,264.835125,0.9,"[684893, 223703, 967417, 392160, 925011, 869205, 349167, 929950, 682947, 683503]","[684893, 223703, 967417, 392160, 925011, 869205, 349167, 929950, 682947, 725090]",True,verified,sift1m_items_embedding_hnsw_l2_idx,['sift1m_items_embedding_hnsw_l2_idx'],"{'index': 'hnsw', 'index_name': 'sift1m_items_embedding_hnsw_l2_idx', 'session_settings': {'hnsw.ef_search': 100, 'ivfflat.probes': 1000, 'hnsw.iterative_scan': 'strict_order', 'hnsw.max_scan_tuples': 20000}}",16.14 (Debian 16.14-1.pgdg12+1),0.8.5,>0.05_to_0.10
16,price < 200,PRICE,IVFFLAT_HYBRID,,0.076848,10,37.004375,48.886584,163.576,0.6,"[223703, 967417, 392160, 869205, 929950, 725090, 683503, 902031, 142467, 161240]","[684893, 223703, 967417, 392160, 925011, 869205, 349167, 929950, 682947, 725090]",True,verified,sift1m_items_embedding_ivfflat_l2_idx,['sift1m_items_embedding_ivfflat_l2_idx'],"{'index': 'ivfflat', 'index_name': 'sift1m_items_embedding_ivfflat_l2_idx', 'session_settings': {'ivfflat.probes': 10, 'hnsw.ef_search': 1000, 'ivfflat.iterative_scan': 'off'}}",16.14 (Debian 16.14-1.pgdg12+1),0.8.5,>0.05_to_0.10
17,price < 500,PRICE,SQL_FIRST,,0.230466,10,52.630667,65.960084,55.665416,1.0,"[394163, 117181, 268236, 874263, 17874, 104866, 200755, 265033, 394280, 58507]","[394163, 117181, 268236, 874263, 17874, 104866, 200755, 265033, 394280, 58507]",True,verified,,[],"{'index': 'exact-l2-sequential', 'index_name': None, 'session_settings': {'enable_indexscan': 'off'}}",16.14 (Debian 16.14-1.pgdg12+1),0.8.5,>0.10_to_0.25
17,price < 500,PRICE,VECTOR_FIRST_HNSW,,0.230466,10,122.25425,137.0125,55.940792,1.0,"[394163, 117181, 268236, 874263, 17874, 104866, 200755, 265033, 394280, 58507]","[394163, 117181, 268236, 874263, 17874, 104866, 200755, 265033, 394280, 58507]",True,verified,sift1m_items_embedding_hnsw_l2_idx,"['sift1m_items_embedding_hnsw_l2_idx', 'sift1m_items_pkey']","{'index': 'hnsw', 'index_name': 'sift1m_items_embedding_hnsw_l2_idx', 'candidate_budget': 100, 'session_settings': {'hnsw.ef_search': 100, 'ivfflat.probes': 1000, 'hnsw.iterative_scan': 'strict_order', 'hnsw.max_scan_tuples': 20000}}",16.14 (Debian 16.14-1.pgdg12+1),0.8.5,>0.10_to_0.25
17,price < 500,PRICE,HNSW_HYBRID,,0.230466,10,4.983042,20.51625,57.2025,1.0,"[394163, 117181, 268236, 874263, 17874, 104866, 265033, 200755, 394280, 58507]","[394163, 117181, 268236, 874263, 17874, 104866, 200755, 265033, 394280, 58507]",True,verified,sift1m_items_embedding_hnsw_l2_idx,['sift1m_items_embedding_hnsw_l2_idx'],"{'index': 'hnsw', 'index_name': 'sift1m_items_embedding_hnsw_l2_idx', 'session_settings': {'hnsw.ef_search': 100, 'ivfflat.probes': 1000, 'hnsw.iterative_scan': 'strict_order', 'hnsw.max_scan_tuples': 20000}}",16.14 (Debian 16.14-1.pgdg12+1),0.8.5,>0.10_to_0.25
17,price < 500,PRICE,IVFFLAT_HYBRID,,0.230466,10,37.558666,54.663,95.763417,0.8,"[394163, 117181, 268236, 17874, 200755, 265033, 394280, 58507, 989070, 158608]","[394163, 117181, 268236, 874263, 17874, 104866, 200755, 265033, 394280, 58507]",True,verified,sift1m_items_embedding_ivfflat_l2_idx,['sift1m_items_embedding_ivfflat_l2_idx'],"{'index': 'ivfflat', 'index_name': 'sift1m_items_embedding_ivfflat_l2_idx', 'session_settings': {'ivfflat.probes': 10, 'hnsw.ef_search': 1000, 'ivfflat.iterative_scan': 'off'}}",16.14 (Debian 16.14-1.pgdg12+1),0.8.5,>0.10_to_0.25
18,price < 800,PRICE,SQL_FIRST,,0.385065,10,65.97075,83.415209,65.033,1.0,"[247250, 434884, 170737, 466326, 126762, 63379, 864195, 503525, 63762, 840385]","[247250, 434884, 170737, 466326, 126762, 63379, 864195, 503525, 63762, 840385]",True,verified,,[],"{'index': 'exact-l2-sequential', 'index_name': None, 'session_settings': {'enable_indexscan': 'off'}}",16.14 (Debian 16.14-1.pgdg12+1),0.8.5,>0.25_to_0.50
18,price < 800,PRICE,VECTOR_FIRST_HNSW,,0.385065,10,5.734417,23.672541,58.054583,1.0,"[247250, 434884, 170737, 466326, 126762, 63379, 864195, 503525, 63762, 840385]","[247250, 434884, 170737, 466326, 126762, 63379, 864195, 503525, 63762, 840385]",True,verified,sift1m_items_embedding_hnsw_l2_idx,"['sift1m_items_embedding_hnsw_l2_idx', 'sift1m_items_pkey']","{'index': 'hnsw', 'index_name': 'sift1m_items_embedding_hnsw_l2_idx', 'candidate_budget': 100, 'session_settings': {'hnsw.ef_search': 100, 'ivfflat.probes': 1000, 'hnsw.iterative_scan': 'strict_order', 'hnsw.max_scan_tuples': 20000}}",16.14 (Debian 16.14-1.pgdg12+1),0.8.5,>0.25_to_0.50
18,price < 800,PRICE,HNSW_HYBRID,,0.385065,10,10.188625,27.032417,69.119209,1.0,"[247250, 434884, 170737, 466326, 126762, 63379, 864195, 503525, 63762, 840385]","[247250, 434884, 170737, 466326, 126762, 63379, 864195, 503525, 63762, 840385]",True,verified,sift1m_items_embedding_hnsw_l2_idx,['sift1m_items_embedding_hnsw_l2_idx'],"{'index': 'hnsw', 'index_name': 'sift1m_items_embedding_hnsw_l2_idx', 'session_settings': {'hnsw.ef_search': 100, 'ivfflat.probes': 1000, 'hnsw.iterative_scan': 'strict_order', 'hnsw.max_scan_tuples': 20000}}",16.14 (Debian 16.14-1.pgdg12+1),0.8.5,>0.25_to_0.50
18,price < 800,PRICE,IVFFLAT_HYBRID,,0.385065,10,46.77075,63.620917,60.917625,0.8,"[247250, 434884, 466326, 63379, 864195, 503525, 63762, 840385, 149847, 721699]","[247250, 434884, 170737, 466326, 126762, 63379, 864195, 503525, 63762, 840385]",True,verified,sift1m_items_embedding_ivfflat_l2_idx,['sift1m_items_embedding_ivfflat_l2_idx'],"{'index': 'ivfflat', 'index_name': 'sift1m_items_embedding_ivfflat_l2_idx', 'session_settings': {'ivfflat.probes': 10, 'hnsw.ef_search': 1000, 'ivfflat.iterative_scan': 'off'}}",16.14 (Debian 16.14-1.pgdg12+1),0.8.5,>0.25_to_0.50
19,price < 1200,PRICE,SQL_FIRST,,0.589991,10,63.52875,84.95925,65.836667,1.0,"[272436, 394974, 905999, 629123, 224830, 885665, 840629, 395043, 514347, 563976]","[272436, 394974, 905999, 629123, 224830, 885665, 840629, 395043, 514347, 563976]",True,verified,,[],"{'index': 'exact-l2-sequential', 'index_name': None, 'session_settings': {'enable_indexscan': 'off'}}",16.14 (Debian 16.14-1.pgdg12+1),0.8.5,>0.50
19,price < 1200,PRICE,VECTOR_FIRST_HNSW,,0.589991,10,10.468791,34.649667,66.404042,1.0,"[272436, 394974, 905999, 629123, 224830, 885665, 840629, 395043, 514347, 563976]","[272436, 394974, 905999, 629123, 224830, 885665, 840629, 395043, 514347, 563976]",True,verified,sift1m_items_embedding_hnsw_l2_idx,"['sift1m_items_embedding_hnsw_l2_idx', 'sift1m_items_pkey']","{'index': 'hnsw', 'index_name': 'sift1m_items_embedding_hnsw_l2_idx', 'candidate_budget': 100, 'session_settings': {'hnsw.ef_search': 100, 'ivfflat.probes': 1000, 'hnsw.iterative_scan': 'strict_order', 'hnsw.max_scan_tuples': 20000}}",16.14 (Debian 16.14-1.pgdg12+1),0.8.5,>0.50
19,price < 1200,PRICE,HNSW_HYBRID,,0.589991,10,13.622,46.051167,71.082875,1.0,"[272436, 394974, 905999, 629123, 224830, 885665, 840629, 395043, 514347, 563976]","[272436, 394974, 905999, 629123, 224830, 885665, 840629, 395043, 514347, 563976]",True,verified,sift1m_items_embedding_hnsw_l2_idx,['sift1m_items_embedding_hnsw_l2_idx'],"{'index': 'hnsw', 'index_name': 'sift1m_items_embedding_hnsw_l2_idx', 'session_settings': {'hnsw.ef_search': 100, 'ivfflat.probes': 1000, 'hnsw.iterative_scan': 'strict_order', 'hnsw.max_scan_tuples': 20000}}",16.14 (Debian 16.14-1.pgdg12+1),0.8.5,>0.50
19,price < 1200,PRICE,IVFFLAT_HYBRID,,0.589991,10,20.847542,42.374375,82.945708,0.8,"[272436, 394974, 905999, 224830, 840629, 395043, 514347, 563976, 885687, 391453]","[272436, 394974, 905999, 629123, 224830, 885665, 840629, 395043, 514347, 563976]",True,verified,sift1m_items_embedding_ivfflat_l2_idx,['sift1m_items_embedding_ivfflat_l2_idx'],"{'index': 'ivfflat', 'index_name': 'sift1m_items_embedding_ivfflat_l2_idx', 'session_settings': {'ivfflat.probes': 10, 'hnsw.ef_search': 1000, 'ivfflat.iterative_scan': 'off'}}",16.14 (Debian 16.14-1.pgdg12+1),0.8.5,>0.50
20,price < 1600,PRICE,SQL_FIRST,,0.795149,10,92.384375,139.101,77.994166,1.0,"[587404, 666481, 929092, 860624, 481713, 448233, 475757, 359780, 546573, 195737]","[587404, 666481, 929092, 860624, 481713, 448233, 475757, 359780, 546573, 195737]",True,verified,,[],"{'index': 'exact-l2-sequential', 'index_name': None, 'session_settings': {'enable_indexscan': 'off'}}",16.14 (Debian 16.14-1.pgdg12+1),0.8.5,>0.50
20,price < 1600,PRICE,VECTOR_FIRST_HNSW,,0.795149,10,7.228417,35.236625,77.699459,1.0,"[587404, 666481, 929092, 860624, 481713, 448233, 475757, 359780, 546573, 195737]","[587404, 666481, 929092, 860624, 481713, 448233, 475757, 359780, 546573, 195737]",True,verified,sift1m_items_embedding_hnsw_l2_idx,"['sift1m_items_embedding_hnsw_l2_idx', 'sift1m_items_pkey']","{'index': 'hnsw', 'index_name': 'sift1m_items_embedding_hnsw_l2_idx', 'candidate_budget': 100, 'session_settings': {'hnsw.ef_search': 100, 'ivfflat.probes': 1000, 'hnsw.iterative_scan': 'strict_order', 'hnsw.max_scan_tuples': 20000}}",16.14 (Debian 16.14-1.pgdg12+1),0.8.5,>0.50
20,price < 1600,PRICE,HNSW_HYBRID,,0.795149,10,2.2575,29.265834,73.890709,1.0,"[587404, 666481, 929092, 860624, 481713, 448233, 475757, 359780, 546573, 195737]","[587404, 666481, 929092, 860624, 481713, 448233, 475757, 359780, 546573, 195737]",True,verified,sift1m_items_embedding_hnsw_l2_idx,['sift1m_items_embedding_hnsw_l2_idx'],"{'index': 'hnsw', 'index_name': 'sift1m_items_embedding_hnsw_l2_idx', 'session_settings': {'hnsw.ef_search': 100, 'ivfflat.probes': 1000, 'hnsw.iterative_scan': 'strict_order', 'hnsw.max_scan_tuples': 20000}}",16.14 (Debian 16.14-1.pgdg12+1),0.8.5,>0.50
20,price < 1600,PRICE,IVFFLAT_HYBRID,,0.795149,10,71.731333,99.771459,111.286916,1.0,"[587404, 666481, 929092, 860624, 481713, 448233, 475757, 359780, 546573, 195737]","[587404, 666481, 929092, 860624, 481713, 448233, 475757, 359780, 546573, 195737]",True,verified,sift1m_items_embedding_ivfflat_l2_idx,['sift1m_items_embedding_ivfflat_l2_idx'],"{'index': 'ivfflat', 'index_name': 'sift1m_items_embedding_ivfflat_l2_idx', 'session_settings': {'ivfflat.probes': 10, 'hnsw.ef_search': 1000, 'ivfflat.iterative_scan': 'off'}}",16.14 (Debian 16.14-1.pgdg12+1),0.8.5,>0.50
21,rating > 2.5,RATING,SQL_FIRST,,0.612283,10,70.830083,99.364792,65.551917,1.0,"[4490, 214449, 559990, 497354, 337027, 306259, 59773, 365266, 776961, 261517]","[4490, 214449, 559990, 497354, 337027, 306259, 59773, 365266, 776961, 261517]",True,verified,,[],"{'index': 'exact-l2-sequential', 'index_name': None, 'session_settings': {'enable_indexscan': 'off'}}",16.14 (Debian 16.14-1.pgdg12+1),0.8.5,>0.50
21,rating > 2.5,RATING,VECTOR_FIRST_HNSW,,0.612283,10,7.656167,32.319666,66.579584,1.0,"[4490, 214449, 559990, 497354, 337027, 306259, 59773, 365266, 776961, 261517]","[4490, 214449, 559990, 497354, 337027, 306259, 59773, 365266, 776961, 261517]",True,verified,sift1m_items_embedding_hnsw_l2_idx,"['sift1m_items_embedding_hnsw_l2_idx', 'sift1m_items_pkey']","{'index': 'hnsw', 'index_name': 'sift1m_items_embedding_hnsw_l2_idx', 'candidate_budget': 100, 'session_settings': {'hnsw.ef_search': 100, 'ivfflat.probes': 1000, 'hnsw.iterative_scan': 'strict_order', 'hnsw.max_scan_tuples': 20000}}",16.14 (Debian 16.14-1.pgdg12+1),0.8.5,>0.50
21,rating > 2.5,RATING,HNSW_HYBRID,,0.612283,10,7.93625,31.72425,74.353125,1.0,"[4490, 214449, 559990, 497354, 337027, 306259, 59773, 365266, 776961, 261517]","[4490, 214449, 559990, 497354, 337027, 306259, 59773, 365266, 776961, 261517]",True,verified,sift1m_items_embedding_hnsw_l2_idx,['sift1m_items_embedding_hnsw_l2_idx'],"{'index': 'hnsw', 'index_name': 'sift1m_items_embedding_hnsw_l2_idx', 'session_settings': {'hnsw.ef_search': 100, 'ivfflat.probes': 1000, 'hnsw.iterative_scan': 'strict_order', 'hnsw.max_scan_tuples': 20000}}",16.14 (Debian 16.14-1.pgdg12+1),0.8.5,>0.50
21,rating > 2.5,RATING,IVFFLAT_HYBRID,,0.612283,10,77.994125,101.976,68.866792,1.0,"[4490, 214449, 559990, 497354, 337027, 306259, 59773, 365266, 776961, 261517]","[4490, 214449, 559990, 497354, 337027, 306259, 59773, 365266, 776961, 261517]",True,verified,sift1m_items_embedding_ivfflat_l2_idx,['sift1m_items_embedding_ivfflat_l2_idx'],"{'index': 'ivfflat', 'index_name': 'sift1m_items_embedding_ivfflat_l2_idx', 'session_settings': {'ivfflat.probes': 10, 'hnsw.ef_search': 1000, 'ivfflat.iterative_scan': 'off'}}",16.14 (Debian 16.14-1.pgdg12+1),0.8.5,>0.50
22,rating > 3.0,RATING,SQL_FIRST,,0.487262,10,61.280833,82.201625,62.392958,1.0,"[31629, 68360, 426465, 558357, 4784, 633279, 536469, 776801, 5408, 94976]","[31629, 68360, 426465, 558357, 4784, 633279, 536469, 776801, 5408, 94976]",True,verified,,[],"{'index': 'exact-l2-sequential', 'index_name': None, 'session_settings': {'enable_indexscan': 'off'}}",16.14 (Debian 16.14-1.pgdg12+1),0.8.5,>0.25_to_0.50
22,rating > 3.0,RATING,VECTOR_FIRST_HNSW,,0.487262,10,6.241125,27.815209,61.502459,1.0,"[31629, 68360, 426465, 558357, 4784, 633279, 536469, 776801, 5408, 94976]","[31629, 68360, 426465, 558357, 4784, 633279, 536469, 776801, 5408, 94976]",True,verified,sift1m_items_embedding_hnsw_l2_idx,"['sift1m_items_embedding_hnsw_l2_idx', 'sift1m_items_pkey']","{'index': 'hnsw', 'index_name': 'sift1m_items_embedding_hnsw_l2_idx', 'candidate_budget': 100, 'session_settings': {'hnsw.ef_search': 100, 'ivfflat.probes': 1000, 'hnsw.iterative_scan': 'strict_order', 'hnsw.max_scan_tuples': 20000}}",16.14 (Debian 16.14-1.pgdg12+1),0.8.5,>0.25_to_0.50
22,rating > 3.0,RATING,HNSW_HYBRID,,0.487262,10,2.528458,23.492083,62.544125,1.0,"[31629, 68360, 426465, 558357, 4784, 633279, 536469, 776801, 5408, 94976]","[31629, 68360, 426465, 558357, 4784, 633279, 536469, 776801, 5408, 94976]",True,verified,sift1m_items_embedding_hnsw_l2_idx,['sift1m_items_embedding_hnsw_l2_idx'],"{'index': 'hnsw', 'index_name': 'sift1m_items_embedding_hnsw_l2_idx', 'session_settings': {'hnsw.ef_search': 100, 'ivfflat.probes': 1000, 'hnsw.iterative_scan': 'strict_order', 'hnsw.max_scan_tuples': 20000}}",16.14 (Debian 16.14-1.pgdg12+1),0.8.5,>0.25_to_0.50
22,rating > 3.0,RATING,IVFFLAT_HYBRID,,0.487262,10,58.678375,80.129584,73.931417,0.9,"[31629, 68360, 426465, 558357, 4784, 633279, 536469, 776801, 94976, 305045]","[31629, 68360, 426465, 558357, 4784, 633279, 536469, 776801, 5408, 94976]",True,verified,sift1m_items_embedding_ivfflat_l2_idx,['sift1m_items_embedding_ivfflat_l2_idx'],"{'index': 'ivfflat', 'index_name': 'sift1m_items_embedding_ivfflat_l2_idx', 'session_settings': {'ivfflat.probes': 10, 'hnsw.ef_search': 1000, 'ivfflat.iterative_scan': 'off'}}",16.14 (Debian 16.14-1.pgdg12+1),0.8.5,>0.25_to_0.50
23,rating > 3.5,RATING,SQL_FIRST,,0.362073,10,57.462458,74.642292,57.454625,1.0,"[364790, 526788, 219735, 176512, 290169, 122772, 350527, 364660, 902789, 607007]","[364790, 526788, 219735, 176512, 290169, 122772, 350527, 364660, 902789, 607007]",True,verified,,[],"{'index': 'exact-l2-sequential', 'index_name': None, 'session_settings': {'enable_indexscan': 'off'}}",16.14 (Debian 16.14-1.pgdg12+1),0.8.5,>0.25_to_0.50
23,rating > 3.5,RATING,VECTOR_FIRST_HNSW,,0.362073,10,6.553458,29.894375,58.937,1.0,"[364790, 526788, 219735, 176512, 290169, 122772, 350527, 364660, 902789, 607007]","[364790, 526788, 219735, 176512, 290169, 122772, 350527, 364660, 902789, 607007]",True,verified,sift1m_items_embedding_hnsw_l2_idx,"['sift1m_items_embedding_hnsw_l2_idx', 'sift1m_items_pkey']","{'index': 'hnsw', 'index_name': 'sift1m_items_embedding_hnsw_l2_idx', 'candidate_budget': 100, 'session_settings': {'hnsw.ef_search': 100, 'ivfflat.probes': 1000, 'hnsw.iterative_scan': 'strict_order', 'hnsw.max_scan_tuples': 20000}}",16.14 (Debian 16.14-1.pgdg12+1),0.8.5,>0.25_to_0.50
23,rating > 3.5,RATING,HNSW_HYBRID,,0.362073,10,3.157375,20.934917,58.021833,1.0,"[364790, 526788, 219735, 176512, 290169, 122772, 350527, 364660, 902789, 607007]","[364790, 526788, 219735, 176512, 290169, 122772, 350527, 364660, 902789, 607007]",True,verified,sift1m_items_embedding_hnsw_l2_idx,['sift1m_items_embedding_hnsw_l2_idx'],"{'index': 'hnsw', 'index_name': 'sift1m_items_embedding_hnsw_l2_idx', 'session_settings': {'hnsw.ef_search': 100, 'ivfflat.probes': 1000, 'hnsw.iterative_scan': 'strict_order', 'hnsw.max_scan_tuples': 20000}}",16.14 (Debian 16.14-1.pgdg12+1),0.8.5,>0.25_to_0.50
23,rating > 3.5,RATING,IVFFLAT_HYBRID,,0.362073,10,17.998,40.118375,61.181916,0.9,"[364790, 526788, 219735, 176512, 122772, 350527, 364660, 902789, 607007, 585383]","[364790, 526788, 219735, 176512, 290169, 122772, 350527, 364660, 902789, 607007]",True,verified,sift1m_items_embedding_ivfflat_l2_idx,['sift1m_items_embedding_ivfflat_l2_idx'],"{'index': 'ivfflat', 'index_name': 'sift1m_items_embedding_ivfflat_l2_idx', 'session_settings': {'ivfflat.probes': 10, 'hnsw.ef_search': 1000, 'ivfflat.iterative_scan': 'off'}}",16.14 (Debian 16.14-1.pgdg12+1),0.8.5,>0.25_to_0.50
24,rating > 4.0,RATING,SQL_FIRST,,0.236721,10,54.241417,67.70525,52.363958,1.0,"[784790, 279489, 4623, 242430, 292781, 188768, 278674, 172451, 515459, 188787]","[784790, 279489, 4623, 242430, 292781, 188768, 278674, 172451, 515459, 188787]",True,verified,,[],"{'index': 'exact-l2-sequential', 'index_name': None, 'session_settings': {'enable_indexscan': 'off'}}",16.14 (Debian 16.14-1.pgdg12+1),0.8.5,>0.10_to_0.25
24,rating > 4.0,RATING,VECTOR_FIRST_HNSW,,0.236721,10,62.206584,77.868625,54.072833,1.0,"[784790, 279489, 4623, 242430, 292781, 188768, 278674, 172451, 515459, 188787]","[784790, 279489, 4623, 242430, 292781, 188768, 278674, 172451, 515459, 188787]",True,verified,sift1m_items_embedding_hnsw_l2_idx,"['sift1m_items_embedding_hnsw_l2_idx', 'sift1m_items_pkey']","{'index': 'hnsw', 'index_name': 'sift1m_items_embedding_hnsw_l2_idx', 'candidate_budget': 100, 'session_settings': {'hnsw.ef_search': 100, 'ivfflat.probes': 1000, 'hnsw.iterative_scan': 'strict_order', 'hnsw.max_scan_tuples': 20000}}",16.14 (Debian 16.14-1.pgdg12+1),0.8.5,>0.10_to_0.25
24,rating > 4.0,RATING,HNSW_HYBRID,,0.236721,10,4.133625,19.895292,52.846167,1.0,"[784790, 279489, 4623, 242430, 292781, 188768, 278674, 172451, 515459, 188787]","[784790, 279489, 4623, 242430, 292781, 188768, 278674, 172451, 515459, 188787]",True,verified,sift1m_items_embedding_hnsw_l2_idx,['sift1m_items_embedding_hnsw_l2_idx'],"{'index': 'hnsw', 'index_name': 'sift1m_items_embedding_hnsw_l2_idx', 'session_settings': {'hnsw.ef_search': 100, 'ivfflat.probes': 1000, 'hnsw.iterative_scan': 'strict_order', 'hnsw.max_scan_tuples': 20000}}",16.14 (Debian 16.14-1.pgdg12+1),0.8.5,>0.10_to_0.25
24,rating > 4.0,RATING,IVFFLAT_HYBRID,,0.236721,10,29.35975,43.808792,98.721416,0.7,"[4623, 242430, 188768, 278674, 172451, 515459, 188787, 305019, 292201, 305330]","[784790, 279489, 4623, 242430, 292781, 188768, 278674, 172451, 515459, 188787]",True,verified,sift1m_items_embedding_ivfflat_l2_idx,['sift1m_items_embedding_ivfflat_l2_idx'],"{'index': 'ivfflat', 'index_name': 'sift1m_items_embedding_ivfflat_l2_idx', 'session_settings': {'ivfflat.probes': 10, 'hnsw.ef_search': 1000, 'ivfflat.iterative_scan': 'off'}}",16.14 (Debian 16.14-1.pgdg12+1),0.8.5,>0.10_to_0.25
25,rating > 4.5,RATING,SQL_FIRST,,0.112086,10,49.377459,59.30275,47.890917,1.0,"[514508, 292181, 474871, 252643, 249846, 465958, 497622, 717049, 684686, 569078]","[514508, 292181, 474871, 252643, 249846, 465958, 497622, 717049, 684686, 569078]",True,verified,,[],"{'index': 'exact-l2-sequential', 'index_name': None, 'session_settings': {'enable_indexscan': 'off'}}",16.14 (Debian 16.14-1.pgdg12+1),0.8.5,>0.10_to_0.25
25,rating > 4.5,RATING,VECTOR_FIRST_HNSW,,0.112086,10,88.504625,99.776291,58.592958,1.0,"[514508, 292181, 474871, 252643, 249846, 465958, 497622, 717049, 684686, 569078]","[514508, 292181, 474871, 252643, 249846, 465958, 497622, 717049, 684686, 569078]",True,verified,sift1m_items_embedding_hnsw_l2_idx,"['sift1m_items_embedding_hnsw_l2_idx', 'sift1m_items_pkey']","{'index': 'hnsw', 'index_name': 'sift1m_items_embedding_hnsw_l2_idx', 'candidate_budget': 100, 'session_settings': {'hnsw.ef_search': 100, 'ivfflat.probes': 1000, 'hnsw.iterative_scan': 'strict_order', 'hnsw.max_scan_tuples': 20000}}",16.14 (Debian 16.14-1.pgdg12+1),0.8.5,>0.10_to_0.25
25,rating > 4.5,RATING,HNSW_HYBRID,,0.112086,10,2.873459,14.688042,47.244958,1.0,"[514508, 292181, 474871, 252643, 249846, 465958, 497622, 717049, 684686, 569078]","[514508, 292181, 474871, 252643, 249846, 465958, 497622, 717049, 684686, 569078]",True,verified,sift1m_items_embedding_hnsw_l2_idx,['sift1m_items_embedding_hnsw_l2_idx'],"{'index': 'hnsw', 'index_name': 'sift1m_items_embedding_hnsw_l2_idx', 'session_settings': {'hnsw.ef_search': 100, 'ivfflat.probes': 1000, 'hnsw.iterative_scan': 'strict_order', 'hnsw.max_scan_tuples': 20000}}",16.14 (Debian 16.14-1.pgdg12+1),0.8.5,>0.10_to_0.25
25,rating > 4.5,RATING,IVFFLAT_HYBRID,,0.112086,10,26.864583,38.121,49.099709,0.8,"[474871, 252643, 249846, 465958, 497622, 717049, 684686, 569078, 381049, 299014]","[514508, 292181, 474871, 252643, 249846, 465958, 497622, 717049, 684686, 569078]",True,verified,sift1m_items_embedding_ivfflat_l2_idx,['sift1m_items_embedding_ivfflat_l2_idx'],"{'index': 'ivfflat', 'index_name': 'sift1m_items_embedding_ivfflat_l2_idx', 'session_settings': {'ivfflat.probes': 10, 'hnsw.ef_search': 1000, 'ivfflat.iterative_scan': 'off'}}",16.14 (Debian 16.14-1.pgdg12+1),0.8.5,>0.10_to_0.25
26,stock == True,STOCK,SQL_FIRST,,0.500146,10,66.465916,83.912416,61.486917,1.0,"[426756, 525190, 910741, 475114, 321539, 515955, 321507, 525650, 514648, 794330]","[426756, 525190, 910741, 475114, 321539, 515955, 321507, 525650, 514648, 794330]",True,verified,,[],"{'index': 'exact-l2-sequential', 'index_name': None, 'session_settings': {'enable_indexscan': 'off'}}",16.14 (Debian 16.14-1.pgdg12+1),0.8.5,>0.50
26,stock == True,STOCK,VECTOR_FIRST_HNSW,,0.500146,10,5.960167,24.725833,63.86075,1.0,"[426756, 525190, 910741, 475114, 321539, 515955, 321507, 525650, 514648, 794330]","[426756, 525190, 910741, 475114, 321539, 515955, 321507, 525650, 514648, 794330]",True,verified,sift1m_items_embedding_hnsw_l2_idx,"['sift1m_items_embedding_hnsw_l2_idx', 'sift1m_items_pkey']","{'index': 'hnsw', 'index_name': 'sift1m_items_embedding_hnsw_l2_idx', 'candidate_budget': 100, 'session_settings': {'hnsw.ef_search': 100, 'ivfflat.probes': 1000, 'hnsw.iterative_scan': 'strict_order', 'hnsw.max_scan_tuples': 20000}}",16.14 (Debian 16.14-1.pgdg12+1),0.8.5,>0.50
26,stock == True,STOCK,HNSW_HYBRID,,0.500146,10,3.257917,25.224792,68.4035,1.0,"[426756, 525190, 910741, 475114, 321539, 515955, 321507, 525650, 514648, 794330]","[426756, 525190, 910741, 475114, 321539, 515955, 321507, 525650, 514648, 794330]",True,verified,sift1m_items_embedding_hnsw_l2_idx,['sift1m_items_embedding_hnsw_l2_idx'],"{'index': 'hnsw', 'index_name': 'sift1m_items_embedding_hnsw_l2_idx', 'session_settings': {'hnsw.ef_search': 100, 'ivfflat.probes': 1000, 'hnsw.iterative_scan': 'strict_order', 'hnsw.max_scan_tuples': 20000}}",16.14 (Debian 16.14-1.pgdg12+1),0.8.5,>0.50
26,stock == True,STOCK,IVFFLAT_HYBRID,,0.500146,10,37.047125,80.236125,90.656167,0.7,"[426756, 525190, 475114, 515955, 321507, 525650, 794330, 634527, 241053, 10487]","[426756, 525190, 910741, 475114, 321539, 515955, 321507, 525650, 514648, 794330]",True,verified,sift1m_items_embedding_ivfflat_l2_idx,['sift1m_items_embedding_ivfflat_l2_idx'],"{'index': 'ivfflat', 'index_name': 'sift1m_items_embedding_ivfflat_l2_idx', 'session_settings': {'ivfflat.probes': 10, 'hnsw.ef_search': 1000, 'ivfflat.iterative_scan': 'off'}}",16.14 (Debian 16.14-1.pgdg12+1),0.8.5,>0.50
27,stock == False,STOCK,SQL_FIRST,,0.499854,10,74.724167,98.293791,64.169167,1.0,"[955277, 363739, 176295, 366495, 58968, 802361, 717049, 364341, 925261, 955312]","[955277, 363739, 176295, 366495, 58968, 802361, 717049, 364341, 925261, 955312]",True,verified,,[],"{'index': 'exact-l2-sequential', 'index_name': None, 'session_settings': {'enable_indexscan': 'off'}}",16.14 (Debian 16.14-1.pgdg12+1),0.8.5,>0.25_to_0.50
27,stock == False,STOCK,VECTOR_FIRST_HNSW,,0.499854,10,5.409459,25.091542,64.8155,1.0,"[955277, 363739, 176295, 366495, 58968, 802361, 717049, 364341, 925261, 955312]","[955277, 363739, 176295, 366495, 58968, 802361, 717049, 364341, 925261, 955312]",True,verified,sift1m_items_embedding_hnsw_l2_idx,"['sift1m_items_embedding_hnsw_l2_idx', 'sift1m_items_pkey']","{'index': 'hnsw', 'index_name': 'sift1m_items_embedding_hnsw_l2_idx', 'candidate_budget': 100, 'session_settings': {'hnsw.ef_search': 100, 'ivfflat.probes': 1000, 'hnsw.iterative_scan': 'strict_order', 'hnsw.max_scan_tuples': 20000}}",16.14 (Debian 16.14-1.pgdg12+1),0.8.5,>0.25_to_0.50
27,stock == False,STOCK,HNSW_HYBRID,,0.499854,10,3.080208,24.884083,64.032209,1.0,"[955277, 363739, 176295, 366495, 58968, 802361, 717049, 364341, 925261, 955312]","[955277, 363739, 176295, 366495, 58968, 802361, 717049, 364341, 925261, 955312]",True,verified,sift1m_items_embedding_hnsw_l2_idx,['sift1m_items_embedding_hnsw_l2_idx'],"{'index': 'hnsw', 'index_name': 'sift1m_items_embedding_hnsw_l2_idx', 'session_settings': {'hnsw.ef_search': 100, 'ivfflat.probes': 1000, 'hnsw.iterative_scan': 'strict_order', 'hnsw.max_scan_tuples': 20000}}",16.14 (Debian 16.14-1.pgdg12+1),0.8.5,>0.25_to_0.50
27,stock == False,STOCK,IVFFLAT_HYBRID,,0.499854,10,40.113875,62.533042,68.259625,1.0,"[955277, 363739, 176295, 366495, 58968, 802361, 717049, 364341, 925261, 955312]","[955277, 363739, 176295, 366495, 58968, 802361, 717049, 364341, 925261, 955312]",True,verified,sift1m_items_embedding_ivfflat_l2_idx,['sift1m_items_embedding_ivfflat_l2_idx'],"{'index': 'ivfflat', 'index_name': 'sift1m_items_embedding_ivfflat_l2_idx', 'session_settings': {'ivfflat.probes': 10, 'hnsw.ef_search': 1000, 'ivfflat.iterative_scan': 'off'}}",16.14 (Debian 16.14-1.pgdg12+1),0.8.5,>0.25_to_0.50
28,category == 'Laptop' and price < 500,HYBRID,SQL_FIRST,,0.028864,10,247.95525,537.079541,264.316958,1.0,"[103826, 907104, 521880, 423008, 265138, 886127, 703845, 785002, 742810, 66976]","[103826, 907104, 521880, 423008, 265138, 886127, 703845, 785002, 742810, 66976]",True,verified,,"['sift1m_items_category_idx', 'sift1m_items_price_idx']","{'index': 'exact-l2-sequential', 'index_name': None, 'session_settings': {'enable_indexscan': 'off'}}",16.14 (Debian 16.14-1.pgdg12+1),0.8.5,<=0.05
28,category == 'Laptop' and price < 500,HYBRID,VECTOR_FIRST_HNSW,,0.028864,10,94.000708,350.048208,184.411,0.5,"[103826, 907104, 521880, 423008, 265138]","[103826, 907104, 521880, 423008, 265138, 886127, 703845, 785002, 742810, 66976]",True,verified,sift1m_items_embedding_hnsw_l2_idx,"['sift1m_items_embedding_hnsw_l2_idx', 'sift1m_items_pkey']","{'index': 'hnsw', 'index_name': 'sift1m_items_embedding_hnsw_l2_idx', 'candidate_budget': 100, 'session_settings': {'hnsw.ef_search': 100, 'ivfflat.probes': 1000, 'hnsw.iterative_scan': 'strict_order', 'hnsw.max_scan_tuples': 20000}}",16.14 (Debian 16.14-1.pgdg12+1),0.8.5,<=0.05
28,category == 'Laptop' and price < 500,HYBRID,HNSW_HYBRID,,0.028864,10,152.90175,354.7535,173.194416,1.0,"[103826, 907104, 521880, 423008, 265138, 886127, 703845, 785002, 742810, 66976]","[103826, 907104, 521880, 423008, 265138, 886127, 703845, 785002, 742810, 66976]",True,verified,sift1m_items_embedding_hnsw_l2_idx,['sift1m_items_embedding_hnsw_l2_idx'],"{'index': 'hnsw', 'index_name': 'sift1m_items_embedding_hnsw_l2_idx', 'session_settings': {'hnsw.ef_search': 100, 'ivfflat.probes': 1000, 'hnsw.iterative_scan': 'strict_order', 'hnsw.max_scan_tuples': 20000}}",16.14 (Debian 16.14-1.pgdg12+1),0.8.5,<=0.05
28,category == 'Laptop' and price < 500,HYBRID,IVFFLAT_HYBRID,,0.028864,10,40.3815,208.782125,194.696208,0.8,"[907104, 423008, 265138, 886127, 703845, 785002, 742810, 66976, 559780, 791507]","[103826, 907104, 521880, 423008, 265138, 886127, 703845, 785002, 742810, 66976]",True,verified,sift1m_items_embedding_ivfflat_l2_idx,['sift1m_items_embedding_ivfflat_l2_idx'],"{'index': 'ivfflat', 'index_name': 'sift1m_items_embedding_ivfflat_l2_idx', 'session_settings': {'ivfflat.probes': 10, 'hnsw.ef_search': 1000, 'ivfflat.iterative_scan': 'off'}}",16.14 (Debian 16.14-1.pgdg12+1),0.8.5,<=0.05
29,brand == 'Apple' and rating > 4,HYBRID,SQL_FIRST,,0.029805,10,180.431667,368.784917,225.316042,1.0,"[637976, 602775, 770465, 667296, 568015, 102666, 535118, 7766, 963972, 820522]","[637976, 602775, 770465, 667296, 568015, 102666, 535118, 7766, 963972, 820522]",True,verified,,"['sift1m_items_brand_idx', 'sift1m_items_rating_idx']","{'index': 'exact-l2-sequential', 'index_name': None, 'session_settings': {'enable_indexscan': 'off'}}",16.14 (Debian 16.14-1.pgdg12+1),0.8.5,<=0.05
29,brand == 'Apple' and rating > 4,HYBRID,VECTOR_FIRST_HNSW,,0.029805,10,30.379084,189.82575,189.072167,0.1,[637976],"[637976, 602775, 770465, 667296, 568015, 102666, 535118, 7766, 963972, 820522]",True,verified,sift1m_items_embedding_hnsw_l2_idx,"['sift1m_items_embedding_hnsw_l2_idx', 'sift1m_items_pkey']","{'index': 'hnsw', 'index_name': 'sift1m_items_embedding_hnsw_l2_idx', 'candidate_budget': 100, 'session_settings': {'hnsw.ef_search': 100, 'ivfflat.probes': 1000, 'hnsw.iterative_scan': 'strict_order', 'hnsw.max_scan_tuples': 20000}}",16.14 (Debian 16.14-1.pgdg12+1),0.8.5,<=0.05
29,brand == 'Apple' and rating > 4,HYBRID,HNSW_HYBRID,,0.029805,10,59.430791,442.224875,202.02525,1.0,"[637976, 602775, 770465, 667296, 568015, 102666, 535118, 7766, 963972, 820522]","[637976, 602775, 770465, 667296, 568015, 102666, 535118, 7766, 963972, 820522]",True,verified,sift1m_items_embedding_hnsw_l2_idx,['sift1m_items_embedding_hnsw_l2_idx'],"{'index': 'hnsw', 'index_name': 'sift1m_items_embedding_hnsw_l2_idx', 'session_settings': {'hnsw.ef_search': 100, 'ivfflat.probes': 1000, 'hnsw.iterative_scan': 'strict_order', 'hnsw.max_scan_tuples': 20000}}",16.14 (Debian 16.14-1.pgdg12+1),0.8.5,<=0.05
29,brand == 'Apple' and rating > 4,HYBRID,IVFFLAT_HYBRID,,0.029805,10,73.345708,275.647459,169.784792,1.0,"[637976, 602775, 770465, 667296, 568015, 102666, 535118, 7766, 963972, 820522]","[637976, 602775, 770465, 667296, 568015, 102666, 535118, 7766, 963972, 820522]",True,verified,sift1m_items_embedding_ivfflat_l2_idx,['sift1m_items_embedding_ivfflat_l2_idx'],"{'index': 'ivfflat', 'index_name': 'sift1m_items_embedding_ivfflat_l2_idx', 'session_settings': {'ivfflat.probes': 10, 'hnsw.ef_search': 1000, 'ivfflat.iterative_scan': 'off'}}",16.14 (Debian 16.14-1.pgdg12+1),0.8.5,<=0.05
30,category == 'Phone' and stock == True,HYBRID,SQL_FIRST,,0.062437,10,67.793833,121.886292,58.530125,1.0,"[516922, 502151, 823965, 525648, 117162, 285066, 518323, 329033, 719126, 440932]","[516922, 502151, 823965, 525648, 117162, 285066, 518323, 329033, 719126, 440932]",True,verified,,[],"{'index': 'exact-l2-sequential', 'index_name': None, 'session_settings': {'enable_indexscan': 'off'}}",16.14 (Debian 16.14-1.pgdg12+1),0.8.5,>0.05_to_0.10
30,category == 'Phone' and stock == True,HYBRID,VECTOR_FIRST_HNSW,,0.062437,10,157.639875,246.773167,127.57525,0.5,"[516922, 502151, 823965, 525648, 117162]","[516922, 502151, 823965, 525648, 117162, 285066, 518323, 329033, 719126, 440932]",True,verified,sift1m_items_embedding_hnsw_l2_idx,"['sift1m_items_embedding_hnsw_l2_idx', 'sift1m_items_pkey']","{'index': 'hnsw', 'index_name': 'sift1m_items_embedding_hnsw_l2_idx', 'candidate_budget': 100, 'session_settings': {'hnsw.ef_search': 100, 'ivfflat.probes': 1000, 'hnsw.iterative_scan': 'strict_order', 'hnsw.max_scan_tuples': 20000}}",16.14 (Debian 16.14-1.pgdg12+1),0.8.5,>0.05_to_0.10
30,category == 'Phone' and stock == True,HYBRID,HNSW_HYBRID,,0.062437,10,192.040791,349.964791,76.78125,0.9,"[516922, 502151, 823965, 525648, 117162, 518323, 329033, 719126, 440932, 468280]","[516922, 502151, 823965, 525648, 117162, 285066, 518323, 329033, 719126, 440932]",True,verified,sift1m_items_embedding_hnsw_l2_idx,['sift1m_items_embedding_hnsw_l2_idx'],"{'index': 'hnsw', 'index_name': 'sift1m_items_embedding_hnsw_l2_idx', 'session_settings': {'hnsw.ef_search': 100, 'ivfflat.probes': 1000, 'hnsw.iterative_scan': 'strict_order', 'hnsw.max_scan_tuples': 20000}}",16.14 (Debian 16.14-1.pgdg12+1),0.8.5,>0.05_to_0.10
30,category == 'Phone' and stock == True,HYBRID,IVFFLAT_HYBRID,,0.062437,10,28.545292,81.844541,57.288459,0.8,"[516922, 502151, 823965, 285066, 518323, 329033, 719126, 440932, 80078, 403461]","[516922, 502151, 823965, 525648, 117162, 285066, 518323, 329033, 719126, 440932]",True,verified,sift1m_items_embedding_ivfflat_l2_idx,['sift1m_items_embedding_ivfflat_l2_idx'],"{'index': 'ivfflat', 'index_name': 'sift1m_items_embedding_ivfflat_l2_idx', 'session_settings': {'ivfflat.probes': 10, 'hnsw.ef_search': 1000, 'ivfflat.iterative_scan': 'off'}}",16.14 (Debian 16.14-1.pgdg12+1),0.8.5,>0.05_to_0.10
31,category == 'TV' and price < 1000,HYBRID,SQL_FIRST,,0.061215,10,61.427166,310.4165,61.967125,1.0,"[5559, 4995, 401179, 633839, 787668, 323878, 458050, 489718, 697926, 619377]","[5559, 4995, 401179, 633839, 787668, 323878, 458050, 489718, 697926, 619377]",True,verified,,[],"{'index': 'exact-l2-sequential', 'index_name': None, 'session_settings': {'enable_indexscan': 'off'}}",16.14 (Debian 16.14-1.pgdg12+1),0.8.5,>0.05_to_0.10
31,category == 'TV' and price < 1000,HYBRID,VECTOR_FIRST_HNSW,,0.061215,10,153.347417,363.304375,168.358958,0.8,"[5559, 4995, 401179, 633839, 787668, 323878, 458050, 489718]","[5559, 4995, 401179, 633839, 787668, 323878, 458050, 489718, 697926, 619377]",True,verified,sift1m_items_embedding_hnsw_l2_idx,"['sift1m_items_embedding_hnsw_l2_idx', 'sift1m_items_pkey']","{'index': 'hnsw', 'index_name': 'sift1m_items_embedding_hnsw_l2_idx', 'candidate_budget': 100, 'session_settings': {'hnsw.ef_search': 100, 'ivfflat.probes': 1000, 'hnsw.iterative_scan': 'strict_order', 'hnsw.max_scan_tuples': 20000}}",16.14 (Debian 16.14-1.pgdg12+1),0.8.5,>0.05_to_0.10
31,category == 'TV' and price < 1000,HYBRID,HNSW_HYBRID,,0.061215,10,94.002541,328.229666,137.137792,1.0,"[5559, 4995, 401179, 633839, 787668, 323878, 458050, 489718, 697926, 619377]","[5559, 4995, 401179, 633839, 787668, 323878, 458050, 489718, 697926, 619377]",True,verified,sift1m_items_embedding_hnsw_l2_idx,['sift1m_items_embedding_hnsw_l2_idx'],"{'index': 'hnsw', 'index_name': 'sift1m_items_embedding_hnsw_l2_idx', 'session_settings': {'hnsw.ef_search': 100, 'ivfflat.probes': 1000, 'hnsw.iterative_scan': 'strict_order', 'hnsw.max_scan_tuples': 20000}}",16.14 (Debian 16.14-1.pgdg12+1),0.8.5,>0.05_to_0.10
31,category == 'TV' and price < 1000,HYBRID,IVFFLAT_HYBRID,,0.061215,10,27.551334,225.339166,119.623416,0.9,"[5559, 4995, 401179, 633839, 787668, 323878, 458050, 697926, 619377, 573782]","[5559, 4995, 401179, 633839, 787668, 323878, 458050, 489718, 697926, 619377]",True,verified,sift1m_items_embedding_ivfflat_l2_idx,['sift1m_items_embedding_ivfflat_l2_idx'],"{'index': 'ivfflat', 'index_name': 'sift1m_items_embedding_ivfflat_l2_idx', 'session_settings': {'ivfflat.probes': 10, 'hnsw.ef_search': 1000, 'ivfflat.iterative_scan': 'off'}}",16.14 (Debian 16.14-1.pgdg12+1),0.8.5,>0.05_to_0.10
