query_type,query_id,predicate,strategy,rows,selectivity,candidate_budget,latency_ms,strategy_latency_ms,vectors_scanned,matched_rows,recall_at_10,memory_mb,topk,reference_topk
CATEGORY,0,category == 'Speaker',POST,124993,0.124993,197,2803.0191669999995,2404.2954999999997,197,28,1.0,1477.921875,"[708177, 701258, 565419, 236647, 565814, 36267, 886630, 957845, 453447, 923811]","[708177, 701258, 565419, 236647, 565814, 36267, 886630, 957845, 453447, 923811]"
CATEGORY,1,category == 'Watch',POST,124962,0.124962,197,57.798333000000035,2.7237080000004354,197,32,0.9,1489.171875,"[942339, 987636, 202612, 517238, 541805, 974930, 14836, 957556, 956542, 214501]","[942339, 987636, 420802, 202612, 517238, 541805, 974930, 14836, 957556, 956542]"
CATEGORY,2,category == 'TV',POST,125467,0.125467,196,76.98929200000038,2.264541999999814,196,26,1.0,1612.75,"[408462, 406273, 402106, 239766, 401804, 905339, 150588, 716686, 529249, 115312]","[408462, 406273, 402106, 239766, 401804, 905339, 150588, 716686, 529249, 115312]"
CATEGORY,3,category == 'Camera',POST,124977,0.124977,197,47.95733300000027,1.9697499999997703,197,23,1.0,1612.796875,"[889039, 190692, 722075, 546122, 190728, 889916, 886001, 996934, 867686, 855019]","[889039, 190692, 722075, 546122, 190728, 889916, 886001, 996934, 867686, 855019]"
CATEGORY,4,category == 'Monitor',POST,125095,0.125095,197,60.3612499999997,2.6136659999993483,197,26,1.0,1612.90625,"[716433, 112586, 107281, 30116, 101436, 305983, 421011, 201628, 293118, 292815]","[716433, 112586, 107281, 30116, 101436, 305983, 421011, 201628, 293118, 292815]"
CATEGORY,5,category == 'Phone',POST,125051,0.125051,197,51.50741699999983,3.9871670000000137,197,28,1.0,1612.90625,"[943689, 221336, 893231, 426199, 167626, 275329, 464669, 14279, 564657, 599042]","[943689, 221336, 893231, 426199, 167626, 275329, 464669, 14279, 564657, 599042]"
CATEGORY,6,category == 'Tablet',POST,124703,0.124703,198,60.685666999999555,3.6297080000000648,198,25,1.0,1612.90625,"[598221, 842282, 415400, 877113, 839672, 565415, 565610, 170076, 891908, 912216]","[598221, 842282, 415400, 877113, 839672, 565415, 565610, 170076, 891908, 912216]"
CATEGORY,7,category == 'Laptop',POST,124752,0.124752,198,59.080499999999425,2.944124999999964,198,24,1.0,1612.90625,"[207868, 543133, 280624, 258018, 768332, 153004, 472169, 692410, 57655, 53230]","[207868, 543133, 280624, 258018, 768332, 153004, 472169, 692410, 57655, 53230]"
BRAND,8,brand == 'Apple',POST,125152,0.125152,197,48.41862500000005,4.225707999999884,197,24,1.0,1612.90625,"[695175, 285272, 678764, 340986, 967581, 307306, 699682, 376619, 481098, 464793]","[695175, 285272, 678764, 340986, 967581, 307306, 699682, 376619, 481098, 464793]"
BRAND,9,brand == 'Asus',POST,125072,0.125072,197,54.40437500000073,3.3494159999998274,197,32,1.0,1612.90625,"[177646, 292077, 322138, 261319, 151491, 182520, 732351, 521119, 314657, 771950]","[177646, 292077, 322138, 261319, 151491, 182520, 732351, 521119, 314657, 771950]"
BRAND,10,brand == 'Lenovo',POST,125057,0.125057,197,48.95629099999965,4.368834000000099,197,27,0.9,1612.90625,"[297239, 433270, 689997, 169528, 366974, 941307, 827391, 947449, 291507, 465687]","[297239, 433270, 689997, 930391, 169528, 366974, 941307, 827391, 947449, 291507]"
BRAND,11,brand == 'HP',POST,124562,0.124562,198,61.24695799999991,14.530041999999632,198,21,0.9,1612.90625,"[762035, 923824, 814743, 257002, 806212, 390146, 130733, 69850, 852385, 180816]","[762035, 923824, 814743, 257002, 806212, 390146, 130733, 69850, 852385, 413147]"
BRAND,12,brand == 'Sony',POST,125233,0.125233,197,58.491208000000405,10.723500000000108,197,24,1.0,1612.90625,"[390776, 564042, 224306, 216184, 756088, 932968, 957511, 855040, 853890, 842692]","[390776, 564042, 224306, 216184, 756088, 932968, 957511, 855040, 853890, 842692]"
BRAND,13,brand == 'LG',POST,124969,0.124969,197,47.578624999999874,6.733209000000073,197,25,1.0,1612.90625,"[596084, 582149, 481526, 170030, 942769, 942665, 376097, 15015, 918545, 265106]","[596084, 582149, 481526, 170030, 942769, 942665, 376097, 15015, 918545, 265106]"
BRAND,14,brand == 'Samsung',POST,125146,0.125146,197,55.6130829999999,11.389166999999922,197,25,1.0,1612.90625,"[565920, 528271, 649785, 983167, 155663, 289330, 860104, 452493, 501457, 551817]","[565920, 528271, 649785, 983167, 155663, 289330, 860104, 452493, 501457, 551817]"
BRAND,15,brand == 'Dell',POST,124809,0.124809,197,87.08570800000004,7.340166999999731,197,20,0.9,1612.90625,"[918194, 961400, 261934, 57481, 255150, 946854, 124232, 337440, 674773, 502174]","[918194, 961400, 261934, 57481, 781626, 255150, 946854, 124232, 337440, 674773]"
PRICE,16,price < 200,POST,76848,0.076848,320,52.51529100000063,11.56937499999966,320,16,1.0,1612.90625,"[684893, 223703, 967417, 392160, 925011, 869205, 349167, 929950, 682947, 725090]","[684893, 223703, 967417, 392160, 925011, 869205, 349167, 929950, 682947, 725090]"
PRICE,17,price < 500,POST,230466,0.230466,128,132.0982499999994,5.075792000000412,128,28,1.0,1612.90625,"[394163, 117181, 268236, 874263, 17874, 104866, 200755, 265033, 394280, 58507]","[394163, 117181, 268236, 874263, 17874, 104866, 200755, 265033, 394280, 58507]"
PRICE,18,price < 800,POST,385065,0.385065,128,369.7282500000005,5.4357500000001835,128,46,0.8,1612.90625,"[247250, 434884, 170737, 126762, 63379, 864195, 503525, 63762, 154080, 63947]","[247250, 434884, 170737, 466326, 126762, 63379, 864195, 503525, 63762, 840385]"
PRICE,19,price < 1200,POST,589991,0.589991,128,544.162708,13.465124999999745,128,77,1.0,1612.90625,"[272436, 394974, 905999, 629123, 224830, 885665, 840629, 395043, 514347, 563976]","[272436, 394974, 905999, 629123, 224830, 885665, 840629, 395043, 514347, 563976]"
PRICE,20,price < 1600,POST,795149,0.795149,128,968.3037920000004,23.824416999999265,128,102,1.0,1612.90625,"[587404, 666481, 929092, 860624, 481713, 448233, 475757, 359780, 546573, 195737]","[587404, 666481, 929092, 860624, 481713, 448233, 475757, 359780, 546573, 195737]"
RATING,21,rating > 2.5,POST,612283,0.612283,128,859.6937919999998,207.04237499999945,128,81,1.0,1612.90625,"[4490, 214449, 559990, 497354, 337027, 306259, 59773, 365266, 776961, 261517]","[4490, 214449, 559990, 497354, 337027, 306259, 59773, 365266, 776961, 261517]"
RATING,22,rating > 3.0,POST,487262,0.487262,128,1013.3282910000005,251.02916600000037,128,66,1.0,1612.90625,"[31629, 68360, 426465, 558357, 4784, 633279, 536469, 776801, 5408, 94976]","[31629, 68360, 426465, 558357, 4784, 633279, 536469, 776801, 5408, 94976]"
RATING,23,rating > 3.5,POST,362073,0.362073,128,1017.8547499999997,148.3796660000003,128,48,1.0,1612.90625,"[364790, 526788, 219735, 176512, 290169, 122772, 350527, 364660, 902789, 607007]","[364790, 526788, 219735, 176512, 290169, 122772, 350527, 364660, 902789, 607007]"
RATING,24,rating > 4.0,POST,236721,0.236721,128,167.19770800000157,51.08291700000045,128,37,1.0,1612.90625,"[784790, 279489, 4623, 242430, 292781, 188768, 278674, 172451, 515459, 188787]","[784790, 279489, 4623, 242430, 292781, 188768, 278674, 172451, 515459, 188787]"
RATING,25,rating > 4.5,POST,112086,0.112086,220,140.05716700000016,94.29462499999985,220,29,1.0,1612.90625,"[514508, 292181, 474871, 252643, 249846, 465958, 497622, 717049, 684686, 569078]","[514508, 292181, 474871, 252643, 249846, 465958, 497622, 717049, 684686, 569078]"
STOCK,26,stock == True,POST,500146,0.500146,128,393.467832999999,67.79966700000095,128,60,1.0,1612.90625,"[426756, 525190, 910741, 475114, 321539, 515955, 321507, 525650, 514648, 794330]","[426756, 525190, 910741, 475114, 321539, 515955, 321507, 525650, 514648, 794330]"
STOCK,27,stock == False,POST,499854,0.499854,128,143.85024999999985,26.250165999998742,128,66,1.0,1612.90625,"[955277, 363739, 176295, 366495, 58968, 802361, 717049, 364341, 925261, 955312]","[955277, 363739, 176295, 366495, 58968, 802361, 717049, 364341, 925261, 955312]"
HYBRID,28,category == 'Laptop' and price < 500,POST,28864,0.028864,852,134.25499999999957,99.04179199999952,852,27,1.0,1612.90625,"[103826, 907104, 521880, 423008, 265138, 886127, 703845, 785002, 742810, 66976]","[103826, 907104, 521880, 423008, 265138, 886127, 703845, 785002, 742810, 66976]"
HYBRID,29,brand == 'Apple' and rating > 4,POST,29805,0.029805,825,75.56870800000048,44.13941600000015,825,17,1.0,1628.25,"[637976, 602775, 770465, 667296, 568015, 102666, 535118, 7766, 963972, 820522]","[637976, 602775, 770465, 667296, 568015, 102666, 535118, 7766, 963972, 820522]"
HYBRID,30,category == 'Phone' and stock == True,POST,62437,0.062437,394,102.4698750000006,47.734916999999655,394,21,1.0,1628.25,"[516922, 502151, 823965, 525648, 117162, 285066, 518323, 329033, 719126, 440932]","[516922, 502151, 823965, 525648, 117162, 285066, 518323, 329033, 719126, 440932]"
HYBRID,31,category == 'TV' and price < 1000,POST,61215,0.061215,402,185.4029170000011,117.87600000000076,402,24,1.0,1628.25,"[5559, 4995, 401179, 633839, 787668, 323878, 458050, 489718, 697926, 619377]","[5559, 4995, 401179, 633839, 787668, 323878, 458050, 489718, 697926, 619377]"
