bucket,strategy,observations,minimum_recall,recall_fraction_meeting_target,calibrated_median_latency_ms,recall_feasible,reason,bucket_winner
<=0.05,SQL_FIRST,2,1.000000,1.000000,523.074250,True,feasible_but_slower,HNSW_HYBRID
<=0.05,VECTOR_FIRST_HNSW,2,0.100000,0.000000,139.802646,False,rejected_minimum_recall,HNSW_HYBRID
<=0.05,HNSW_HYBRID,2,1.000000,1.000000,263.494438,True,selected,HNSW_HYBRID
<=0.05,IVFFLAT_HYBRID,2,0.800000,0.500000,55.763146,False,rejected_minimum_recall,HNSW_HYBRID
>0.05_to_0.10,SQL_FIRST,3,1.000000,1.000000,330.761417,True,selected,SQL_FIRST
>0.05_to_0.10,VECTOR_FIRST_HNSW,3,0.400000,0.000000,110.510250,False,rejected_minimum_recall,SQL_FIRST
>0.05_to_0.10,HNSW_HYBRID,3,0.900000,0.333333,175.575292,False,rejected_minimum_recall,SQL_FIRST
>0.05_to_0.10,IVFFLAT_HYBRID,3,0.600000,0.000000,27.591875,False,rejected_minimum_recall,SQL_FIRST
>0.10_to_0.25,SQL_FIRST,19,1.000000,1.000000,71.338875,True,selected,SQL_FIRST
>0.10_to_0.25,VECTOR_FIRST_HNSW,19,0.700000,0.631579,128.900958,False,rejected_minimum_recall,SQL_FIRST
>0.10_to_0.25,HNSW_HYBRID,19,0.900000,0.684211,3.834291,False,rejected_minimum_recall,SQL_FIRST
>0.10_to_0.25,IVFFLAT_HYBRID,19,0.400000,0.105263,54.889584,False,rejected_minimum_recall,SQL_FIRST
>0.25_to_0.50,SQL_FIRST,4,1.000000,1.000000,86.927063,True,feasible_but_slower,HNSW_HYBRID
>0.25_to_0.50,VECTOR_FIRST_HNSW,4,1.000000,1.000000,115.334438,True,feasible_but_slower,HNSW_HYBRID
>0.25_to_0.50,HNSW_HYBRID,4,1.000000,1.000000,3.416520,True,selected,HNSW_HYBRID
>0.25_to_0.50,IVFFLAT_HYBRID,4,0.800000,0.250000,51.243375,False,rejected_minimum_recall,HNSW_HYBRID
>0.50,SQL_FIRST,4,1.000000,1.000000,89.710896,True,feasible_but_slower,HNSW_HYBRID
>0.50,VECTOR_FIRST_HNSW,4,1.000000,1.000000,116.010000,True,feasible_but_slower,HNSW_HYBRID
>0.50,HNSW_HYBRID,4,1.000000,1.000000,4.225938,True,selected,HNSW_HYBRID
>0.50,IVFFLAT_HYBRID,4,0.700000,0.500000,50.994271,False,rejected_minimum_recall,HNSW_HYBRID
