strategy,bucket,observation_count,latency_mean_ms,latency_median_ms,conservative_feasibility,recall_mean,recall_minimum,recall_fraction_meeting_target
SQL_FIRST,<=0.05,2,523.07425,523.07425,reliably_feasible,1.0,1.0,1.0
SQL_FIRST,>0.05_to_0.10,3,249.81418066666666,330.761417,reliably_feasible,1.0,1.0,1.0
SQL_FIRST,>0.10_to_0.25,19,84.07732689473684,71.338875,reliably_feasible,1.0,1.0,1.0
SQL_FIRST,>0.25_to_0.50,4,149.30091675,86.927063,reliably_feasible,1.0,1.0,1.0
SQL_FIRST,>0.50,4,112.24341675,89.71089599999999,reliably_feasible,1.0,1.0,1.0
VECTOR_FIRST_HNSW,<=0.05,2,139.80264599999998,139.80264599999998,not_reliably_feasible,0.3,0.1,0.0
VECTOR_FIRST_HNSW,>0.05_to_0.10,3,114.77056933333333,110.51025,not_reliably_feasible,0.5666666666666667,0.4,0.0
VECTOR_FIRST_HNSW,>0.10_to_0.25,19,233.21235515789473,128.900958,not_reliably_feasible,0.9473684210526316,0.7,0.631578947368421
VECTOR_FIRST_HNSW,>0.25_to_0.50,4,110.47816675,115.3344375,reliably_feasible,1.0,1.0,1.0
VECTOR_FIRST_HNSW,>0.50,4,130.21870825,116.00999999999999,reliably_feasible,1.0,1.0,1.0
HNSW_HYBRID,<=0.05,2,263.4944375,263.4944375,reliably_feasible,1.0,1.0,1.0
HNSW_HYBRID,>0.05_to_0.10,3,153.01762499999998,175.575292,not_reliably_feasible,0.9333333333333333,0.9,0.3333333333333333
HNSW_HYBRID,>0.10_to_0.25,19,19.32559642105263,3.834291,not_reliably_feasible,0.968421052631579,0.9,0.6842105263157895
HNSW_HYBRID,>0.25_to_0.50,4,3.80402075,3.4165205,reliably_feasible,1.0,1.0,1.0
HNSW_HYBRID,>0.50,4,5.0528855,4.225937500000001,reliably_feasible,1.0,1.0,1.0
IVFFLAT_HYBRID,<=0.05,2,55.7631455,55.7631455,not_reliably_feasible,0.9,0.8,0.5
IVFFLAT_HYBRID,>0.05_to_0.10,3,34.449153,27.591875,not_reliably_feasible,0.7666666666666667,0.6,0.0
IVFFLAT_HYBRID,>0.10_to_0.25,19,64.15614257894737,54.889584,not_reliably_feasible,0.768421052631579,0.4,0.10526315789473684
IVFFLAT_HYBRID,>0.25_to_0.50,4,49.873656249999996,51.243375,not_reliably_feasible,0.9,0.8,0.25
IVFFLAT_HYBRID,>0.50,4,62.6613125,50.994271,not_reliably_feasible,0.875,0.7,0.5
